time/time_elapsed,time/iterations,rollout/ep_rew_mean,rollout/ep_len_mean,time/total_timesteps,time/fps,train/policy_gradient_loss,train/clip_fraction,train/clip_range,train/n_updates,train/loss,train/value_loss,train/learning_rate,train/approx_kl,train/entropy_loss,train/explained_variance
20,1,1506.3713,357.26666666666665,122880,5883,,,,,,,,,,
222,2,1524.356,365.2,245760,1105,-0.0003459282975139407,0.35040445963541667,0.2,5610,0.43878912925720215,0.9063113829208305,0.0002,0.1471922,-1.0698538175101082,-0.09745824337005615
421,3,1554.6083,383.26666666666665,368640,874,-0.0012982085647793914,0.3482999674479167,0.2,5620,-0.025802651420235634,0.08228130350085848,0.0002,0.1385239,-1.0693025759824861,0.6153919100761414
620,4,1706.9255,406.46666666666664,491520,792,-0.0005873268788733791,0.35274820963541664,0.2,5630,0.01424899697303772,0.29474394712223634,0.0002,0.15907484,-1.0784773482661694,-0.13353991508483887
822,5,1617.9551,388.0,614400,746,-0.0041584558137401475,0.35292643229166665,0.2,5640,0.02384566143155098,0.07226133704721481,0.0002,0.14462319,-1.0887071998758862,0.8268665969371796
1024,6,1571.3625,385.4,737280,719,-0.004017154802313599,0.35660481770833335,0.2,5650,0.07865539193153381,0.04236923532885461,0.0002,0.14873679,-1.095359543968613,0.8770759105682373
1229,7,1530.7659,378.2,860160,699,-0.00269308771172291,0.3586043294270833,0.2,5660,0.07544680684804916,0.04709563753238399,0.0002,0.15667495,-1.0883605883580942,0.8411283642053604
1431,8,1258.6376,310.2,983040,686,-0.0005496715498156846,0.3654630533854167,0.2,5670,0.015978004783391953,0.059160032667102014,0.0002,0.15203689,-1.086820036880672,0.8330948650836945
1637,9,1753.8667,413.73333333333335,1105920,675,-0.0033349570546821875,0.3743595377604167,0.2,5680,-0.016932040452957153,0.04955174126954868,0.0002,0.15653588,-1.1060865557255843,0.9045146405696869
1845,10,1642.4,392.6,1228800,665,-0.0006488306964183721,0.37164388020833333,0.2,5690,0.026509203016757965,0.06313117036583814,0.0002,0.15901361,-1.0961701487501463,0.6635453701019287
2052,11,1574.7491,374.3333333333333,1351680,658,-0.00400643241800329,0.3738094075520833,0.2,5700,-0.033567875623703,0.02826758322186227,0.0002,0.15349051,-1.1149375632156928,0.9065037295222282
2256,12,1609.7894,399.93333333333334,1474560,653,-0.00326220627466076,0.36733642578125,0.2,5710,-0.03589426726102829,0.0313449247892883,0.0002,0.15222715,-1.1412894043481598,0.9081779569387436
2458,13,1599.3717,404.93333333333334,1597440,649,-0.0031710981351382845,0.37132161458333335,0.2,5720,0.012764234095811844,0.03837819010971846,0.0002,0.15480341,-1.1201896330248564,0.8547583371400833
2663,14,1743.2583,419.93333333333334,1720320,645,-0.0035577240291271056,0.3706306966145833,0.2,5730,-0.018167925998568535,0.03547007771667571,0.0002,0.15909012,-1.1353752958215773,0.8994452506303787
2867,15,1615.5388,409.93333333333334,1843200,642,-0.0028722325512004925,0.3713834635416667,0.2,5740,-0.01854637637734413,0.03130156648363027,0.0002,0.15888469,-1.1138186767728377,0.8837228044867516
3070,16,1477.2045,361.06666666666666,1966080,640,-0.002138058485725196,0.365048828125,0.2,5750,0.007908797822892666,0.035520613881243814,0.0002,0.14445344,-1.1240016371229042,0.849108561873436
3278,17,1854.6425,444.73333333333335,2088960,637,-0.002860930562192152,0.36832275390625,0.2,5760,-0.03418098762631416,0.03168524052979289,0.0002,0.15941903,-1.1565666030533612,0.9198620691895485
3514,18,1575.4186,387.8,2211840,629,-0.002456980350449764,0.3683089192708333,0.2,5770,-0.019679570570588112,0.030710232913744827,0.0002,0.15151924,-1.1349777400524665,0.8878404647111893
3718,19,1567.3595,381.06666666666666,2334720,627,0.00034208636339068713,0.36670084635416667,0.2,5780,0.02591945044696331,0.04960257290259809,0.0002,0.1540452,-1.1369262526960422,0.7838335484266281
3925,20,1624.3105,401.6666666666667,2457600,626,-0.002550539206722533,0.36893147786458336,0.2,5790,0.0022547035478055477,0.03847855140247399,0.0002,0.15657473,-1.1081690391246228,0.8961126729846001
4131,21,1441.0698,373.26666666666665,2580480,624,-0.002524325715124481,0.3641788736979167,0.2,5800,0.010826838202774525,0.04545567827676981,0.0002,0.15767165,-1.1105853223924835,0.8828444108366966
4335,22,1375.272,341.2,2703360,623,-0.0024112808163135923,0.36810546875,0.2,5810,-0.0019404550548642874,0.042896485525119106,0.0002,0.1595253,-1.1308362561526397,0.899861142039299
4538,23,1366.3004,340.8666666666667,2826240,622,-0.003317795897273754,0.36783528645833335,0.2,5820,-0.03565063327550888,0.053042294647375456,0.0002,0.15336062,-1.1435640301431218,0.899112693965435
4749,24,1464.282,372.6666666666667,2949120,620,-0.002744645020017439,0.36925048828125,0.2,5830,0.0010516010224819183,0.04670087434963231,0.0002,0.1553629,-1.1627217833387355,0.8876982554793358
4955,25,1441.949,366.3333333333333,3072000,619,-0.0029545896356588247,0.3665266927083333,0.2,5840,0.06734330207109451,0.04119975465430798,0.0002,0.15384811,-1.1587381729328383,0.8887731432914734
5160,26,1492.594,375.6666666666667,3194880,619,-0.00359722381300647,0.3643668619791667,0.2,5850,0.01707465574145317,0.05498033800872994,0.0002,0.15432145,-1.134795481407394,0.8969933092594147
5365,27,1394.8075,350.46666666666664,3317760,618,-0.003492083536933327,0.3637337239583333,0.2,5860,0.01273092906922102,0.03432677984258589,0.0002,0.15141033,-1.1505553709094722,0.9213748127222061
5570,28,1518.0262,383.26666666666665,3440640,617,-0.003595922906749062,0.36584798177083333,0.2,5870,-0.03512172773480415,0.06030600931994438,0.0002,0.15665244,-1.1335677519161254,0.9008595943450928
5775,29,1628.5599,406.6666666666667,3563520,616,-0.0032382352240438194,0.36914225260416667,0.2,5880,0.02126510813832283,0.03910730007522792,0.0002,0.16011886,-1.1417714934516698,0.8743015378713608
5989,30,1417.4323,370.3333333333333,3686400,615,-0.003622177166759381,0.3641463216145833,0.2,5890,-0.024917636066675186,0.05094519894125369,0.0002,0.17212881,-1.1392233337275683,0.876956433057785
6214,31,1381.4362,385.6,3809280,612,-0.004637131388417402,0.3638126627604167,0.2,5900,0.021605348214507103,0.043048210022637555,0.0002,0.15048252,-1.1468635087429235,0.908734418451786
6420,32,1400.1255,355.1333333333333,3932160,612,-0.0020643573134293547,0.36065266927083334,0.2,5910,-0.00954805314540863,0.05084409157528019,0.0002,0.15141188,-1.1354657341788212,0.9006391391158104
6624,33,1497.4779,362.93333333333334,4055040,612,-0.004478174254290934,0.3619205729166667,0.2,5920,-0.028106659650802612,0.040435766604802366,0.0002,0.14714362,-1.144002166185528,0.9300519302487373
6828,34,1563.7291,394.0,4177920,611,-0.004349063962146526,0.3599267578125,0.2,5930,-0.009682354517281055,0.02732805135701407,0.0002,0.1481769,-1.133533851162841,0.928750641644001
7031,35,1445.1478,356.26666666666665,4300800,611,-0.0049768831695928386,0.35760498046875,0.2,5940,-0.02805335819721222,0.03365260073073538,0.0002,0.1485268,-1.1395182120768974,0.933072566986084
7236,36,1305.9019,350.6,4423680,611,-0.004004121625900249,0.36169840494791666,0.2,5950,0.010179925709962845,0.04457982131878756,0.0002,0.1439177,-1.1419973408865431,0.9048166871070862
7455,37,1279.9766,326.1333333333333,4546560,609,-0.0041800543254764,0.3517838541666667,0.2,5960,-0.0024361014366149902,0.03688332459541319,0.0002,0.13956963,-1.1869084802238892,0.935834527015686
7659,38,1256.5697,334.3333333333333,4669440,609,-0.0039747555209548105,0.36144368489583334,0.2,5970,-0.031546249985694885,0.03944507119677837,0.0002,0.1436647,-1.1765300072077662,0.9200933575630188
7863,39,1387.6587,365.26666666666665,4792320,609,-0.00392866100913731,0.36280680338541665,0.2,5980,0.06875504553318024,0.034029973254637295,0.0002,0.13943247,-1.166601124011601,0.9198305532336235
8066,40,1471.1686,388.26666666666665,4915200,609,-0.004055166182012423,0.35540445963541667,0.2,5990,-0.027565455064177513,0.035988259360028675,0.0002,0.14044824,-1.1812559098595132,0.9152995720505714
8293,41,1477.0161,370.3333333333333,5038080,607,-0.004264987398149363,0.35604654947916664,0.2,6000,-0.0077912043780088425,0.03133607862265308,0.0002,0.14180692,-1.1716286381675551,0.9109180197119713
8496,42,1477.9286,390.8666666666667,5160960,607,-0.004037892760261457,0.3554296875,0.2,6010,-0.018798207864165306,0.025632715492035156,0.0002,0.14351924,-1.165468999327471,0.9186724126338959
8700,43,1460.3464,378.3333333333333,5283840,607,-0.003495286059708936,0.3558048502604167,0.2,6020,-0.0054263826459646225,0.04774132058077763,0.0002,0.14358214,-1.1265878035345425,0.8676263839006424
8902,44,1331.3105,346.06666666666666,5406720,607,-0.0027635213459082783,0.3528955078125,0.2,6030,0.0542127750813961,0.08958769038751598,0.0002,0.14495312,-1.1396341354648272,0.7050069272518158
9100,45,1265.8625,369.6666666666667,5529600,607,-0.003685193976568068,0.3500634765625,0.2,6040,-0.0341411754488945,0.03181307631760622,0.0002,0.13934943,-1.1432404245436192,0.8830641210079193
9300,46,1187.9473,314.4,5652480,607,-0.0022160170005524073,0.3477579752604167,0.2,6050,-0.004495325963944197,0.06673754082889445,0.0002,0.14054357,-1.160151682936897,0.854058176279068
9498,47,1450.9955,396.3333333333333,5775360,607,-0.003309389927232284,0.34539632161458333,0.2,6060,0.016201302409172058,0.028981930804596535,0.0002,0.13833618,-1.1750645703698197,0.9089065492153168
9704,48,1373.1241,368.46666666666664,5898240,607,-0.00353047424824581,0.3506884765625,0.2,6070,0.014886818826198578,0.053274780332722003,0.0002,0.1510191,-1.1666287228899697,0.8809649273753166
9902,49,1532.8934,416.8666666666667,6021120,608,-0.0036792432838471238,0.35466389973958334,0.2,6080,-0.010006934404373169,0.07747661347747453,0.0002,0.148972,-1.1427076741401105,0.9044991433620453
10102,50,1247.4958,349.4,6144000,608,-0.0028597220850285036,0.3453548177083333,0.2,6090,0.01024230569601059,0.048231520460867615,0.0002,0.14280424,-1.1707145707868039,0.9167552888393402
10302,51,1364.9651,355.3333333333333,6266880,608,-0.004074184136024997,0.34976888020833335,0.2,6100,0.08528595417737961,0.03357257158731348,0.0002,0.14058806,-1.168931352145349,0.9337390437722206
10502,52,1494.9961,425.93333333333334,6389760,608,-0.0036924903901854123,0.3533634440104167,0.2,6110,-0.021812163293361664,0.03756662112736194,0.0002,0.14859088,-1.1438491361184666,0.8857712894678116
10704,53,1351.8356,363.93333333333334,6512640,608,-0.002509202191473984,0.3490730794270833,0.2,6120,0.02321692183613777,0.0405866769307886,0.0002,0.1396966,-1.1751086703905216,0.9172860011458397
10904,54,1283.4744,352.46666666666664,6635520,608,-0.004332417770974643,0.34880208333333335,0.2,6130,0.04367361590266228,0.040141989975300024,0.0002,0.13908237,-1.182356825551639,0.8902639076113701
11104,55,1417.8323,384.06666666666666,6758400,608,-0.0028880278466961802,0.34490397135416667,0.2,6140,-0.013251138851046562,0.2632285745483326,0.0002,0.1357166,-1.165709175573041,0.8036240190267563
11303,56,1321.6183,384.0,6881280,608,-0.003377148304110354,0.34562744140625,0.2,6150,-0.030712846666574478,0.038228431562492914,0.0002,0.14217357,-1.171322427522391,0.8945345133543015
11505,57,1191.128,326.0,7004160,608,-0.004119843038682423,0.3409765625,0.2,6160,0.055497560650110245,0.047766284714131566,0.0002,0.13696486,-1.1642574941925705,0.8806373253464699
11707,58,1303.5906,390.8666666666667,7127040,608,-0.0035415726710592327,0.34661783854166667,0.2,6170,-0.0023388247936964035,0.039473719114518344,0.0002,0.14248307,-1.1488472379899273,0.875848762691021
11909,59,1207.7748,374.6,7249920,608,-0.0040711523383621774,0.3418684895833333,0.2,6180,-0.0022434471175074577,0.048416576781273764,0.0002,0.13857482,-1.1645884732560565,0.921758346259594
12125,60,1153.0995,321.4,7372800,608,-0.002402421125004063,0.34357096354166666,0.2,6190,-0.011598793789744377,0.042516986568301336,0.0002,0.14571969,-1.180351983482639,0.8796836659312248
12326,61,1457.7174,387.46666666666664,7495680,608,-0.004342653877314054,0.34903564453125,0.2,6200,0.0056501757353544235,0.04086282809653918,0.0002,0.14401725,-1.1915380272362381,0.8923313841223717
12529,62,1240.1213,367.46666666666664,7618560,608,-0.002851149628644028,0.3439200846354167,0.2,6210,0.0022332128137350082,0.03422079489559716,0.0002,0.14341927,-1.1528489695799848,0.900695763528347
12729,63,1304.4185,372.53333333333336,7741440,608,-0.0035731171244060534,0.34394938151041665,0.2,6220,-0.030362950637936592,0.05096141221139381,0.0002,0.14702195,-1.180225301121051,0.8948908224701881
12933,64,1280.7238,367.26666666666665,7864320,608,-0.002867692397154921,0.3409293619791667,0.2,6230,-0.02384844422340393,0.040053095862000794,0.0002,0.13944122,-1.178426664120828,0.9059546515345573
13133,65,1232.5552,356.1333333333333,7987200,608,-0.0031690477219520593,0.34044026692708335,0.2,6240,-0.004959455691277981,0.05643598279126915,0.0002,0.1369215,-1.1940777826029807,0.8939991071820259
13334,66,1416.0776,410.46666666666664,8110080,608,-0.0029853620912717815,0.34700439453125,0.2,6250,0.06501556932926178,0.046955203563390266,0.0002,0.13964468,-1.1475773086057355,0.8690378218889236
13534,67,1282.7574,368.73333333333335,8232960,608,-0.003218224202419151,0.33929606119791667,0.2,6260,-0.009313124231994152,0.045457694548764874,0.0002,0.13915415,-1.1790942902180055,0.8898572027683258
13741,68,1303.9773,358.93333333333334,8355840,608,-0.0028158920622505927,0.340537109375,0.2,6270,-0.012911578640341759,0.045394757055064475,0.0002,0.13500871,-1.156247970800226,0.8819914236664772
13941,69,1086.9358,322.1333333333333,8478720,608,-0.0020118565112140154,0.3412931315104167,0.2,6280,-0.01837415248155594,0.045184790166304084,0.0002,0.13543853,-1.1532358904369175,0.904999390244484
14151,70,1547.152,446.06666666666666,8601600,607,-0.0032666588744602147,0.34612060546875,0.2,6290,0.039475999772548676,0.045994867354935805,0.0002,0.14235549,-1.1461738961221029,0.8821309208869934
14353,71,1351.2284,361.53333333333336,8724480,607,-0.0028531995011947704,0.33965169270833334,0.2,6300,-0.00044546276330947876,0.051183007752448856,0.0002,0.14093973,-1.146674293388302,0.887132316827774
14553,72,1308.6213,372.46666666666664,8847360,607,-0.0020585672842056133,0.33650553385416665,0.2,6310,-0.025084976106882095,0.041342415449022764,0.0002,0.13607328,-1.1320980800967664,0.8573496341705322
14753,73,1061.1217,318.53333333333336,8970240,608,-0.003825877147993803,0.33809000651041665,0.2,6320,0.010697342455387115,0.05766395503756636,0.0002,0.13705495,-1.153337985801821,0.8148962706327438
14952,74,1096.8293,343.53333333333336,9093120,608,-0.003584816075778387,0.33453938802083333,0.2,6330,0.01752307638525963,0.04606403436517212,0.0002,0.12674052,-1.1690501978900283,0.8498585671186447
15152,75,1109.8042,308.06666666666666,9216000,608,-0.0032324979625551957,0.33397867838541667,0.2,6340,-0.020613262429833412,0.04665331841699299,0.0002,0.13132331,-1.156559580291311,0.8660929054021835
15350,76,1050.5509,331.2,9338880,608,-0.005378696906397333,0.3373209635416667,0.2,6350,-0.006909681484103203,0.041757730430678444,0.0002,0.13642725,-1.1484248258328686,0.8600694537162781
15550,77,1244.7668,370.6,9461760,608,-0.002263110199874063,0.33261474609375,0.2,6360,-0.012863815762102604,0.042409480186197474,0.0002,0.13587865,-1.1619066041490684,0.8975772485136986
15750,78,1224.3995,357.3333333333333,9584640,608,-0.0020463508641720787,0.33490478515625,0.2,6370,-0.0001669286866672337,0.05028021763565448,0.0002,0.13003872,-1.140958709338059,0.8274504393339157
15950,79,1434.3259,423.73333333333335,9707520,608,-0.0025596003262156348,0.3366398111979167,0.2,6380,0.004856893792748451,0.046984401700935145,0.0002,0.13226022,-1.1246356066005925,0.9014675691723824
16151,80,1204.8381,332.1333333333333,9830400,608,-0.003270845055709894,0.3331022135416667,0.2,6390,-0.027759723365306854,0.03393796629487042,0.0002,0.12687393,-1.139157626979674,0.8970733359456062
16352,81,1259.2007,404.46666666666664,9953280,608,-0.0024482738471003056,0.32817220052083335,0.2,6400,-0.020802482962608337,0.041602364799790244,0.0002,0.13151023,-1.157080756102999,0.8793108016252518
16554,82,1044.8881,347.26666666666665,10076160,608,-0.003521150394869134,0.3277229817708333,0.2,6410,0.013585283420979977,0.04930780320954909,0.0002,0.12862484,-1.1597292643909654,0.8645597547292709
16754,83,1234.9667,364.93333333333334,10199040,608,-0.003708069085984486,0.3227132161458333,0.2,6420,-0.008045890368521214,0.04320371547759047,0.0002,0.12476912,-1.1772150931383172,0.8700752705335617
16952,84,1326.8792,389.73333333333335,10321920,608,-0.0015421123837374277,0.3282194010416667,0.2,6430,0.0008432301692664623,0.0468758285950283,0.0002,0.13226108,-1.1478510210725168,0.8847315385937691
17152,85,1203.2001,394.3333333333333,10444800,608,-0.0039354527839471605,0.33030110677083335,0.2,6440,-0.035123612731695175,0.04739615731007689,0.0002,0.1307057,-1.1535012988032152,0.8760581314563751
17350,86,1246.0214,358.4,10567680,609,-0.00266253632330366,0.32250244140625,0.2,6450,0.0303314421325922,0.05100231382449541,0.0002,0.12889479,-1.170945161289225,0.8503943383693695
17549,87,1233.4009,384.4,10690560,609,-0.0036856071118472754,0.3331884765625,0.2,6460,-0.028295405209064484,0.05240032426581517,0.0002,0.13472162,-1.159413578581686,0.8841386586427689
17759,88,1281.2528,417.53333333333336,10813440,608,-0.0042931115203282385,0.32602864583333335,0.2,6470,-0.02725117653608322,0.04480223253766174,0.0002,0.13305148,-1.1597193356944868,0.877617135643959
17957,89,1485.1505,450.0,10936320,609,-0.0032412463497242545,0.32427815755208333,0.2,6480,-0.011311342939734459,0.03957266638462291,0.0002,0.13330513,-1.1691159253008663,0.8540515601634979
18158,90,979.91833,279.8666666666667,11059200,609,-0.0037252183722739575,0.32777099609375,0.2,6490,-0.02050936035811901,0.02783954833692102,0.0002,0.1287107,-1.13478362060152,0.8692815005779266
18358,91,1267.5457,393.4,11182080,609,-0.0030648479367800974,0.32523681640625,0.2,6500,-0.00911281630396843,0.03969557075849176,0.0002,0.12560672,-1.1623836465304096,0.8835831433534622
18557,92,1406.5233,420.73333333333335,11304960,609,-0.0040089949947468995,0.31355143229166665,0.2,6510,-0.00648261234164238,0.03767549160102286,0.0002,0.116585426,-1.2016974303529908,0.9025908410549164
18758,93,1405.1941,396.53333333333336,11427840,609,-0.004107751702902836,0.3271728515625,0.2,6520,-0.019558347761631012,0.04620816238720181,0.0002,0.12693465,-1.1559561947453767,0.8707858771085739
18961,94,1403.9812,406.46666666666664,11550720,609,-0.004065521993890494,0.322314453125,0.2,6530,-0.0016885539516806602,0.0416518267314738,0.0002,0.12305668,-1.1669589717096338,0.873495951294899
19161,95,1107.3743,381.4,11673600,609,-0.0036898880787278663,0.31613850911458335,0.2,6540,-0.03190673515200615,0.03442407577129264,0.0002,0.12320427,-1.182684324995304,0.8609316945075989
19362,96,1334.933,408.3333333333333,11796480,609,-0.0019610239361554705,0.32266682942708336,0.2,6550,0.016256432980298996,0.04022955936220114,0.0002,0.123103075,-1.1577095780490587,0.8715238273143768
19561,97,1196.139,348.4,11919360,609,-0.0033743990084182467,0.3241650390625,0.2,6560,-0.01841765083372593,0.04293165972990664,0.0002,0.12932591,-1.1623774132567148,0.8638564646244049
19761,98,1088.2262,338.46666666666664,12042240,609,-0.003643092566053383,0.3179931640625,0.2,6570,-0.024613335728645325,0.057313400554618664,0.0002,0.12767722,-1.1911634640675037,0.8396691828966141
19962,99,1263.992,392.73333333333335,12165120,609,-0.003005436910698336,0.3154988606770833,0.2,6580,-0.0024065100587904453,0.0410849308095006,0.0002,0.12622817,-1.1896152414847165,0.8497534394264221
20163,100,1131.0906,382.53333333333336,12288000,609,-0.0035921860766120516,0.31753987630208336,0.2,6590,-0.0006230957806110382,0.024026696178101097,0.0002,0.11962606,-1.1767099341222396,0.8811761811375618
20365,101,1221.4464,366.93333333333334,12410880,609,-0.0037481942206795795,0.3094986979166667,0.2,6600,-0.028368422761559486,0.03542491447528846,0.0002,0.11834599,-1.1834324447655429,0.874060794711113
20565,102,1311.4329,421.1333333333333,12533760,609,-0.003829257599427365,0.3118587239583333,0.2,6610,-0.022311527281999588,0.03387670797041513,0.0002,0.12027736,-1.1739871799945831,0.8963577523827553
20766,103,1162.5349,372.0,12656640,609,-0.003295344954937415,0.31436767578125,0.2,6620,0.00757554778829217,0.03065119439026906,0.0002,0.11329872,-1.1666670220531523,0.8823955804109573
20965,104,1073.7097,348.0,12779520,609,-0.0036309385219131705,0.30781656901041665,0.2,6630,-0.007441840134561062,0.045653022853777356,0.0002,0.11491874,-1.1783094526237499,0.8624383360147476
21166,105,985.3103,327.8666666666667,12902400,609,-0.0030664053712340924,0.3124471028645833,0.2,6640,-0.0017762936186045408,0.041563611662266645,0.0002,0.119323835,-1.1834616667839388,0.8775167316198349
21366,106,1336.6873,430.53333333333336,13025280,609,-0.0027672445700788256,0.30657552083333334,0.2,6650,0.01948007196187973,0.05179521054729397,0.0002,0.11578258,-1.1618824262637646,0.8619456887245178
21566,107,1395.7833,438.53333333333336,13148160,609,-0.0030583498108444473,0.31175130208333335,0.2,6660,-0.004094047471880913,0.03710188962221006,0.0002,0.12203549,-1.1573823086855313,0.8553865849971771
21767,108,1337.078,432.46666666666664,13271040,609,-0.002332010234531481,0.307099609375,0.2,6670,0.019309308379888535,0.031079551202700107,0.0002,0.11835139,-1.1401858356874437,0.8766355067491531
21969,109,1258.6616,389.73333333333335,13393920,609,-0.003054398607511454,0.3126025390625,0.2,6680,0.008174382150173187,0.05053847818331936,0.0002,0.13548109,-1.1339029114196697,0.8653587102890015
22183,110,1336.2949,411.53333333333336,13516800,609,-0.0024542625927036475,0.30724772135416667,0.2,6690,-0.030729034915566444,0.04523660099403969,0.0002,0.12408272,-1.133198328098903,0.8586698025465012
22384,111,1101.61,341.26666666666665,13639680,609,-0.002449525687103839,0.31012369791666666,0.2,6700,0.011310452595353127,0.058943207567902695,0.0002,0.12053509,-1.1152180799469351,0.8330731689929962
22585,112,1229.0905,396.0,13762560,609,-0.0045082642579442715,0.30755452473958333,0.2,6710,-0.023844238370656967,0.04009960064856841,0.0002,0.1211723,-1.0855693032871931,0.8915759399533272
22794,113,1343.5171,420.06666666666666,13885440,609,-0.0030060455271723185,0.3088330078125,0.2,6720,-0.009277145378291607,0.04040394345956581,0.0002,0.12455886,-1.0795111315728476,0.8577178418636322
22995,114,1182.5475,393.73333333333335,14008320,609,-0.003532890526933746,0.30965494791666665,0.2,6730,0.0008829301223158836,0.049086058233964044,0.0002,0.12654679,-1.0881068871822208,0.8657511621713638
23197,115,1196.4382,375.3333333333333,14131200,609,-0.0013538334682956096,0.30004638671875,0.2,6740,-0.009584877640008926,0.037603977152386205,0.0002,0.12109653,-1.0951231371859709,0.8616146296262741
23399,116,1260.2001,422.26666666666665,14254080,609,-0.003027525841307579,0.3025236002604167,0.2,6750,-0.03710803762078285,0.03827484027213207,0.0002,0.11906045,-1.085620412705466,0.8750750720500946
23601,117,1018.7484,335.8666666666667,14376960,609,-0.003827469257175835,0.3081559244791667,0.2,6760,0.09971822798252106,0.03793291807212654,0.0002,0.124137774,-1.085197785415997,0.8711577951908112
23803,118,1025.4286,344.93333333333334,14499840,609,-0.0028697084880392747,0.3033748372395833,0.2,6770,-0.016599856317043304,0.039117124431694114,0.0002,0.124764904,-1.0650468804656217,0.83338563144207
24005,119,1034.9534,350.46666666666664,14622720,609,-0.003611660481231714,0.29892659505208335,0.2,6780,0.004521421156823635,0.03574030388588805,0.0002,0.120723896,-1.075275557783122,0.869642585515976
24206,120,1182.3881,362.4,14745600,609,-0.0028987555281097836,0.30338704427083335,0.2,6790,-0.007105221506208181,0.037770280395238845,0.0002,0.120585635,-1.087733567605416,0.8971332460641861
24406,121,943.5632,371.2,14868480,609,-0.0019502806143069998,0.29305582682291664,0.2,6800,-0.010747873224318027,0.03170844242583068,0.0002,0.11384257,-1.1013142172402393,0.8670848309993744
24609,122,1171.4236,380.2,14991360,609,-0.0029373218289917226,0.29185872395833334,0.2,6810,-0.007944999262690544,0.029687613590507075,0.0002,0.119982876,-1.090852204238375,0.8707415014505386
24819,123,1079.3788,398.4,15114240,608,-0.002821949465924263,0.2976953125,0.2,6820,-0.0307950247079134,0.04067689308190514,0.0002,0.11731605,-1.0618377208740761,0.7493665218353271
25021,124,1184.524,396.6666666666667,15237120,608,-0.0032603219446734025,0.291484375,0.2,6830,-0.030845127999782562,0.020637272994885433,0.0002,0.107148774,-1.06043745589753,0.9015219360589981
25221,125,1343.6255,413.06666666666666,15360000,609,-0.004043174178401993,0.29248616536458333,0.2,6840,-0.03623002767562866,0.031155966744143674,0.0002,0.11352318,-1.0785440205068637,0.8871920555830002
25422,126,967.3271,314.46666666666664,15482880,609,-0.0038455213591866294,0.29680989583333334,0.2,6850,-0.000181480310857296,0.026947343731471847,0.0002,0.10850891,-1.0571914956221977,0.8966327235102654
25624,127,1150.6178,373.93333333333334,15605760,609,-0.0031017269634147247,0.30137532552083335,0.2,6860,-0.019438287243247032,0.05299541141328215,0.0002,0.11565594,-1.0482121981835613,0.8559507578611374
25827,128,1281.3672,402.4,15728640,608,-0.002485060722868487,0.29435546875,0.2,6870,0.10817302763462067,0.03356198724321985,0.0002,0.11388566,-1.0551719014998526,0.9084353893995285
26028,129,1231.1145,393.46666666666664,15851520,609,-0.003645178630507265,0.2905859375,0.2,6880,-0.011065234430134296,0.043273066698024346,0.0002,0.11948671,-1.0467395566528042,0.8116354197263718
26236,130,1160.1573,399.2,15974400,608,-0.0032558839395596807,0.28954915364583333,0.2,6890,0.011782772839069366,0.03759905450388336,0.0002,0.109685704,-1.0526450797822327,0.8904707804322243
26439,131,1311.4194,421.26666666666665,16097280,608,-0.0032093528257360047,0.27965657552083334,0.2,6900,-0.020627375692129135,0.04055091516210874,0.0002,0.1073231,-1.081327915492778,0.8500450104475021
26642,132,1287.0726,411.0,16220160,608,-0.003694689238968749,0.28630859375,0.2,6910,-0.020741021260619164,0.019521492150647267,0.0002,0.10515038,-1.0661855577956885,0.8376261293888092
26844,133,1016.43915,338.53333333333336,16343040,608,-0.0036598007710184296,0.28307373046875,0.2,6920,-0.014097179286181927,0.03927338778333402,0.0002,0.11100796,-1.0678514780507733,0.8747889995574951
27046,134,1018.3193,365.3333333333333,16465920,608,-0.003283918184524737,0.2890779622395833,0.2,6930,-0.0032215616665780544,0.14558050118026813,0.0002,0.112205714,-1.0626258642257502,0.7961542457342148
27250,135,835.6,314.4,16588800,608,-0.0026465091538026776,0.2831697591145833,0.2,6940,0.0021015573292970657,0.03542270935720505,0.0002,0.10791359,-1.0549282555033763,0.8835922256112099
27456,136,1061.5793,395.4,16711680,608,-0.0037384962343397395,0.2884830729166667,0.2,6950,0.031579889357089996,0.03422603780136342,0.0002,0.108891465,-1.040168917576472,0.911268875002861
27659,137,1263.0338,399.06666666666666,16834560,608,-0.002501772493263464,0.2834855143229167,0.2,6960,-0.006238180678337812,0.02826864840626513,0.0002,0.10852334,-1.054431759407744,0.8546033054590225
27873,138,990.7148,326.6666666666667,16957440,608,-0.0027084926277560345,0.28844889322916667,0.2,6970,-0.0014005168341100216,0.02968246986125602,0.0002,0.11251283,-1.0454321024722109,0.8139769434928894
28075,139,1136.004,402.93333333333334,17080320,608,-0.003607885628856214,0.29111409505208335,0.2,6980,0.0077625904232263565,0.04297084309973191,0.0002,0.11199971,-1.04329359014829,0.8879807740449905
28278,140,1181.5823,406.0,17203200,608,-0.0027713940231039185,0.28272135416666666,0.2,6990,-0.01519366167485714,0.03539762368908138,0.0002,0.103637524,-1.0339314660181602,0.8604848235845566
28496,141,1183.5248,407.46666666666664,17326080,607,-0.0029241267178622367,0.27676595052083336,0.2,7000,0.010662287473678589,0.02750228301322598,0.0002,0.10477114,-1.0374250445173432,0.8644472360610962
28701,142,875.78125,350.46666666666664,17448960,607,-0.0030051453145946046,0.28140380859375,0.2,7010,0.06476911157369614,0.04839560414432072,0.0002,0.11090067,-1.0316989849880338,0.8479264378547668
28903,143,1168.5212,370.2,17571840,607,-0.0025880270723519063,0.28147054036458335,0.2,7020,-0.018806863576173782,0.03573120026203772,0.0002,0.10888762,-1.0441050011695674,0.8633070141077042
29105,144,1159.3977,450.0,17694720,607,-0.003162965205795748,0.27857421875,0.2,7030,0.00662048626691103,0.03460193104680684,0.0002,0.11136571,-1.0453157790998617,0.8520312607288361
29307,145,1065.2618,398.4,17817600,607,-0.0023198151098070717,0.27118001302083333,0.2,7040,-0.014901143498718739,0.03397211813333191,0.0002,0.10181953,-1.0760147623966139,0.841438427567482
29510,146,1030.1031,361.53333333333336,17940480,607,-0.0031697803083261533,0.2689615885416667,0.2,7050,-0.012053564190864563,0.02102820723409195,0.0002,0.102964655,-1.0491439817100763,0.8857917487621307
29716,147,1089.3383,396.26666666666665,18063360,607,-0.0025872172142635463,0.2719368489583333,0.2,7060,-0.023177895694971085,0.03916272295288839,0.0002,0.101593934,-1.0505558892029028,0.8189569562673569
29919,148,938.63116,358.4,18186240,607,-0.002879882254919721,0.2672574869791667,0.2,7070,0.012666800990700722,0.031840529225524584,0.0002,0.10365491,-1.0458531301499654,0.8513910472393036
30122,149,1192.3284,450.0,18309120,607,-0.002338844389502507,0.26433675130208334,0.2,7080,-0.03738194704055786,0.03675496321012512,0.0002,0.0957198,-1.039501727639387,0.8532815277576447
30325,150,882.27106,346.6666666666667,18432000,607,-0.0028029377270468105,0.25819742838541665,0.2,7090,-0.003017890267074108,0.028287185997245768,0.0002,0.096535236,-1.0570570872630924,0.9020189195871353
30530,151,1109.7784,418.93333333333334,18554880,607,-0.0013109234955269737,0.2635652669270833,0.2,7100,-0.020456384867429733,0.1179087441971266,0.0002,0.104636684,-1.0800513558120777,0.4008704423904419
30743,152,1138.0796,388.0,18677760,607,-0.0026930030963315706,0.26369140625,0.2,7110,0.013485075905919075,0.04283031125254486,0.0002,0.10074032,-1.0487711911989996,0.830476313829422
30949,153,950.97656,376.8,18800640,607,-0.0019640040410824136,0.259853515625,0.2,7120,0.013548608869314194,0.026369277694059293,0.0002,0.09925112,-1.0546486179934194,0.8185073882341385
31152,154,836.7429,386.1333333333333,18923520,607,0.0001654795353109269,0.25628499348958333,0.2,7130,-0.02378951385617256,0.02929593209766305,0.0002,0.09736123,-1.0899968737456946,0.8612187653779984
31369,155,946.6522,348.8666666666667,19046400,607,-0.002818189339682249,0.25524495442708334,0.2,7140,-0.01157357543706894,0.02892966653375273,0.0002,0.09841634,-1.0780132115725427,0.8724037408828735
31572,156,818.87604,306.6,19169280,607,-0.0026206477489783236,0.25353515625,0.2,7150,-0.011130201630294323,0.035622065899685064,0.0002,0.10374142,-1.060415072059259,0.8795389607548714
31780,157,1114.9276,404.06666666666666,19292160,607,-0.002298821123608832,0.245908203125,0.2,7160,-0.013635269366204739,0.030163695477725697,0.0002,0.090632945,-1.0638259379658848,0.8726529330015182
31987,158,1081.0176,410.3333333333333,19415040,606,-0.002731775636095032,0.2546875,0.2,7170,0.005557125899940729,0.02957703212425713,0.0002,0.10350225,-1.0625752881138275,0.8920985087752342
32191,159,982.1479,402.26666666666665,19537920,606,-0.0025656881930202265,0.25762288411458334,0.2,7180,-0.02025606296956539,0.03342067914883349,0.0002,0.096446395,-1.0290928843710572,0.787605956196785
32396,160,998.9874,424.46666666666664,19660800,606,-0.0034034573534245283,0.25197916666666664,0.2,7190,0.003321707248687744,0.028504867495581343,0.0002,0.099759065,-1.034665324408561,0.8561758548021317
32602,161,1116.6145,445.3333333333333,19783680,606,-0.0012793342104949563,0.24607340494791666,0.2,7200,-0.007557447999715805,0.03144214657371549,0.0002,0.0981146,-1.0293236288428307,0.8627919256687164
32808,162,1105.8999,411.8666666666667,19906560,606,-0.0017184526765170933,0.25088623046875,0.2,7210,-0.02384103089570999,0.0316512492301293,0.0002,0.0972174,-1.0374575746773431,0.7935635596513748
33014,163,1116.3593,410.93333333333334,20029440,606,-0.0022930351991067256,0.24442626953125,0.2,7220,-0.005395570769906044,0.029166989169680163,0.0002,0.09429625,-1.0330128212831915,0.8479356020689011
33220,164,681.6513,327.0,20152320,606,-0.0013969357758969636,0.23752848307291666,0.2,7230,-0.027347713708877563,0.037043996359380646,0.0002,0.09729544,-1.0526465488473575,0.8717146068811417
33425,165,922.3641,397.6,20275200,606,-0.0015705350888705046,0.23889892578125,0.2,7240,-0.017818400636315346,0.0450595174049901,0.0002,0.099384055,-1.0550121370702983,0.8230650424957275
33631,166,1057.0515,364.53333333333336,20398080,606,-0.0024816479947276093,0.24789957682291666,0.2,7250,0.09166282415390015,0.03223922729321051,0.0002,0.10176973,-1.0272434660978615,0.8313947319984436
33837,167,1163.5262,425.26666666666665,20520960,606,-0.0007555318167881827,0.24081217447916667,0.2,7260,-0.01124473288655281,0.034222410466854855,0.0002,0.09218604,-1.0363390108725676,0.8639451265335083
34052,168,898.0177,403.4,20643840,606,-0.0009802572451796247,0.24222412109375,0.2,7270,0.016868993639945984,0.026872537104158406,0.0002,0.096726544,-1.0310589192342012,0.8757929429411888
34257,169,975.1094,333.1333333333333,20766720,606,-0.0023377216004162923,0.2338623046875,0.2,7280,-0.01782231032848358,0.03761411457429934,0.0002,0.09323607,-1.0631081934273243,0.845896303653717
34464,170,998.1445,378.8,20889600,606,-0.0031325399199113235,0.24626871744791667,0.2,7290,-0.00347139872610569,0.035679473131632826,0.0002,0.09929034,-1.031960500286271,0.8775626868009567
34668,171,1128.5359,400.4,21012480,606,-0.0013969449743429627,0.23790120442708335,0.2,7300,0.016973817721009254,0.03086162731761533,0.0002,0.09556014,-1.040047932639718,0.8589995056390762
34875,172,980.7515,419.0,21135360,606,-0.003213856314782788,0.23892171223958333,0.2,7310,-0.007837016135454178,0.028778100616294752,0.0002,0.09475582,-1.051813225929315,0.8866681307554245
35091,173,1071.9646,387.73333333333335,21258240,605,-0.0017425829441678313,0.23892171223958333,0.2,7320,-0.01202291902154684,0.13362021997542645,0.0002,0.09370541,-1.0354815295462807,0.7676960378885269
35297,174,1042.0504,400.8666666666667,21381120,605,-0.0029224940791391417,0.23664225260416666,0.2,7330,-0.017508024349808693,0.028931815530531063,0.0002,0.09537164,-1.0292882445640863,0.857207179069519
35503,175,619.5787,285.1333333333333,21504000,605,-0.001671446081703228,0.2422509765625,0.2,7340,-0.012229183688759804,0.03947933637731997,0.0002,0.09614298,-1.0036853925418108,0.8457181602716446
35708,176,1053.4594,372.6,21626880,605,-0.001998688801888117,0.23279378255208333,0.2,7350,0.002795279724523425,0.03311123483264206,0.0002,0.08954861,-1.0029410929015528,0.9045920968055725
35920,177,947.46857,388.3333333333333,21749760,605,-0.0026953907024562795,0.23598388671875,0.2,7360,0.007517969235777855,0.026907100689832836,0.0002,0.09608078,-1.0088472215024133,0.8916186094284058
36126,178,877.6954,359.93333333333334,21872640,605,-0.002736105753060656,0.23411946614583334,0.2,7370,-0.01672235317528248,0.03650711261684137,0.0002,0.091345504,-1.0116008394180487,0.8342818170785904
36331,179,997.9076,418.0,21995520,605,-0.002421535495968783,0.23278238932291667,0.2,7380,0.05075457692146301,0.0323197040488238,0.0002,0.11671344,-1.000498855781431,0.8258889764547348
36538,180,1024.3599,392.06666666666666,22118400,605,-0.0030090591797822222,0.23342122395833334,0.2,7390,0.00644675362855196,0.033371259597901146,0.0002,0.091563985,-1.0129822256788612,0.840830847620964
36744,181,1027.9274,417.53333333333336,22241280,605,-0.002360093399932642,0.22541178385416666,0.2,7400,-0.006912468932569027,0.02275258772762527,0.0002,0.09059826,-0.9965459581588706,0.8889647871255875
36950,182,1177.2006,439.26666666666665,22364160,605,-0.002522646446065361,0.23364827473958333,0.2,7410,0.10756373405456543,0.0593569929775731,0.0002,0.094977885,-0.9774777522403747,0.7414481043815613
37155,183,868.30084,313.4,22487040,605,-0.0023101725610316258,0.23137858072916667,0.2,7420,0.02749514766037464,0.030976695189298575,0.0002,0.09205577,-0.9962507814075798,0.8335025012493134
37359,184,913.2656,403.8,22609920,605,-0.001333419520018045,0.21734537760416667,0.2,7430,0.00897846557199955,0.036505028242358246,0.0002,0.09498878,-1.0159853365582725,0.8302520513534546
37564,185,1012.95734,420.93333333333334,22732800,605,-0.0022636369607873046,0.2152099609375,0.2,7440,-0.02023613452911377,0.024306358611321077,0.0002,0.080890514,-1.0056020171691975,0.8800389692187309
37768,186,999.70074,405.0,22855680,605,-0.0020787067582917493,0.21874348958333334,0.2,7450,-0.033585380762815475,0.03264749323603837,0.0002,0.084754944,-0.9856437622259061,0.8793849423527718
37973,187,836.39825,361.53333333333336,22978560,605,-0.002796925529581434,0.22248291015625,0.2,7460,0.016765914857387543,0.032630224408165605,0.0002,0.08753537,-0.9789976091496646,0.8699448555707932
38177,188,911.9353,427.53333333333336,23101440,605,-0.0023280360464529317,0.21227783203125,0.2,7470,-0.01863870769739151,0.021404558374443165,0.0002,0.08076108,-0.9917779547162354,0.8946465700864792
38394,189,941.3799,393.53333333333336,23224320,604,-0.0017915680686413301,0.21980061848958332,0.2,7480,0.015865029767155647,0.03137505285965138,0.0002,0.09013294,-0.9828495819214731,0.8616260439157486
38619,190,897.3773,424.8666666666667,23347200,604,-0.00014665473063814715,0.22501627604166666,0.2,7490,-0.02344157174229622,0.03188240528519069,0.0002,0.08901361,-0.9709084052313119,0.8456040769815445
38825,191,889.6484,408.93333333333334,23470080,604,-0.0013527121990591696,0.20627604166666666,0.2,7500,-0.004551556892693043,0.02704328884023577,0.0002,0.08136753,-0.9705825529775272,0.8712334632873535
39031,192,716.5202,324.8,23592960,604,-0.0029970664861684784,0.20764404296875,0.2,7510,0.015756217762827873,0.020536005125283245,0.0002,0.07949516,-0.973232400227959,0.875636599957943
39236,193,812.3778,356.1333333333333,23715840,604,-0.003615563470948473,0.22261637369791668,0.2,7520,0.007001019082963467,0.03368945683492711,0.0002,0.094431415,-0.9310009606493016,0.8594627678394318
39441,194,883.7547,397.1333333333333,23838720,604,-0.003783669225963422,0.21814615885416666,0.2,7530,-0.020015988498926163,0.03263272900654139,0.0002,0.08771737,-0.9396378925753136,0.9034239649772644
39647,195,764.5401,360.26666666666665,23961600,604,-0.00180652403685599,0.21306477864583334,0.2,7540,0.015148268081247807,0.0404703986776273,0.0002,0.08132456,-0.9514036939976116,0.8279552608728409
39853,196,833.44525,374.6666666666667,24084480,604,-0.0020198348083855914,0.21059733072916667,0.2,7550,-0.0005862051621079445,0.03599661108547517,0.0002,0.08439142,-0.9587988426132749,0.8559940308332443
40058,197,922.17737,399.6666666666667,24207360,604,-0.0017739998762620719,0.21249593098958333,0.2,7560,0.001348225399851799,0.02611268129412641,0.0002,0.081770964,-0.9646590898403277,0.8556621819734573
40265,198,662.29956,304.3333333333333,24330240,604,-0.002510106176297692,0.21300211588541668,0.2,7570,0.08612421154975891,0.019045244079619578,0.0002,0.087990254,-0.9760634222812951,0.8710414320230484
40470,199,762.1638,384.3333333333333,24453120,604,-0.0005924029165756414,0.20806803385416667,0.2,7580,0.011617886833846569,0.045711184017974346,0.0002,0.084138975,-0.9652877037785947,0.794019490480423
40676,200,1001.83435,450.0,24576000,604,-0.0020816141567623465,0.20283365885416665,0.2,7590,-0.01422463171184063,0.029380022721575565,0.0002,0.07797753,-0.9867666775391748,0.8587942868471146
40882,201,790.98346,389.73333333333335,24698880,604,-0.0021401747854300386,0.21181233723958334,0.2,7600,0.04355500638484955,0.029360813354804425,0.0002,0.08521063,-0.9654481618199497,0.8747029304504395
41088,202,862.9172,374.2,24821760,604,0.003985761046995624,0.195537109375,0.2,7610,-0.017319418489933014,0.04806342127078324,0.0002,0.07614554,-1.0029181188376,0.7514016330242157
41293,203,814.9735,420.53333333333336,24944640,604,-0.0018811061201692307,0.20216715494791668,0.2,7620,-5.834735929965973e-05,0.040194576818369875,0.0002,0.082980596,-1.0045300284090142,0.8704216927289963
41498,204,851.3771,390.8666666666667,25067520,604,-0.002550873252128743,0.20861979166666667,0.2,7630,-0.004822446033358574,0.025375194373899224,0.0002,0.08616986,-0.9866175645589829,0.8529202938079834
41705,205,1011.2578,402.1333333333333,25190400,604,-0.0003869165121053205,0.20090087890625,0.2,7640,-0.026955073699355125,0.02162274508398165,0.0002,0.07761703,-0.9740545412525534,0.8562231659889221
41912,206,870.3486,401.3333333333333,25313280,603,-0.0008449516403197777,0.21403401692708332,0.2,7650,0.008275818079710007,0.02708027427423455,0.0002,0.08618696,-0.9549845901255807,0.8636184632778168
42118,207,816.9339,384.4,25436160,603,-0.0016420357127299211,0.20580810546875,0.2,7660,-0.017315208911895752,0.03323499485867463,0.0002,0.09415892,-0.9538551216044774,0.8122248351573944
42326,208,798.6619,366.0,25559040,603,-0.0018951142753455012,0.20998291015625,0.2,7670,0.002247133059427142,0.026157318581007304,0.0002,0.09138484,-0.9367549272502462,0.826136976480484
42535,209,878.1651,401.6,25681920,603,-0.001995016417931765,0.20845052083333335,0.2,7680,-0.01620631106197834,0.02817334354386579,0.0002,0.08923999,-0.9058119406892607,0.8754091039299965
42742,210,875.4064,438.8666666666667,25804800,603,-0.0019837456755552314,0.20140869140625,0.2,7690,0.0037669879384338856,0.02132084762081452,0.0002,0.0847347,-0.9231784766664107,0.8408221900463104
42951,211,896.04565,402.46666666666664,25927680,603,-0.0016964309386942962,0.2027880859375,0.2,7700,-0.02626928500831127,0.03739665564818779,0.0002,0.08295846,-0.9131733019370586,0.7589560300111771
43159,212,828.86615,408.8,26050560,603,-0.0012905925895817442,0.20578531901041666,0.2,7710,-0.021512048318982124,0.019107742807178738,0.0002,0.078263834,-0.8906617483558754,0.7896666377782822
43380,213,1024.4254,435.0,26173440,603,-0.0028404648539071785,0.20902099609375,0.2,7720,-0.02385987713932991,0.016401215143829403,0.0002,0.084059015,-0.8682126704510301,0.8272098898887634
43586,214,812.2161,362.73333333333335,26296320,603,-0.0017274951381477876,0.20668294270833334,0.2,7730,0.09629195928573608,0.022637284106354325,0.0002,0.07771767,-0.8587803945038468,0.8266686797142029
43794,215,972.28735,392.2,26419200,603,-0.0015046883369071414,0.19990152994791666,0.2,7740,0.012434156611561775,0.020068078005488512,0.0002,0.080998756,-0.86343974606134,0.8384591490030289
44000,216,972.3428,400.2,26542080,603,-0.0018646914528547616,0.20744222005208332,0.2,7750,-0.014310669153928757,0.02780415445547533,0.0002,0.08667136,-0.8568268410116434,0.8706789165735245
44207,217,801.4129,399.06666666666666,26664960,603,-0.0016677064583457953,0.20815348307291667,0.2,7760,0.022538937628269196,0.015905142375843298,0.0002,0.08205536,-0.8545210967337091,0.8588643670082092
44414,218,809.6571,380.1333333333333,26787840,603,-0.002544563022188413,0.21058919270833334,0.2,7770,0.017488740384578705,0.025072174314648237,0.0002,0.083203234,-0.8447446506967147,0.8868594393134117
44644,219,899.7807,407.26666666666665,26910720,602,-0.002268878076480784,0.20436360677083334,0.2,7780,-0.01968855783343315,0.030298417802037722,0.0002,0.07927949,-0.8297736702983578,0.8727641254663467
44877,220,768.87427,335.53333333333336,27033600,602,-0.0018609906429022278,0.20047119140625,0.2,7790,0.061951663345098495,0.022447214305583052,0.0002,0.0740869,-0.8087702333244184,0.8944142460823059
45083,221,967.912,391.73333333333335,27156480,602,0.0008106612117232241,0.2049169921875,0.2,7800,0.007699745707213879,0.037638040643957614,0.0002,0.08160181,-0.7991371585490803,0.8408070206642151
45302,222,766.7562,338.53333333333336,27279360,602,-0.002397253634499066,0.20492431640625,0.2,7810,-0.018271366134285927,0.026338281114504224,0.0002,0.08642237,-0.8055984682807078,0.890611320734024
45521,223,930.0798,386.46666666666664,27402240,601,-0.0025135141115454947,0.19959228515625,0.2,7820,0.02738337218761444,0.020821182244238418,0.0002,0.07922659,-0.8030517840602746,0.8795191645622253
45729,224,730.3578,372.06666666666666,27525120,601,-0.002021189782481088,0.20389811197916666,0.2,7830,0.009509693831205368,0.02556561267712785,0.0002,0.08231486,-0.8051361632191887,0.8747752606868744
45935,225,891.42914,430.6,27648000,601,-0.0017499953119325558,0.19641357421875,0.2,7840,0.006429302506148815,0.023786375888691966,0.0002,0.08597892,-0.8081807570407787,0.8920387402176857
46142,226,911.7575,430.1333333333333,27770880,601,-0.0032689023044607285,0.20068684895833333,0.2,7850,-0.03067682310938835,0.026378760063243096,0.0002,0.080095895,-0.800353867628922,0.8720230907201767
46349,227,891.5837,368.0,27893760,601,-0.001591746968682249,0.19570393880208334,0.2,7860,-0.004605608060956001,0.025631426122035162,0.0002,0.08072637,-0.7972665058324734,0.839351013302803
46559,228,824.75256,364.46666666666664,28016640,601,-0.0024207870103176293,0.2014404296875,0.2,7870,0.0027921414002776146,0.02558476057409507,0.0002,0.07959941,-0.7997615811632325,0.8670481145381927
46767,229,836.7808,346.1333333333333,28139520,601,-0.0013313323049472577,0.20125895182291667,0.2,7880,0.0014660137239843607,0.022722396088286512,0.0002,0.08041441,-0.7929192135296762,0.8672016113996506
46975,230,875.25,392.0,28262400,601,-0.001064294966236048,0.20917399088541666,0.2,7890,-0.003184972330927849,0.027695286540199125,0.0002,0.08354767,-0.789928511288017,0.8895049318671227
47184,231,880.4931,405.6666666666667,28385280,601,-0.0015043860730944896,0.20683675130208334,0.2,7900,-0.019361650571227074,0.01610978381454004,0.0002,0.07991896,-0.7783446306999152,0.8613342344760895
47392,232,910.6162,409.06666666666666,28508160,601,-0.0012803186209036236,0.19740397135416668,0.2,7910,-0.014731957577168941,0.026315288069200353,0.0002,0.07405956,-0.7784965502067158,0.8648711293935776
47601,233,842.9041,385.8666666666667,28631040,601,-0.0010828154510848739,0.19953450520833332,0.2,7920,-0.02951434999704361,0.019437388907633326,0.0002,0.08129587,-0.7784004783382018,0.8312314301729202
47809,234,893.7636,424.06666666666666,28753920,601,-0.0007995825371638906,0.19998209635416667,0.2,7930,-0.005250273272395134,0.03266796772755773,0.0002,0.080005854,-0.7716696521205206,0.8361414819955826
48019,235,882.0177,374.8666666666667,28876800,601,-0.0008850815705545756,0.19974446614583333,0.2,7940,-0.019158504903316498,0.023639807598821488,0.0002,0.075538605,-0.7705206874137124,0.8903830349445343
48227,236,953.15295,406.6666666666667,28999680,601,-0.001627138553228633,0.19588297526041668,0.2,7950,-0.013804618269205093,0.0310387670710179,0.0002,0.07692674,-0.764363215699171,0.841952458024025
48434,237,791.5092,395.53333333333336,29122560,601,-0.0004602860237779775,0.20140055338541665,0.2,7960,0.0037691069301217794,0.052394414313414475,0.0002,0.07509149,-0.7575213933984438,0.6627869606018066
48643,238,845.7569,399.26666666666665,29245440,601,-0.0012896904681717085,0.18957600911458333,0.2,7970,-0.019357403740286827,0.025438721341110977,0.0002,0.07249024,-0.7525677488278597,0.8673948347568512
48855,239,831.3205,378.2,29368320,601,-0.0012124487695473363,0.19265299479166667,0.2,7980,0.0026077385991811752,0.031969984130553256,0.0002,0.078940935,-0.7421199872034291,0.8445926308631897
49063,240,960.7594,450.0,29491200,601,-0.0010290578462687943,0.19882975260416666,0.2,7990,-0.013763995841145515,0.0344209745105483,0.0002,0.08181184,-0.7326299413324644,0.8092461079359055
49277,241,837.8787,421.46666666666664,29614080,600,-0.001036624090403772,0.197548828125,0.2,8000,-0.012968025170266628,0.07273616605698029,0.0002,0.07718678,-0.717270134727781,0.5969065129756927
49507,242,984.3088,406.6666666666667,29736960,600,-7.487832705010078e-05,0.19240315755208334,0.2,8010,0.02309439890086651,0.022599820269922855,0.0002,0.07120501,-0.6891759584440539,0.7794331461191177
49726,243,970.16144,357.1333333333333,29859840,600,-0.0009667815283925544,0.19451416015625,0.2,8020,-0.017143025994300842,0.028690688653708395,0.0002,0.07890793,-0.6710992099732781,0.8240450173616409
49933,244,896.2801,424.4,29982720,600,-0.0013046432142573394,0.20211995442708333,0.2,8030,-0.005495832767337561,0.03781966367721225,0.0002,0.0866113,-0.6769958154065534,0.8525704741477966
50143,245,953.875,413.26666666666665,30105600,600,-0.0004349407887017757,0.19710774739583334,0.2,8040,0.06340151280164719,0.021736715302292094,0.0002,0.08009494,-0.6664067877611767,0.8675132393836975
50349,246,807.8451,379.1333333333333,30228480,600,-0.002642957262252518,0.19816813151041668,0.2,8050,0.06203385442495346,0.022180130820905787,0.0002,0.08568703,-0.6463381487115597,0.8705539405345917
50556,247,906.435,413.2,30351360,600,-0.002406835373579573,0.193642578125,0.2,8060,-0.007276446092873812,0.026430948162832615,0.0002,0.07408814,-0.644547174909773,0.8734651803970337
50764,248,788.57996,424.2,30474240,600,-0.0015362267146808032,0.19681233723958333,0.2,8070,0.020638497546315193,0.022224290814380085,0.0002,0.07790494,-0.6392443449422717,0.8800214156508446
50970,249,759.58795,407.8,30597120,600,-0.0016234413154279537,0.19694742838541668,0.2,8080,-0.025799257680773735,0.0302848421997237,0.0002,0.08008918,-0.6429688812854389,0.8368730843067169
51182,250,941.0928,400.4,30720000,600,-0.0022904309225699154,0.19321370442708333,0.2,8090,-0.010613706894218922,0.02539066199987057,0.0002,0.07276844,-0.640695589586782,0.8217352032661438
51389,251,917.4509,424.0,30842880,600,-0.0018335831557427203,0.20274576822916668,0.2,8100,0.022658534348011017,0.03797434338512668,0.0002,0.07746239,-0.6656754398345948,0.7437400221824646
51611,252,686.8203,329.8666666666667,30965760,599,-0.002047239032314489,0.18961751302083332,0.2,8110,0.03835173696279526,0.030355147304232256,0.0002,0.07179891,-0.6470067882987981,0.8540644496679306
51818,253,996.3824,420.8666666666667,31088640,599,-0.0020578970930137074,0.19412923177083333,0.2,8120,-0.02162405103445053,0.030319437818031172,0.0002,0.084755674,-0.6343874935200438,0.8686355948448181
52026,254,849.73517,416.26666666666665,31211520,599,-0.001464857781553898,0.19224202473958332,0.2,8130,-0.021371737122535706,0.030178791361463862,0.0002,0.07425744,-0.6306136441028988,0.8763842359185219
52233,255,843.1854,391.1333333333333,31334400,599,-0.0017588056223727714,0.19324869791666666,0.2,8140,-0.012155205942690372,0.029948032615279393,0.0002,0.07299285,-0.6241423730707417,0.8864631876349449
52442,256,797.3535,427.93333333333334,31457280,599,-0.0023378160749234667,0.18592203776041666,0.2,8150,0.006517310626804829,0.017046212605400037,0.0002,0.07172868,-0.605111139107806,0.805108442902565
52659,257,804.0808,388.8666666666667,31580160,599,-0.001132737184436034,0.17671956380208334,0.2,8160,-0.02481895685195923,0.0251931225097375,0.0002,0.07019521,-0.595431591354621,0.7798431813716888
52866,258,900.72375,389.8666666666667,31703040,599,-0.0023830678219928813,0.1905908203125,0.2,8170,-0.024665581062436104,0.024565349936824153,0.0002,0.07054559,-0.6039149463362992,0.8327600210905075
53075,259,976.50165,446.6,31825920,599,-0.0020997979562298497,0.18455159505208332,0.2,8180,0.019918391481041908,0.031754186786021134,0.0002,0.073793106,-0.5971476910294344,0.8287257552146912
53283,260,939.0906,390.0,31948800,599,-0.0019855628545565195,0.19715087890625,0.2,8190,-0.006375323515385389,0.03716734876545635,0.0002,0.07763124,-0.5904021436007073,0.8294743597507477
53492,261,1022.23755,432.4,32071680,599,-0.002161317004377755,0.19258056640625,0.2,8200,-0.033496588468551636,0.029752969029811234,0.0002,0.076767035,-0.6025004322764774,0.8460008203983307
53699,262,835.49585,403.8666666666667,32194560,599,-0.001887133150551866,0.19378092447916667,0.2,8210,-0.0022535505704581738,0.030120878312211895,0.0002,0.073863365,-0.6149799585094055,0.8457149267196655
53911,263,1030.7974,448.26666666666665,32317440,599,-0.0022469848339884873,0.1890283203125,0.2,8220,-0.025454791262745857,0.01771386321907073,0.0002,0.076211244,-0.6188134045464297,0.881100594997406
54119,264,774.80884,328.3333333333333,32440320,599,-0.0031208569690594837,0.20118245442708332,0.2,8230,-0.02821268141269684,0.04191387218209911,0.0002,0.07581275,-0.6154301074380055,0.8432789295911789
54327,265,848.5823,432.0,32563200,599,-0.0028819176442827182,0.19605224609375,0.2,8240,-0.016135962679982185,0.03561002571662887,0.0002,0.07990036,-0.6039658785533781,0.8758184388279915
54533,266,1023.0498,389.46666666666664,32686080,599,-0.0011706877378370943,0.18944905598958334,0.2,8250,0.00017528655007481575,0.03032902998721473,0.0002,0.07367348,-0.595658829662328,0.7953080087900162
54745,267,759.99384,428.6,32808960,599,-0.0028470436052566582,0.19718180338541666,0.2,8260,0.019703935831785202,0.025340311244770344,0.0002,0.07447315,-0.6122129512454073,0.8516837954521179
54971,268,837.06195,381.8666666666667,32931840,599,-0.002068787315197369,0.18415852864583335,0.2,8270,4.094172954559326,0.08530873897581955,0.0002,0.0754392,-0.6114882497194534,0.6742998361587524
55178,269,627.33777,370.3333333333333,33054720,599,-0.003024710419765597,0.1876123046875,0.2,8280,-0.010423020459711552,0.025853894889438227,0.0002,0.072642826,-0.6159977786258484,0.8479008674621582
55399,270,809.515,385.8,33177600,598,-0.002682799091818803,0.18832112630208334,0.2,8290,-0.024944869801402092,0.0296635983849895,0.0002,0.07886627,-0.6182505286640178,0.8071699738502502
55641,271,957.30835,391.73333333333335,33300480,598,-0.003270447953044216,0.19011311848958334,0.2,8300,0.020999059081077576,0.02176073324532808,0.0002,0.077613324,-0.623860076541702,0.8783610612154007
55851,272,785.1613,367.0,33423360,598,-0.004037337045577564,0.18684895833333334,0.2,8310,-0.02075498178601265,0.016666417639191876,0.0002,0.07700439,-0.6282715920048455,0.8548789620399475
56058,273,1003.7229,423.73333333333335,33546240,598,-0.0034918959229859564,0.18976155598958333,0.2,8320,0.018186770379543304,0.02393619582566468,0.0002,0.07696983,-0.6307518751422564,0.8932385519146919
56267,274,878.6795,376.8,33669120,598,-0.003168504842878974,0.19086344401041666,0.2,8330,-0.019331006333231926,0.03280986404606741,0.0002,0.07649969,-0.621623238256822,0.8273703306913376
56501,275,1029.1726,450.0,33792000,598,-0.003342094273272475,0.19128011067708334,0.2,8340,0.037367552518844604,0.02613371039137443,0.0002,0.072685,-0.6161338370510687,0.8780650421977043
56711,276,827.66113,425.93333333333334,33914880,598,-0.0024000049166109723,0.18646158854166667,0.2,8350,0.0006163673242554069,0.022528540140720945,0.0002,0.07287617,-0.6182665591966361,0.8542209416627884
56920,277,904.95087,389.0,34037760,597,-0.002804800700573651,0.18990315755208334,0.2,8360,0.14593446254730225,0.024870087453626108,0.0002,0.078874394,-0.6283944742350529,0.8843964785337448
57142,278,915.5797,421.06666666666666,34160640,597,-0.0017705516225441898,0.1818310546875,0.2,8370,0.013771718367934227,0.029874281015092947,0.0002,0.06778895,-0.6338856612782304,0.8787913918495178
57351,279,983.2508,426.4,34283520,597,-0.0014466998090119888,0.18628662109375,0.2,8380,-0.0009102908661589026,0.02112823185054822,0.0002,0.070653066,-0.6315541713979717,0.8554531633853912
57559,280,917.2856,392.1333333333333,34406400,597,-0.002365901986498405,0.1836669921875,0.2,8390,-0.0011453937040641904,0.015666215118494052,0.0002,0.06783453,-0.6168915646181752,0.8363893926143646
57768,281,949.9026,424.8666666666667,34529280,597,-0.002448704728424976,0.1865478515625,0.2,8400,-0.0059468443505465984,0.03248273210651557,0.0002,0.06946192,-0.6340300736296922,0.8306259512901306
57976,282,909.7709,403.0,34652160,597,-0.002385878401091759,0.18826171875,0.2,8410,0.024522382766008377,0.018805734995981236,0.0002,0.06589042,-0.6433484814750652,0.855257585644722
58182,283,856.54,386.2,34775040,597,-0.0032332310417647627,0.19249918619791667,0.2,8420,-0.024074818938970566,0.03706044726359664,0.0002,0.0718518,-0.6334439652319998,0.7773882895708084
58388,284,794.1396,375.6666666666667,34897920,597,-0.0020009258626987503,0.18286946614583333,0.2,8430,0.007926326245069504,0.034763956600882766,0.0002,0.07075747,-0.6257683531924462,0.8344387710094452
58600,285,822.3416,379.53333333333336,35020800,597,-0.0024602924904183966,0.18736897786458334,0.2,8440,-0.019291186705231667,0.027470732490713773,0.0002,0.0685497,-0.6163689043869575,0.8390527665615082
58810,286,906.07434,434.8,35143680,597,-0.0017097846997179051,0.181845703125,0.2,8450,-0.012543365359306335,0.023312245789794586,0.0002,0.070607424,-0.5941189560371761,0.8722674250602722
59018,287,770.9716,363.4,35266560,597,-0.002255214600455323,0.18221923828125,0.2,8460,-0.014435919001698494,0.023806813684189288,0.0002,0.06651339,-0.590427260849004,0.8786616623401642
59226,288,739.8949,406.73333333333335,35389440,597,-0.003408743349470266,0.17865478515625,0.2,8470,0.014409066177904606,0.02605486526901094,0.0002,0.0686558,-0.580250413689452,0.8870256543159485
59434,289,727.3349,334.0,35512320,597,-0.0018982431426229596,0.17637125651041666,0.2,8480,-0.03037310019135475,0.02438250259331312,0.0002,0.06863178,-0.573294839792264,0.8303763717412949
59641,290,912.22595,442.73333333333335,35635200,597,-0.002862301064778876,0.18639973958333333,0.2,8490,-0.02154964953660965,0.028892913858969298,0.0002,0.08264467,-0.5765338326509422,0.9044173359870911
59847,291,833.7849,406.1333333333333,35758080,597,-0.00343842148894358,0.18265706380208332,0.2,8500,-0.008066946640610695,0.04266595818418561,0.0002,0.07547056,-0.5674594911063711,0.7175270915031433
60056,292,913.61383,425.26666666666665,35880960,597,-0.0016565205904316826,0.18110026041666666,0.2,8510,0.005336281377822161,0.030026675989998922,0.0002,0.07703328,-0.5580318924148256,0.8795710951089859
60264,293,970.9875,408.6666666666667,36003840,597,-0.0015261321494836012,0.17799723307291668,0.2,8520,0.0218352023512125,0.024323021319682236,0.0002,0.07000265,-0.5519201503461226,0.8730488866567612
60472,294,906.5197,424.3333333333333,36126720,597,-0.002652022711611911,0.18438720703125,0.2,8530,0.015886476263403893,0.021046387405412665,0.0002,0.07139484,-0.5571230054801951,0.8731343597173691
60680,295,900.40704,425.06666666666666,36249600,597,-0.0024057909416508967,0.19043619791666666,0.2,8540,0.006045510061085224,0.03529078872540405,0.0002,0.08105352,-0.568261973777165,0.832323282957077
60888,296,882.309,402.1333333333333,36372480,597,-0.0017596109619807975,0.18627278645833334,0.2,8550,-0.008045313879847527,0.020298354051002433,0.0002,0.07145785,-0.5627531654542933,0.8719834685325623
61097,297,892.56934,424.3333333333333,36495360,597,-0.0021375819935443964,0.18756917317708333,0.2,8560,-0.010990348644554615,0.023720397473232804,0.0002,0.07059063,-0.5709673285204917,0.8548104166984558
61305,298,891.89514,450.0,36618240,597,-0.0010526315868287384,0.18353597005208333,0.2,8570,0.003494789358228445,0.034296346544354796,0.0002,0.07107422,-0.5624933018100758,0.8199651390314102
61516,299,939.79895,450.0,36741120,597,-0.0025015135049883007,0.18723470052083332,0.2,8580,-0.02526266500353813,0.020445929395125403,0.0002,0.07103714,-0.565948710142014,0.9041900038719177
61725,300,826.4281,389.26666666666665,36864000,597,-0.0017515365106646641,0.18713216145833333,0.2,8590,0.011014040559530258,0.013828462874705376,0.0002,0.06897862,-0.5537242375112449,0.8290363699197769
61948,301,759.0948,379.73333333333335,36986880,597,-0.002460415318316033,0.1904150390625,0.2,8600,-0.010714209638535976,0.03231289937305367,0.0002,0.0756387,-0.5507863828338062,0.8594157695770264
62157,302,930.683,450.0,37109760,597,-0.0029834062239297056,0.19462320963541666,0.2,8610,0.003967137075960636,0.033336505144052356,0.0002,0.073800735,-0.5575945181647937,0.8519746959209442
62366,303,831.07153,347.0,37232640,597,-0.001955836116891684,0.18149983723958332,0.2,8620,-0.008670765906572342,0.017764391241177388,0.0002,0.06781764,-0.5413758628520494,0.8551167398691177
62576,304,943.51776,400.6666666666667,37355520,596,-0.0028479176706484094,0.18538330078125,0.2,8630,-0.017339758574962616,0.03074552109031212,0.0002,0.07176738,-0.5389014711805309,0.8363035321235657
62785,305,983.0699,398.6666666666667,37478400,596,-0.0029636071526389666,0.18448811848958332,0.2,8640,-0.019634591415524483,0.02329125716745845,0.0002,0.07595369,-0.5385690901537116,0.811836764216423
62993,306,919.685,429.26666666666665,37601280,596,-0.0024024499997600895,0.18481852213541666,0.2,8650,0.033283479511737823,0.029107541570264173,0.0002,0.06833659,-0.5381318878506621,0.7870167791843414
63200,307,942.289,399.26666666666665,37724160,596,-0.002478563576163045,0.18519287109375,0.2,8660,-0.021308207884430885,0.028234861921480767,0.0002,0.06708936,-0.5385297266207636,0.7915576100349426
63411,308,1020.1262,417.93333333333334,37847040,596,-0.0037165766395173706,0.17742513020833334,0.2,8670,-0.012656481005251408,0.01932076200657965,0.0002,0.06609922,-0.5302508146688342,0.8610717058181763
63621,309,876.62823,426.06666666666666,37969920,596,-0.0038393127285416993,0.18511149088541667,0.2,8680,0.02726222388446331,0.024292304605643265,0.0002,0.07198191,-0.5398144919301072,0.872548371553421
63832,310,943.4492,441.53333333333336,38092800,596,-0.0029944531062301395,0.17807698567708333,0.2,8690,0.08613882213830948,0.01606745760323482,0.0002,0.0752718,-0.5466973850286255,0.8680663257837296
64043,311,954.44696,428.6666666666667,38215680,596,-0.0029631984032433443,0.17663004557291667,0.2,8700,-0.01219753734767437,0.02032593016891762,0.0002,0.067308255,-0.5379857837005207,0.8289806991815567
64251,312,776.1336,397.3333333333333,38338560,596,-0.0027457501629487525,0.18550130208333335,0.2,8710,-0.029947660863399506,0.030758762516053747,0.0002,0.06741099,-0.5462116381929566,0.8115257024765015
64459,313,820.28516,391.26666666666665,38461440,596,-0.0028532546951949675,0.17942220052083332,0.2,8720,-0.016755662858486176,0.028249338867300744,0.0002,0.06418861,-0.5394817042537033,0.8706546723842621
64667,314,993.69604,401.46666666666664,38584320,596,-0.003664604086510129,0.181513671875,0.2,8730,0.03888627514243126,0.019583189908983438,0.0002,0.069619134,-0.5365400274392839,0.850684404373169
64876,315,975.80444,407.8666666666667,38707200,596,-0.002951391797112895,0.18659993489583335,0.2,8740,-0.027418512850999832,0.03863186269265346,0.0002,0.07456712,-0.539133359240368,0.7157076597213745
65086,316,992.5556,418.46666666666664,38830080,596,-0.0031827969988868668,0.18183675130208332,0.2,8750,-0.009388897567987442,0.021237888551935195,0.0002,0.07028108,-0.5382127019623294,0.8495721966028214
65296,317,937.7255,424.26666666666665,38952960,596,-0.0032973356975465624,0.1865234375,0.2,8760,-0.014184586703777313,0.01597851144759242,0.0002,0.06862609,-0.5433814991653586,0.8165863305330276
65508,318,977.532,450.0,39075840,596,-0.0035610311155983253,0.18109944661458333,0.2,8770,-0.019174447283148766,0.032326338651356916,0.0002,0.066460624,-0.5373257077050706,0.8337023109197617
65719,319,1007.0152,437.06666666666666,39198720,596,-0.0021912103866967908,0.18212320963541667,0.2,8780,0.08280490338802338,0.026609161300660086,0.0002,0.06857754,-0.5253719798801467,0.7268986403942108
65928,320,824.7888,423.53333333333336,39321600,596,-0.001969942095889413,0.18421061197916666,0.2,8790,0.0083052022382617,0.033818247436491145,0.0002,0.06745316,-0.5283070220348115,0.8392983824014664
66138,321,871.2209,402.2,39444480,596,-0.003163880902126645,0.18302001953125,0.2,8800,-0.02885996736586094,0.026908088635742993,0.0002,0.06392014,-0.5348270708524312,0.8200574964284897
66348,322,921.4047,405.53333333333336,39567360,596,-0.0038049078089140193,0.18670654296875,0.2,8810,-0.009772732853889465,0.02538069835741415,0.0002,0.07425127,-0.5310381848582377,0.8442351818084717
66558,323,978.7203,450.0,39690240,596,-0.0030939232251967043,0.18230387369791667,0.2,8820,-0.005096032749861479,0.015256630527521036,0.0002,0.07020189,-0.5341900408392152,0.8166952729225159
66769,324,1010.1199,424.26666666666665,39813120,596,-0.003269401075172027,0.18396809895833333,0.2,8830,-0.004883379675447941,0.0172191485908877,0.0002,0.06801876,-0.5299440624983981,0.8914860263466835
66978,325,737.68176,339.2,39936000,596,-0.002408235450478363,0.181689453125,0.2,8840,0.0022700221743434668,0.02540141897050565,0.0002,0.06318208,-0.5387002226384356,0.8031438738107681
67204,326,980.20605,450.0,40058880,596,-0.0020078120895444347,0.18387776692708332,0.2,8850,-0.002044418826699257,0.026209252915222123,0.0002,0.071355514,-0.537167346761562,0.8626008927822113
67416,327,820.7597,373.73333333333335,40181760,596,-0.0031220664106300926,0.18466878255208333,0.2,8860,-0.024872923269867897,0.02290751026511941,0.0002,0.067253016,-0.5442619154136628,0.8696494549512863
67626,328,922.96857,420.6666666666667,40304640,595,-0.0034901946523526323,0.1865576171875,0.2,8870,-0.008012211881577969,0.01902707792343809,0.0002,0.07083095,-0.5387885729720195,0.886561430990696
67836,329,903.331,424.46666666666664,40427520,595,-0.003211235180463821,0.19189615885416667,0.2,8880,-0.02515280432999134,0.03450143787765531,0.0002,0.07078068,-0.5466804156669726,0.8084152936935425
68047,330,981.81976,409.6666666666667,40550400,595,-0.0036657566473513726,0.18588704427083333,0.2,8890,-0.02460990659892559,0.017899936981651383,0.0002,0.07214988,-0.551054334899721,0.8549025505781174
68255,331,1006.76074,450.0,40673280,595,-0.0021203231706279743,0.18740397135416667,0.2,8900,-0.003421907313168049,0.029551308057176963,0.0002,0.06402449,-0.5604712768318132,0.8711791634559631
68466,332,987.71655,431.6,40796160,595,-0.0028632533111825373,0.18529703776041667,0.2,8910,-0.01108913216739893,0.01976293017442856,0.0002,0.0668157,-0.5614636653863514,0.8498986512422562
68673,333,907.1354,422.46666666666664,40919040,595,-0.002677783843508526,0.19008626302083334,0.2,8920,-0.017883149906992912,0.027435335423163756,0.0002,0.06829743,-0.5827934137530004,0.8446149677038193
68903,334,1011.0634,403.8,41041920,595,-0.0035342316377515695,0.18356201171875,0.2,8930,0.00921266432851553,0.023059199754295604,0.0002,0.06920454,-0.5651436563379442,0.8577256798744202
69112,335,922.5806,427.2,41164800,595,-0.002612127440849387,0.18604817708333332,0.2,8940,-0.005617334507405758,0.023952616820795355,0.0002,0.061016995,-0.5701528825378045,0.7933359593153
69322,336,808.1742,396.6,41287680,595,-0.0022188050181762265,0.18937906901041668,0.2,8950,0.0017306815134361386,0.019625719458666802,0.0002,0.06596855,-0.5731003077654168,0.8561483472585678
69553,337,973.5335,401.93333333333334,41410560,595,-0.0026352887817453546,0.18691650390625,0.2,8960,-0.021679826080799103,0.02034283472292922,0.0002,0.06676929,-0.5555403225418801,0.889393649995327
69762,338,1180.1171,437.3333333333333,41533440,595,-0.0024982781554717805,0.19408610026041667,0.2,8970,0.014837793074548244,0.025827984035688586,0.0002,0.0748433,-0.5550667868073409,0.8382652401924133
69981,339,944.2042,420.06666666666666,41656320,595,-0.0026235982416346814,0.19096272786458332,0.2,8980,-0.03373834490776062,0.01892861863767867,0.0002,0.07160318,-0.5629940254675845,0.8117576092481613
70193,340,1092.5398,433.46666666666664,41779200,595,-0.002628916077246686,0.188359375,0.2,8990,-0.00470333406701684,0.01855132298713253,0.0002,0.074611686,-0.5607879689491043,0.8048477470874786
70403,341,983.8875,408.6666666666667,41902080,595,-0.002961268431924206,0.18645345052083334,0.2,9000,0.006932837888598442,0.02301009227148029,0.0002,0.06517827,-0.5510220110571633,0.8260135799646378
70617,342,878.2157,394.93333333333334,42024960,595,-0.0032108789873457983,0.18789632161458333,0.2,9010,-0.0026481132954359055,0.023336467672407556,0.0002,0.06784283,-0.5541046297131106,0.8493305444717407
70830,343,745.2969,316.53333333333336,42147840,595,-0.001769468483835226,0.18572998046875,0.2,9020,-0.008914722129702568,0.025068290023899445,0.0002,0.066603936,-0.544490539751326,0.8368806391954422
71041,344,1083.2325,427.6,42270720,595,-0.0029763026011172164,0.19184977213541668,0.2,9030,-0.014202646911144257,0.02939464987950032,0.0002,0.0698312,-0.561842946219258,0.8642314225435257
71251,345,818.3527,387.3333333333333,42393600,594,-0.0026874894598904577,0.19627360026041665,0.2,9040,0.0031604208052158356,0.03964718065925657,0.0002,0.07469178,-0.555703473445028,0.879561111330986
71460,346,934.3996,385.06666666666666,42516480,594,-0.0021862400941154193,0.18557291666666667,0.2,9050,0.008535817265510559,0.023167379056444587,0.0002,0.07169921,-0.5395276446826756,0.8760996386408806
71671,347,928.4498,394.6666666666667,42639360,594,-0.0022825869639867356,0.18574462890625,0.2,9060,-0.0396883487701416,0.011436527823859895,0.0002,0.068813175,-0.539363385651571,0.8525334894657135
71881,348,830.5535,353.73333333333335,42762240,594,-0.0027333797434857844,0.18852294921875,0.2,9070,-0.016633372753858566,0.02100905634598045,0.0002,0.07209081,-0.5359388873679564,0.8344322443008423
72092,349,868.66504,412.93333333333334,42885120,594,-0.0030280567110366973,0.19287679036458333,0.2,9080,0.0031398129649460316,0.02986631079651905,0.0002,0.07620439,-0.5491473479211951,0.8419798165559769
72302,350,965.89703,407.6666666666667,43008000,594,-0.003111385246223411,0.18988525390625,0.2,9090,-0.019168805330991745,0.02598413813915291,0.0002,0.06990432,-0.5374667143883805,0.8074477165937424
72522,351,977.6683,434.2,43130880,594,-0.002606800719386229,0.18762613932291666,0.2,9100,0.04618885740637779,0.02238432065284011,0.0002,0.0684044,-0.5487498307119434,0.8984485566616058
72733,352,1065.5071,421.93333333333334,43253760,594,-0.0014472219032677458,0.18229899088541668,0.2,9110,0.03500785678625107,0.01992374224242724,0.0002,0.06523099,-0.5448688511302073,0.8812485933303833
72943,353,959.74255,414.8666666666667,43376640,594,-0.002579626874035057,0.18812581380208335,0.2,9120,-0.0034165328834205866,0.025402143702430824,0.0002,0.06620628,-0.5559658523447191,0.8395855277776718
73154,354,1036.9645,407.53333333333336,43499520,594,-0.002147926191496481,0.18650390625,0.2,9130,-0.0299069806933403,0.022375669813240694,0.0002,0.0694163,-0.5493360911263153,0.8529888391494751
73363,355,1048.0133,423.0,43622400,594,-0.0030887380736324605,0.18470458984375,0.2,9140,0.012037623673677444,0.02081964141414706,0.0002,0.07002271,-0.5499120957000802,0.8233514279127121
73574,356,874.18854,381.6,43745280,594,-0.003536302776883531,0.19365234375,0.2,9150,0.015283480286598206,0.0292469966228767,0.0002,0.07682689,-0.5475511877114574,0.82496377825737
73785,357,981.1412,415.06666666666666,43868160,594,-0.003553456246913811,0.19283610026041667,0.2,9160,-0.018475588411092758,0.021588157798425604,0.0002,0.0696953,-0.5559853630590563,0.8368403315544128
73996,358,1033.0094,439.93333333333334,43991040,594,-0.003504736497122091,0.18918701171875,0.2,9170,-0.006312025710940361,0.015401605459116468,0.0002,0.0711472,-0.5467140522273257,0.8665712177753448
74207,359,981.4161,424.53333333333336,44113920,594,-0.002873658767706123,0.18652913411458333,0.2,9180,0.007605636492371559,0.029248536328698265,0.0002,0.066418655,-0.542301345372883,0.8610899150371552
74417,360,1012.4975,431.53333333333336,44236800,594,-0.003460864719797125,0.18800048828125,0.2,9190,0.05724625289440155,0.02007408998173948,0.0002,0.06869173,-0.5408497755136341,0.8977624699473381
74628,361,950.8126,410.1333333333333,44359680,594,-0.002356588517924744,0.19272379557291666,0.2,9200,0.01781819574534893,0.03646511942011633,0.0002,0.07214511,-0.5489343466314798,0.6035637259483337
74838,362,853.86127,386.73333333333335,44482560,594,-0.0029229707046852125,0.19028157552083333,0.2,9210,-0.025926895439624786,0.03308098276957518,0.0002,0.07022405,-0.548235419165964,0.8386403620243073
75047,363,1021.15295,384.6,44605440,594,-0.002388676849708039,0.1918798828125,0.2,9220,-0.037103258073329926,0.01596570933995546,0.0002,0.064818665,-0.5581352347973734,0.862794503569603
75279,364,1090.4452,414.3333333333333,44728320,594,-0.0032736016209219086,0.18600341796875,0.2,9230,-0.006358081474900246,0.02094898143998762,0.0002,0.07576027,-0.5410596242702256,0.8355142176151276
75490,365,969.6822,415.8666666666667,44851200,594,-0.0037179795392664043,0.19432861328125,0.2,9240,0.006190906278789043,0.020133068866410517,0.0002,0.06952178,-0.5562179837049916,0.8524736016988754
75701,366,1069.4497,450.0,44974080,594,-0.003230956633845684,0.19058837890625,0.2,9250,0.11524060368537903,0.01984073159736397,0.0002,0.07023203,-0.5471680689339216,0.862452507019043
75911,367,1060.514,427.0,45096960,594,-0.0025946314607548024,0.18731201171875,0.2,9260,-0.01679118350148201,0.015885787112695483,0.0002,0.070430055,-0.546011296788541,0.8399505317211151
