time/total_timesteps,rollout/ep_len_mean,rollout/ep_rew_mean,time/fps,time/iterations,time/time_elapsed,train/learning_rate,train/loss,train/explained_variance,train/clip_fraction,train/n_updates,train/policy_gradient_loss,train/value_loss,train/clip_range,train/approx_kl,train/entropy_loss
122880,430.0,1544.4777,5996,1,20,,,,,,,,,,
245760,339.46666666666664,1192.6202,1239,2,198,0.0002,0.12267257273197174,0.6444686353206635,0.44420735677083334,1940,-0.006140328073309623,0.2601487360042908,0.2,0.1669116,-1.2543510877558341
368640,422.73333333333335,1508.9622,961,3,383,0.0002,0.02242426946759224,0.7065287828445435,0.444521484375,1950,-0.00657614559693684,0.13144666008728867,0.2,0.17155106,-1.24119866621991
491520,383.3333333333333,1382.5759,878,4,559,0.0002,0.06673607230186462,0.7244095504283905,0.4413956705729167,1960,-0.007001867278243784,0.12985634446328428,0.2,0.15890306,-1.2771564992920805
614400,433.6,1563.6545,835,5,735,0.0002,0.02788197621703148,0.7189083397388458,0.439814453125,1970,-0.006411753859780826,0.1290640115008379,0.2,0.15680712,-1.2736251075721035
737280,432.26666666666665,1525.0344,810,6,910,0.0002,0.05768568441271782,0.7187761068344116,0.43929850260416664,1980,-0.00665647775619315,0.12937192660290747,0.2,0.1599429,-1.2740103157547613
860160,409.1333333333333,1505.7532,787,7,1092,0.0002,0.06932774186134338,0.7069610357284546,0.43924641927083335,1990,-0.006540596842144927,0.1331665371740625,0.2,0.1659209,-1.256267886546751
983040,366.26666666666665,1354.569,774,8,1269,0.0002,0.1931079924106598,0.7237093448638916,0.4383935546875,2000,-0.006574514800474086,0.12864906125537043,0.2,0.15808508,-1.251669230669116
1105920,424.26666666666665,1517.6287,764,9,1445,0.0002,0.06129053980112076,0.7143566608428955,0.4362386067708333,2010,-0.0066370482821730544,0.13857414517891206,0.2,0.15437466,-1.2753459626187882
1228800,389.4,1394.9332,758,10,1619,0.0002,0.023412125185132027,0.714360773563385,0.43806315104166665,2020,-0.006656192632896516,0.13260228438312577,0.2,0.16024728,-1.246876818574965
1351680,381.3333333333333,1348.2792,752,11,1795,0.0002,0.009690124541521072,0.6968502700328827,0.43652587890625,2030,-0.0068898954208028345,0.13578058355740116,0.2,0.1609154,-1.2269926252961159
1474560,405.73333333333335,1495.7971,747,12,1971,0.0002,0.023428596556186676,0.733998030424118,0.43468343098958334,2040,-0.006940845526769408,0.12761572800275947,0.2,0.16782604,-1.2391984380067635
1597440,396.26666666666665,1435.3784,743,13,2148,0.0002,-0.00871090404689312,0.7136206328868866,0.43680745442708335,2050,-0.007857985003180754,0.13316286236600716,0.2,0.15309912,-1.247888161142667
1720320,377.3333333333333,1378.2573,739,14,2325,0.0002,-0.004607832059264183,0.6994766592979431,0.43733072916666665,2060,-0.006562234319268706,0.13272157398440565,0.2,0.16421165,-1.2009154136882474
1843200,380.8666666666667,1405.0684,736,15,2502,0.0002,0.04915054142475128,0.6998010873794556,0.43496907552083336,2070,-0.0069081418702929415,0.1372792995244769,0.2,0.15971865,-1.224484797725454
1966080,381.0,1387.8351,734,16,2678,0.0002,-0.0171972569078207,0.7034205794334412,0.4358902994791667,2080,-0.0071101028304716846,0.13060531293294236,0.2,0.15388732,-1.2358280730992555
2088960,377.0,1358.886,731,17,2856,0.0002,0.005332170054316521,0.712268590927124,0.4322005208333333,2090,-0.006397575234162408,0.1317017258675575,0.2,0.1575387,-1.2222177000933636
2211840,384.06666666666666,1367.6818,729,18,3032,0.0002,0.033275991678237915,0.6849648058414459,0.43079182942708333,2100,-0.006980468188800539,0.13929668451736993,0.2,0.1536534,-1.2094177955357979
2334720,399.06666666666666,1441.5375,727,19,3209,0.0002,-0.008530477061867714,0.7003162205219269,0.4335986328125,2110,-0.007356701837658572,0.13040064786357106,0.2,0.15628809,-1.2121660346289476
2457600,404.53333333333336,1490.8885,725,20,3387,0.0002,-0.007954327389597893,0.7121545076370239,0.4326888020833333,2120,-0.007549507537029664,0.12995297561690677,0.2,0.15623516,-1.238300086905559
2580480,375.93333333333334,1411.2396,722,21,3570,0.0002,0.025158224627375603,0.6963663995265961,0.43396240234375,2130,-0.006976134848658452,0.13353212814846,0.2,0.15507825,-1.2322015463809173
2703360,360.73333333333335,1323.7848,718,22,3760,0.0002,0.02450150065124035,0.7099022269248962,0.43220133463541666,2140,-0.007755317107688218,0.12756961200376585,0.2,0.15376654,-1.248712119171396
2826240,408.0,1504.2922,718,23,3936,0.0002,0.12266703695058823,0.6983058154582977,0.4323421223958333,2150,-0.007976499778918272,0.1329762109783284,0.2,0.14934422,-1.2664691288489849
2949120,406.0,1497.9436,716,24,4113,0.0002,-0.012297961860895157,0.7123373746871948,0.43316324869791667,2160,-0.006904448426454716,0.12727738878844927,0.2,0.15741923,-1.2370076406219352
3072000,376.53333333333336,1406.7366,716,25,4287,0.0002,0.00460430420935154,0.6992306411266327,0.4298828125,2170,-0.00769479993411854,0.12950633024864752,0.2,0.14908598,-1.2322338643173376
3194880,396.93333333333334,1468.9387,715,26,4464,0.0002,0.057455435395240784,0.703764945268631,0.4292854817708333,2180,-0.0068778278445703715,0.13274045259070893,0.2,0.15410422,-1.2218142115448911
3317760,428.8,1611.327,714,27,4641,0.0002,0.061364613473415375,0.7057563364505768,0.429501953125,2190,-0.006701570715225292,0.12251455916838798,0.2,0.1477951,-1.2287146546381216
3440640,437.2,1614.2065,714,28,4818,0.0002,0.021685488522052765,0.6904139220714569,0.43256184895833333,2200,-0.007685012878531173,0.13488156038937935,0.2,0.15308733,-1.2158974367783715
3563520,422.8,1591.992,712,29,4999,0.0002,0.006825298070907593,0.6858523488044739,0.4296720377604167,2210,-0.007562591142529224,0.12988440008892213,0.2,0.14926879,-1.2368805787960688
3686400,408.93333333333334,1513.375,711,30,5178,0.0002,0.03519802168011665,0.6981715559959412,0.42606201171875,2220,-0.0062879586813627,0.13704132230350902,0.2,0.15889591,-1.1842037382566681
3809280,361.73333333333335,1336.1246,711,31,5356,0.0002,-0.0168447382748127,0.7044888138771057,0.42938720703125,2230,-0.0069858422584608585,0.13173063468935045,0.2,0.1559877,-1.2038676957351466
3932160,397.8,1491.0172,710,32,5532,0.0002,0.18631377816200256,0.6835980117321014,0.42911946614583335,2240,-0.006895584748308465,0.13937333612557268,0.2,0.15103391,-1.2348057851350556
4055040,387.73333333333335,1454.3276,710,33,5706,0.0002,-0.013057008385658264,0.6945251226425171,0.43016194661458335,2250,-0.008397527558572619,0.1377593484069803,0.2,0.14941381,-1.2557832677507152
4177920,378.0,1417.2301,710,34,5882,0.0002,0.1398295760154724,0.7029201984405518,0.4271875,2260,-0.007242214592794578,0.13273788922010377,0.2,0.149967,-1.2160578916935871
4300800,420.8666666666667,1566.8906,709,35,6058,0.0002,-0.018210431560873985,0.6689736545085907,0.4305086263020833,2270,-0.0069633706801748,0.13994536782207434,0.2,0.15263398,-1.187843731685231
4423680,382.06666666666666,1418.7034,709,36,6234,0.0002,0.02850695699453354,0.6831558048725128,0.42947265625,2280,-0.007477857299406121,0.1339089660299942,0.2,0.1512812,-1.223759761924545
4546560,393.8,1425.0603,709,37,6409,0.0002,-4.5126304030418396e-05,0.716723620891571,0.42773600260416667,2290,-0.006907214217784106,0.12631464917600776,0.2,0.15523481,-1.2217800792958586
4669440,445.4,1661.9993,709,38,6584,0.0002,-0.030112743377685547,0.6877572536468506,0.4256315104166667,2300,-0.007086004154874293,0.13657335997132275,0.2,0.1566306,-1.2130351002141833
4792320,371.26666666666665,1385.5487,708,39,6761,0.0002,0.0599660687148571,0.6794233918190002,0.4287890625,2310,-0.006850739916553721,0.14464816819284654,0.2,0.15197767,-1.190792976922045
4915200,386.06666666666666,1450.6995,708,40,6937,0.0002,0.025916296988725662,0.6969447135925293,0.42922770182291664,2320,-0.007308914170286395,0.141619419939816,0.2,0.15761761,-1.2006794811195383
5038080,372.1333333333333,1409.2771,708,41,7113,0.0002,0.047518838196992874,0.7239645719528198,0.42598063151041665,2330,-0.007056516064906948,0.1309847600289504,0.2,0.15060641,-1.1834836868941785
5160960,405.8666666666667,1531.0433,707,42,7290,0.0002,0.02253037877380848,0.704362154006958,0.42449788411458333,2340,-0.008359047241501685,0.14230878196200744,0.2,0.15065774,-1.2075132260750978
5283840,410.46666666666664,1506.7872,707,43,7466,0.0002,0.05009406432509422,0.6934990286827087,0.42406087239583334,2350,-0.007011822995439919,0.13894735678719977,0.2,0.15276745,-1.1955845761547486
5406720,381.2,1435.3058,707,44,7643,0.0002,-0.015136785805225372,0.691712498664856,0.4250667317708333,2360,-0.007433340247007436,0.13485817798267818,0.2,0.15084356,-1.187894230717793
5529600,404.4,1500.3567,706,45,7821,0.0002,0.05292288959026337,0.7021961808204651,0.42365152994791666,2370,-0.006775874850476005,0.12854678394563962,0.2,0.151009,-1.1751594382834931
5652480,389.4,1435.3906,706,46,7999,0.0002,0.003098532557487488,0.6866157650947571,0.42389811197916666,2380,-0.008128389422987917,0.14148779710124168,0.2,0.15376636,-1.1769111693960925
5775360,408.6666666666667,1506.9642,706,47,8174,0.0002,0.002456873655319214,0.7060982584953308,0.4285986328125,2390,-0.0067941191512424365,0.13441710000295037,0.2,0.15574439,-1.1868648898756753
5898240,374.2,1430.9016,706,48,8352,0.0002,0.03783658519387245,0.676080733537674,0.42219482421875,2400,-0.007505397575635773,0.137063298895373,0.2,0.15213162,-1.1690981792813788
6021120,281.46666666666664,1073.9698,705,49,8528,0.0002,0.11273112893104553,0.6988145112991333,0.4208146158854167,2410,-0.007662937905982593,0.13556472207196446,0.2,0.1499519,-1.188122685138757
6144000,427.3333333333333,1573.0566,705,50,8703,0.0002,0.00659923255443573,0.6993300020694733,0.42089111328125,2420,-0.007797125513861829,0.13355482366023352,0.2,0.15134948,-1.164374237510686
6266880,401.3333333333333,1457.4236,705,51,8878,0.0002,0.006423640996217728,0.6908143162727356,0.4250284830729167,2430,-0.007557637827279299,0.14105361402209382,0.2,0.15902407,-1.1544342177826912
6389760,412.2,1529.4844,705,52,9057,0.0002,0.06052635610103607,0.6915101110935211,0.42126708984375,2440,-0.007827626927828533,0.1328592648632669,0.2,0.15014206,-1.170736642923827
6512640,400.46666666666664,1515.018,705,53,9235,0.0002,0.016632821410894394,0.6713690757751465,0.4249698893229167,2450,-0.007245323631796054,0.1455919888286735,0.2,0.15822223,-1.1489434907771647
6635520,420.93333333333334,1547.7156,705,54,9412,0.0002,0.013827912509441376,0.6846986413002014,0.4206290690104167,2460,-0.0077142670262946925,0.14299423226000121,0.2,0.15797496,-1.1544023054589827
6758400,406.0,1496.5316,704,55,9590,0.0002,0.028352390974760056,0.6846901178359985,0.42165283203125,2470,-0.007377784635057954,0.1346698409463473,0.2,0.15715666,-1.1512205622841913
6881280,370.46666666666664,1410.976,704,56,9768,0.0002,0.023418640717864037,0.6889819800853729,0.41806396484375,2480,-0.007406104182870574,0.1435494338715216,0.2,0.152177,-1.153899888470769
7004160,418.2,1548.6686,704,57,9946,0.0002,0.14978769421577454,0.664537250995636,0.42217447916666667,2490,-0.007941066261431236,0.14592479132756125,0.2,0.16759533,-1.1326573455364755
7127040,337.6,1277.5511,703,58,10124,0.0002,0.01449199765920639,0.683421790599823,0.41723307291666667,2500,-0.006422086968480774,0.140479546377901,0.2,0.15836386,-1.141939230536421
7249920,342.93333333333334,1317.3379,701,59,10337,0.0002,0.02363673225045204,0.707750678062439,0.4175333658854167,2510,-0.007862760543545544,0.13205618343907796,0.2,0.15398677,-1.1453202638123186
7372800,381.26666666666665,1447.1047,701,60,10513,0.0002,0.0958910807967186,0.6738215386867523,0.4179768880208333,2520,-0.007521431790028146,0.14300720750548257,0.2,0.15415554,-1.1407377835021664
7495680,324.73333333333335,1198.6481,700,61,10696,0.0002,0.001157917082309723,0.6778843998908997,0.41821451822916667,2530,-0.006428094917828276,0.1412995179994808,0.2,0.15550184,-1.1238180387206376
7618560,414.3333333333333,1569.5847,700,62,10873,0.0002,0.019657760858535767,0.7108019888401031,0.41614420572916666,2540,-0.007012328480129023,0.13861464797189305,0.2,0.15170714,-1.1504592219274492
7741440,344.73333333333335,1299.7673,700,63,11048,0.0002,0.08081145584583282,0.6649713218212128,0.41837483723958335,2550,-0.006954492898942893,0.145605816776709,0.2,0.15704988,-1.1398306399056066
7864320,368.8666666666667,1418.9868,700,64,11224,0.0002,0.046422459185123444,0.688744455575943,0.4162117513020833,2560,-0.007555721295908977,0.13822132044801644,0.2,0.15149885,-1.1544418645681191
7987200,377.6,1410.0002,700,65,11402,0.0002,0.06654508411884308,0.6915217936038971,0.41665283203125,2570,-0.007042355412486359,0.14101560508366673,0.2,0.15141903,-1.1408895808489372
8110080,324.93333333333334,1236.8085,700,66,11578,0.0002,0.0379101037979126,0.7120361030101776,0.41323486328125,2580,-0.0075885484346933174,0.13977459306518236,0.2,0.15038283,-1.1502744788769632
8232960,394.53333333333336,1451.1448,699,67,11763,0.0002,0.06727848947048187,0.686970978975296,0.41618733723958334,2590,-0.00611543894974299,0.1433537434747753,0.2,0.15283664,-1.1363560411923876
8355840,375.26666666666665,1430.1704,699,68,11938,0.0002,0.004084333777427673,0.6865842044353485,0.415576171875,2600,-0.007597526005556574,0.14271482862425425,0.2,0.15951201,-1.1397680385348699
8478720,408.8,1519.5243,699,69,12116,0.0002,0.013321183621883392,0.7000052332878113,0.4147021484375,2610,-0.006777998661206463,0.14040942618924115,0.2,0.15015933,-1.1437248088698835
8601600,425.53333333333336,1613.6129,699,70,12292,0.0002,0.15826471149921417,0.7136730551719666,0.41769612630208336,2620,-0.006942811835745791,0.14354896039983336,0.2,0.1525665,-1.1307614295308788
8724480,319.6,1200.069,699,71,12470,0.0002,-0.011811856180429459,0.6963261067867279,0.41284912109375,2630,-0.007104475935235921,0.13786321324267192,0.2,0.14850906,-1.1214482025057078
8847360,354.53333333333336,1346.1818,699,72,12649,0.0002,0.024820975959300995,0.7154808938503265,0.41463297526041665,2640,-0.008191796317714762,0.13791184325750994,0.2,0.14857492,-1.15110011835893
8970240,400.8666666666667,1527.6935,699,73,12825,0.0002,0.15608695149421692,0.6876029372215271,0.41458984375,2650,-0.00807013859937797,0.13728194892037815,0.2,0.1535051,-1.1240483504192282
9093120,344.1333333333333,1285.5,699,74,13002,0.0002,0.03861473128199577,0.6731773316860199,0.41498697916666666,2660,-0.007654052545494778,0.1466842300882369,0.2,0.15014009,-1.1274131614125023
9216000,347.8666666666667,1297.6743,699,75,13182,0.0002,0.04694425314664841,0.6955912411212921,0.4117122395833333,2670,-0.008223213839931607,0.13606385353040726,0.2,0.15229063,-1.1250073580505948
9338880,403.8666666666667,1537.5781,699,76,13359,0.0002,0.1585545688867569,0.674828439950943,0.4123453776041667,2680,-0.007283095695293014,0.14143137989051563,0.2,0.15307835,-1.10967923435693
9461760,420.6,1604.0706,698,77,13539,0.0002,0.1136944591999054,0.6645005941390991,0.41118733723958334,2690,-0.006582173296925855,0.14438076464585417,0.2,0.15110275,-1.114423697196568
9584640,369.26666666666665,1405.129,698,78,13718,0.0002,0.053291626274585724,0.6352032124996185,0.4112955729166667,2700,-0.007331611196962816,0.14637791950750398,0.2,0.14812602,-1.1164948730946829
9707520,394.46666666666664,1494.2047,698,79,13896,0.0002,0.06779785454273224,0.6696752309799194,0.41249918619791665,2710,-0.0074518439390340065,0.14357102244199874,0.2,0.15052937,-1.1072680782619864
9830400,349.8666666666667,1291.1245,698,80,14076,0.0002,0.0559711791574955,0.6785377264022827,0.41062093098958335,2720,-0.007265713439786244,0.14344370870598747,0.2,0.15326236,-1.1062790956286093
9953280,402.53333333333336,1502.8513,698,81,14254,0.0002,0.019701091572642326,0.685543954372406,0.41048095703125,2730,-0.007216811767005614,0.13810306878353004,0.2,0.15015689,-1.1039536602826168
10076160,406.53333333333336,1564.3044,698,82,14435,0.0002,0.09279341250658035,0.6729965806007385,0.40890299479166664,2740,-0.0073336222081161395,0.14379736266225032,0.2,0.1592981,-1.0921825922404726
10199040,394.1333333333333,1485.1754,697,83,14615,0.0002,0.02806694060564041,0.6446380019187927,0.40926513671875,2750,-0.007369723757680428,0.15031855214348375,0.2,0.14954327,-1.0936991265198837
10321920,336.26666666666665,1282.4255,697,84,14792,0.0002,-0.0056517720222473145,0.65047487616539,0.40996826171875,2760,-0.00800757805978113,0.14930373543980144,0.2,0.15274101,-1.1050214798717448
10444800,351.8,1310.864,697,85,14969,0.0002,0.03517240285873413,0.6755488514900208,0.40968180338541665,2770,-0.007945775617790786,0.14085497343194825,0.2,0.14682703,-1.1143962138642867
10567680,333.73333333333335,1241.082,697,86,15147,0.0002,0.029085196554660797,0.6718640029430389,0.4080965169270833,2780,-0.007633281747045354,0.14404221924138255,0.2,0.14721711,-1.0974032727566858
10690560,388.6,1501.0858,697,87,15327,0.0002,0.023907244205474854,0.6843623518943787,0.4109912109375,2790,-0.007667755499708922,0.1394823746897358,0.2,0.15173994,-1.1144388963934033
10813440,362.6666666666667,1357.3615,697,88,15504,0.0002,0.015482626855373383,0.6715498864650726,0.4109130859375,2800,-0.008067013483535751,0.14352906949381578,0.2,0.14941159,-1.126127252765
10936320,367.2,1374.9832,697,89,15680,0.0002,0.10686139017343521,0.675599992275238,0.41114664713541665,2810,-0.007999304132026737,0.1442724004459645,0.2,0.1542929,-1.1327216507215052
11059200,408.3333333333333,1525.1786,697,90,15860,0.0002,-0.02206793986260891,0.6772782802581787,0.4114111328125,2820,-0.008373450533144932,0.14575842132539643,0.2,0.15144326,-1.1334028098142395
11182080,412.6,1546.6876,697,91,16038,0.0002,0.08811768889427185,0.6734156608581543,0.40897216796875,2830,-0.00724537140329024,0.14620730134862242,0.2,0.15425467,-1.0939603803058466
11304960,422.26666666666665,1587.2336,697,92,16216,0.0002,0.032088249921798706,0.6714800596237183,0.4089558919270833,2840,-0.0075225365535819344,0.146918823698846,0.2,0.15518537,-1.1161008354121198
11427840,381.8,1436.983,696,93,16395,0.0002,0.019120164215564728,0.675465852022171,0.40776123046875,2850,-0.00713871101865152,0.14309591264968427,0.2,0.15670799,-1.0870987136568875
11550720,396.2,1499.3234,696,94,16573,0.0002,0.017847470939159393,0.699079155921936,0.4064990234375,2860,-0.006944775728861714,0.13624226629549716,0.2,0.14999785,-1.0946984496650596
11673600,331.93333333333334,1279.5469,696,95,16751,0.0002,0.02048870176076889,0.6806774139404297,0.40439208984375,2870,-0.007413236076560376,0.1403765606964589,0.2,0.14796266,-1.1162450606096537
11796480,360.06666666666666,1388.4371,696,96,16927,0.0002,0.11462551355361938,0.6680228412151337,0.4095100911458333,2880,-0.007978922767430655,0.14063062119608125,0.2,0.1549081,-1.110670406371355
11919360,384.4,1441.9462,696,97,17105,0.0002,0.030801869928836823,0.6338499784469604,0.40671875,2890,-0.008093973158568891,0.15517639572916475,0.2,0.15305758,-1.1055065363148848
12042240,400.6666666666667,1542.4196,695,98,17305,0.0002,0.09505225718021393,0.667870968580246,0.4062809244791667,2900,-0.007151465660645045,0.1428284699981062,0.2,0.14673956,-1.1128463899902998
12165120,376.06666666666666,1425.7096,695,99,17483,0.0002,0.15745335817337036,0.6876591145992279,0.40603515625,2910,-0.007684039922660304,0.13915818931418472,0.2,0.14598776,-1.1299232904675107
12288000,368.93333333333334,1395.2164,695,100,17660,0.0002,-0.005459807813167572,0.6822371482849121,0.406865234375,2920,-0.007834485384285775,0.14234326057873356,0.2,0.14473076,-1.1336351927990715
12410880,350.0,1347.7794,695,101,17837,0.0002,0.03685789555311203,0.6494037210941315,0.40784261067708333,2930,-0.007665935885615909,0.14867270206770627,0.2,0.15182598,-1.1307963630526017
12533760,425.0,1605.2528,695,102,18016,0.0002,0.01888645999133587,0.6714454293251038,0.40831136067708335,2940,-0.007915580143083693,0.14330984329940596,0.2,0.14780805,-1.1422452003291497
12656640,362.3333333333333,1385.6656,695,103,18192,0.0002,0.028153620660305023,0.6809909641742706,0.41006103515625,2950,-0.007806753623202288,0.14011969770450378,0.2,0.15109065,-1.1256338224653155
12779520,450.0,1690.5745,695,104,18371,0.0002,-0.010997757315635681,0.6715975105762482,0.4100594075520833,2960,-0.007173419733086727,0.1401114778474827,0.2,0.14942725,-1.1243402676781018
12902400,349.6,1349.2863,695,105,18546,0.0002,0.023130279034376144,0.6649504601955414,0.407060546875,2970,-0.007449605966485251,0.14691511879801206,0.2,0.15041709,-1.1123017178848387
13025280,388.93333333333334,1492.0988,695,106,18721,0.0002,0.053016357123851776,0.6761242747306824,0.40797770182291665,2980,-0.0074447368406981695,0.14084699959882224,0.2,0.14782219,-1.124741862549757
13148160,426.6,1619.2039,695,107,18898,0.0002,0.1126919761300087,0.6985384523868561,0.4046175130208333,2990,-0.0076626618533767515,0.13593330972110076,0.2,0.15243782,-1.118444191267093
13271040,429.1333333333333,1604.0541,695,108,19074,0.0002,-0.025855420157313347,0.6917422115802765,0.40745442708333335,3000,-0.008059290783688387,0.13316400581699175,0.2,0.14850737,-1.14257440320837
13393920,330.0,1257.1973,695,109,19251,0.0002,0.05463605001568794,0.6818167269229889,0.40909261067708336,3010,-0.008295230962315448,0.13806071116850943,0.2,0.149442,-1.1339582797512413
13516800,405.2,1526.4354,695,110,19429,0.0002,0.04709465429186821,0.6879804134368896,0.40562581380208335,3020,-0.007370651971402064,0.13922559447377958,0.2,0.14476775,-1.1298358551971615
13639680,391.8,1515.6289,695,111,19604,0.0002,0.06401430070400238,0.6687503457069397,0.40390869140625,3030,-0.00738775174290519,0.152285618786118,0.2,0.15252319,-1.1167600871343166
13762560,377.3333333333333,1392.9417,695,112,19781,0.0002,0.01902511902153492,0.6801310777664185,0.40759521484375,3040,-0.008481175060239063,0.14327446809135533,0.2,0.14920975,-1.144371830833455
13885440,422.8666666666667,1599.0834,695,113,19956,0.0002,0.09610256552696228,0.6388185322284698,0.40715413411458334,3050,-0.008505375043696403,0.14660236414318206,0.2,0.15085904,-1.130168586373329
14008320,430.53333333333336,1653.0623,695,114,20134,0.0002,-0.00880035012960434,0.6573097109794617,0.40595621744791666,3060,-0.008304240144825599,0.1507859502354404,0.2,0.15103509,-1.1176212776949008
14131200,378.1333333333333,1426.3973,695,115,20310,0.0002,0.043995026499032974,0.6428431570529938,0.40467203776041666,3070,-0.006900823066177206,0.15111850873654475,0.2,0.15500192,-1.1051371548573177
14254080,399.73333333333335,1482.3097,695,116,20487,0.0002,0.0077661387622356415,0.6680583357810974,0.40412027994791666,3080,-0.007838168758498796,0.14780335049523274,0.2,0.1480284,-1.126839296463877
14376960,393.46666666666664,1514.5353,695,117,20665,0.0002,0.09098702669143677,0.6673623621463776,0.40382731119791665,3090,-0.00777810291632098,0.14503986164626742,0.2,0.14956315,-1.1349635367592177
14499840,425.3333333333333,1609.038,695,118,20841,0.0002,0.043661974370479584,0.6950704157352448,0.4036051432291667,3100,-0.008740424347573328,0.13659515516095175,0.2,0.14574051,-1.144943169017012
14622720,388.53333333333336,1493.8647,695,119,21016,0.0002,-0.012143624946475029,0.6620276570320129,0.4035465494791667,3110,-0.008245432871517551,0.14528123358128747,0.2,0.14849424,-1.139533954129244
14745600,412.93333333333334,1562.9851,695,120,21189,0.0002,0.02264299988746643,0.6714359819889069,0.40412353515625,3120,-0.008581737993093459,0.14489729635592086,0.2,0.14997019,-1.1301214259459327
14868480,392.8666666666667,1526.7891,695,121,21363,0.0002,-0.004520285874605179,0.6681222915649414,0.40681070963541666,3130,-0.008377313420108596,0.14907418049144325,0.2,0.1482422,-1.1739306613523512
14991360,389.46666666666664,1479.6824,695,122,21539,0.0002,0.010846763849258423,0.6811329126358032,0.40463460286458336,3140,-0.007857667116404628,0.13778147066914243,0.2,0.14969043,-1.1404888507320234
15114240,408.53333333333336,1547.196,696,123,21714,0.0002,0.033537477254867554,0.6765429079532623,0.40777099609375,3150,-0.008371675335323138,0.1395231291644935,0.2,0.15332733,-1.1398364898345124
15237120,390.2,1492.9596,696,124,21892,0.0002,0.03678485378623009,0.6796004176139832,0.40435628255208333,3160,-0.008192811020671797,0.13820929324710354,0.2,0.14917223,-1.1451183652908852
15360000,411.6666666666667,1565.1602,696,125,22067,0.0002,0.014528242871165276,0.6656742691993713,0.410107421875,3170,-0.00804241391756174,0.14415484224213287,0.2,0.1521897,-1.1624819432881972
15482880,410.8666666666667,1576.4377,695,126,22245,0.0002,-0.012612562626600266,0.661902904510498,0.40349772135416667,3180,-0.006718093393061887,0.14773015489685348,0.2,0.14888887,-1.1358472632213186
15605760,394.3333333333333,1526.5555,696,127,22419,0.0002,0.029114628210663795,0.6718205511569977,0.40330403645833335,3190,-0.00791476071381112,0.13752897882048273,0.2,0.15102218,-1.1261680298112333
15728640,387.93333333333334,1472.837,696,128,22594,0.0002,0.06722995638847351,0.7154781520366669,0.4019970703125,3200,-0.008194833618557216,0.12904729199197998,0.2,0.15420514,-1.1483038133538017
15851520,377.93333333333334,1478.6769,696,129,22769,0.0002,0.005934605374932289,0.6751839220523834,0.40142415364583334,3210,-0.007614449351555474,0.1406296146386497,0.2,0.15113904,-1.1415289023611694
15974400,387.3333333333333,1494.3314,696,130,22944,0.0002,0.02889922820031643,0.7058110535144806,0.40182373046875,3220,-0.007553268757452922,0.13361504603381036,0.2,0.14845438,-1.1371810343892623
16097280,333.1333333333333,1299.3765,696,131,23119,0.0002,0.02124582976102829,0.6871102750301361,0.40158935546875,3230,-0.007491544000658905,0.14600053078019604,0.2,0.15386729,-1.1244287746710082
16220160,389.2,1501.1646,696,132,23295,0.0002,0.10111701488494873,0.6765366792678833,0.40671956380208335,3240,-0.007151545203948141,0.1368410419097442,0.2,0.15434523,-1.1201208607728284
16343040,356.6,1368.9752,696,133,23470,0.0002,0.019297722727060318,0.7047343254089355,0.40337158203125,3250,-0.007518385569043554,0.14272683901013805,0.2,0.14968204,-1.1320123894978316
16465920,344.8,1355.5142,696,134,23647,0.0002,0.11813268810510635,0.6821354031562805,0.40662353515625,3260,-0.007484811021064767,0.13749811144875518,0.2,0.15398477,-1.1323738634058584
16588800,358.46666666666664,1382.6594,696,135,23823,0.0002,0.10956181585788727,0.6763879656791687,0.40310302734375,3270,-0.008323833682795035,0.1389951259442023,0.2,0.15032253,-1.1591876221603403
16711680,362.46666666666664,1399.6785,696,136,24002,0.0002,0.0018936432898044586,0.6781816482543945,0.4023282877604167,3280,-0.008201805747388184,0.14515432170805675,0.2,0.15555137,-1.1427518000733108
16834560,342.6,1333.157,696,137,24182,0.0002,-0.023349877446889877,0.7084830403327942,0.3990885416666667,3290,-0.007974819665990557,0.13365218588936842,0.2,0.1508721,-1.12355100061434
16957440,403.8,1541.1637,696,138,24361,0.0002,0.032487496733665466,0.675555020570755,0.39689208984375,3300,-0.007248269255190583,0.14026622657179055,0.2,0.1523394,-1.1162439199785392
17080320,383.8,1452.357,696,139,24540,0.0002,0.07806351035833359,0.6692978143692017,0.40009440104166666,3310,-0.007364924363440271,0.14488511614123126,0.2,0.15150693,-1.1120245414723953
17203200,362.4,1403.4811,695,140,24720,0.0002,0.040785063058137894,0.6646289229393005,0.40111083984375,3320,-0.007857173381398751,0.14731690303471018,0.2,0.1564069,-1.1107951496262103
17326080,424.1333333333333,1629.8535,695,141,24897,0.0002,0.0949292927980423,0.6673622727394104,0.4000520833333333,3330,-0.007103797433034439,0.14386376687558367,0.2,0.15015681,-1.1304606445319951
17448960,350.6666666666667,1345.0946,695,142,25075,0.0002,0.028421849012374878,0.6898400485515594,0.39549560546875,3340,-0.006960941236172099,0.13525546717554485,0.2,0.15341823,-1.115579459971438
17571840,346.1333333333333,1345.7751,695,143,25253,0.0002,0.0028941743075847626,0.6679764091968536,0.39838134765625,3350,-0.00783186154948756,0.14216965433898926,0.2,0.15081003,-1.1217232370624939
17694720,363.2,1412.9464,695,144,25430,0.0002,0.05107222869992256,0.6720013320446014,0.3988346354166667,3360,-0.007938358483940344,0.13756823820459735,0.2,0.15300454,-1.1285457045057168
17817600,331.46666666666664,1261.4514,695,145,25609,0.0002,0.008723324164748192,0.6815439462661743,0.3951822916666667,3370,-0.007334108913394933,0.13809357322965904,0.2,0.15225193,-1.123653404324626
17940480,361.93333333333334,1369.3502,695,146,25789,0.0002,0.07394725829362869,0.7012604176998138,0.3984016927083333,3380,-0.007878343652719196,0.14195281621495573,0.2,0.15595858,-1.1349289554171265
18063360,364.6,1409.2737,695,147,25967,0.0002,0.019024912267923355,0.6845604181289673,0.39581787109375,3390,-0.0071376216038758385,0.14660311490015981,0.2,0.1515056,-1.1385471828561275
18186240,413.26666666666665,1559.0563,695,148,26147,0.0002,0.015788959339261055,0.6700314283370972,0.3985904947916667,3400,-0.008245029880884734,0.14052307751621507,0.2,0.14919804,-1.1429225344862788
18309120,405.4,1542.1954,695,149,26325,0.0002,0.09371878206729889,0.6446110606193542,0.400986328125,3410,-0.007657281670993446,0.14460639223398175,0.2,0.15055805,-1.136246092642347
18432000,338.26666666666665,1331.961,695,150,26504,0.0002,0.11845241487026215,0.6762595474720001,0.39652425130208335,3420,-0.007469395331821336,0.14543698863805427,0.2,0.14970814,-1.1432105820377667
18554880,349.53333333333336,1350.8635,695,151,26684,0.0002,0.14479482173919678,0.6726880371570587,0.395224609375,3430,-0.00828532295228797,0.14145313557596334,0.2,0.14589532,-1.168395902843525
18677760,344.0,1330.4379,695,152,26864,0.0002,0.014217851683497429,0.6752320528030396,0.39706298828125,3440,-0.007927425264679187,0.13823940677510108,0.2,0.14980593,-1.151599102166171
18800640,378.0,1483.2827,695,153,27043,0.0002,-0.04922333359718323,0.6757917106151581,0.39431396484375,3450,-0.007507964471187734,0.14182894314813893,0.2,0.15540066,-1.1260045956199367
18923520,405.6666666666667,1591.8949,695,154,27221,0.0002,0.11886860430240631,0.6976042091846466,0.3935929361979167,3460,-0.007699893766584864,0.13933475371828535,0.2,0.1444315,-1.1495881345774979
19046400,375.2,1439.3414,695,155,27398,0.0002,-0.002099808305501938,0.7072250247001648,0.4005533854166667,3470,-0.002701332318780866,0.19480425957871678,0.2,0.16379403,-1.153364475298052
19169280,390.53333333333336,1494.3485,695,156,27576,0.0002,0.007717762142419815,0.6581592559814453,0.39684977213541667,3480,-0.007652912736915217,0.14273574881401146,0.2,0.14815703,-1.1628991337213666
19292160,414.06666666666666,1596.0973,695,157,27754,0.0002,0.01672445610165596,0.6767758131027222,0.3970060221354167,3490,-0.007601420836169079,0.1350707505515311,0.2,0.14722373,-1.1433182227611542
19415040,373.1333333333333,1459.8658,695,158,27935,0.0002,0.03576354682445526,0.6451602280139923,0.3985441080729167,3500,-0.007470092286348517,0.14286404478538317,0.2,0.149341,-1.155688404502968
19537920,312.6666666666667,1237.1849,694,159,28114,0.0002,0.09523005038499832,0.6641789376735687,0.39611572265625,3510,-0.008014937851366994,0.1401559871911498,0.2,0.147527,-1.1674356706254185
19660800,355.2,1395.562,694,160,28293,0.0002,0.14814221858978271,0.67770716547966,0.3961897786458333,3520,-0.008285496235766915,0.1434349320331239,0.2,0.14543715,-1.1553866685181857
19783680,395.53333333333336,1567.1737,694,161,28471,0.0002,0.04649563878774643,0.6561504006385803,0.39708089192708335,3530,-0.008461215547783164,0.1452685225821915,0.2,0.15488768,-1.1605039649518827
19906560,291.3333333333333,1172.702,694,162,28649,0.0002,0.0852171927690506,0.6681711971759796,0.3933357747395833,3540,-0.008154028701871235,0.13711747320495002,0.2,0.14242738,-1.147618250005568
20029440,406.2,1600.8834,693,163,28864,0.0002,0.05824124068021774,0.6876887679100037,0.39347412109375,3550,-0.008340876409874909,0.14463389910650828,0.2,0.14036462,-1.1850753220636399
20152320,329.3333333333333,1311.5144,693,164,29044,0.0002,0.02278491109609604,0.6712135374546051,0.39007161458333334,3560,-0.008238497561809102,0.13464728193134456,0.2,0.14137179,-1.1492560016394904
20275200,299.93333333333334,1200.0679,693,165,29224,0.0002,0.02658981643617153,0.6974540054798126,0.3935294596354167,3570,-0.00795669582126114,0.13848627644232087,0.2,0.14175701,-1.1784252953312049
20398080,388.2,1538.7845,693,166,29405,0.0002,0.019100438803434372,0.7050208151340485,0.39011474609375,3580,-0.00772956723494038,0.1324482995813014,0.2,0.15156887,-1.1619398508686571
20520960,358.3333333333333,1407.8302,693,167,29585,0.0002,0.0267585851252079,0.7028156220912933,0.392255859375,3590,-0.008275834640038131,0.1376592176935325,0.2,0.13783713,-1.2003734809532762
20643840,387.8666666666667,1490.127,693,168,29763,0.0002,0.020288456231355667,0.6574609875679016,0.39130533854166666,3600,-0.007519790933074546,0.1489572858956914,0.2,0.14364935,-1.1628079064376653
20766720,420.2,1626.7653,693,169,29939,0.0002,0.00709911435842514,0.6952290236949921,0.3934806315104167,3610,-0.007947668702090595,0.14099915904982482,0.2,0.1460032,-1.1586305341962726
20889600,337.53333333333336,1357.2618,693,170,30116,0.0002,-0.011620115488767624,0.6940243542194366,0.39293538411458334,3620,-0.00729635285557985,0.13675379138595115,0.2,0.14334606,-1.1658401219329486
21012480,352.8666666666667,1370.7179,693,171,30295,0.0002,0.08999442309141159,0.6920775175094604,0.3919930013020833,3630,-0.008234455288923831,0.1353119381152404,0.2,0.1449696,-1.148520974908024
21135360,410.2,1601.5568,693,172,30471,0.0002,0.03431165963411331,0.697147786617279,0.3909635416666667,3640,-0.007519208185428094,0.13376518882248395,0.2,0.14394964,-1.1505219092282155
21258240,380.46666666666664,1440.2938,693,173,30650,0.0002,-0.007803440093994141,0.6841833889484406,0.3928043619791667,3650,-0.007350235944322776,0.14610082364602325,0.2,0.15300736,-1.1481911506627998
21381120,399.93333333333334,1595.9603,693,174,30828,0.0002,0.0329769030213356,0.508209764957428,0.3940087890625,3660,-0.00637043424610359,0.1724086430729949,0.2,0.15033592,-1.1509698678242664
21504000,406.53333333333336,1577.9662,693,175,31008,0.0002,-0.0006157010793685913,0.6606516540050507,0.39359619140625,3670,-0.007489333015679828,0.14528030620810264,0.2,0.14829354,-1.134449909068644
21626880,356.3333333333333,1412.452,693,176,31185,0.0002,0.10940016806125641,0.6626664400100708,0.38892252604166666,3680,-0.0074444705453546095,0.14048790429718794,0.2,0.14912936,-1.1428202259975175
21749760,300.06666666666666,1189.2552,693,177,31364,0.0002,0.06656081974506378,0.5370133221149445,0.39385904947916667,3690,-0.0063850717001939,0.17889189975898867,0.2,0.14984871,-1.1293813571923723
21872640,362.93333333333334,1422.0579,693,178,31544,0.0002,0.010727601125836372,0.5280673503875732,0.39040690104166664,3700,-0.005619554727575936,0.16817827299402174,0.2,0.14994945,-1.1280879406444728
21995520,393.6666666666667,1569.2219,693,179,31721,0.0002,0.05305880308151245,0.6671360433101654,0.3909171549479167,3710,-0.00796107190903058,0.13692531914498735,0.2,0.14681022,-1.1620420763206978
22118400,400.8666666666667,1566.0906,693,180,31898,0.0002,0.13880062103271484,0.6659434735774994,0.388056640625,3720,-0.007425581062458757,0.1382952676996744,0.2,0.14612268,-1.1307552653147528
22241280,397.06666666666666,1578.7316,693,181,32079,0.0002,0.08170200139284134,0.5835175216197968,0.3894376627604167,3730,-0.00642409313313389,0.15652776005561464,0.2,0.1478775,-1.133432161230594
22364160,397.2,1582.9628,693,182,32259,0.0002,-0.0020891614258289337,0.660088062286377,0.3856282552083333,3740,-0.007606464917729075,0.14254245929875956,0.2,0.14242657,-1.1341690198145806
22487040,426.6666666666667,1699.0289,693,183,32440,0.0002,0.047881610691547394,0.4188912510871887,0.38908203125,3750,-0.002965916109975903,0.23282379496037417,0.2,0.15128414,-1.1262363724317401
22609920,404.53333333333336,1604.5403,693,184,32617,0.0002,0.008171403780579567,0.6632311940193176,0.38877685546875,3760,-0.0076966974375075855,0.14961292988766217,0.2,0.14841674,-1.1363408791242788
22732800,434.6666666666667,1659.2375,693,185,32793,0.0002,-0.006498625501990318,0.6404130458831787,0.38794514973958333,3770,-0.0076446805859935315,0.15830224065216802,0.2,0.15237227,-1.1020663315802812
22855680,338.3333333333333,1358.5638,693,186,32972,0.0002,-0.009252024814486504,0.6895841360092163,0.38528889973958336,3780,-0.00701673584426923,0.13811525218450696,0.2,0.14535564,-1.1252016152627766
22978560,364.8666666666667,1453.1808,693,187,33150,0.0002,0.05093437433242798,0.4911893606185913,0.38415608723958333,3790,-0.006777892588876663,0.17743055908028812,0.2,0.15094016,-1.1136386117121826
23101440,405.1333333333333,1593.3683,693,188,33330,0.0002,-0.016260340809822083,0.6528037786483765,0.38848551432291667,3800,-0.006230229105743395,0.17146959404820034,0.2,0.1536226,-1.1209234815028806
23224320,433.26666666666665,1672.7363,693,189,33508,0.0002,0.044214360415935516,0.6550281941890717,0.38408040364583335,3810,-0.006922963169883284,0.15836749831951843,0.2,0.1490378,-1.1171126706618815
23347200,413.0,1644.2235,693,190,33685,0.0002,0.036460988223552704,0.6504368185997009,0.38299397786458333,3820,-0.0063134750761431255,0.15884304361476098,0.2,0.14708608,-1.0905368291058888
23470080,269.26666666666665,1089.42,693,191,33863,0.0002,-0.00016718916594982147,0.6935769021511078,0.38250813802083333,3830,-0.006637423851013106,0.1489445429679472,0.2,0.14788476,-1.1054524833615869
23592960,382.6666666666667,1555.0,693,192,34040,0.0002,-0.008100483566522598,0.6537767648696899,0.38147705078125,3840,-0.007545542376125619,0.15042858725695016,0.2,0.14654301,-1.1009073315281421
23715840,421.93333333333334,1679.8503,693,193,34220,0.0002,0.0657951608300209,0.6652043461799622,0.38050211588541666,3850,-0.0071882614941750946,0.14749711218745992,0.2,0.14870429,-1.0860412967639665
23838720,387.8666666666667,1528.7567,692,194,34401,0.0002,0.010871630162000656,0.6624292135238647,0.38328694661458335,3860,-0.007719026557800437,0.14121533845949064,0.2,0.14476314,-1.110261215834568
23961600,421.53333333333336,1615.0935,692,195,34581,0.0002,0.018006715923547745,0.6417590379714966,0.38327718098958335,3870,-0.006279909393312361,0.15859420744847738,0.2,0.14770755,-1.0829025245302668
24084480,406.1333333333333,1588.8652,692,196,34761,0.0002,0.007167689502239227,0.6143162250518799,0.382548828125,3880,-0.007094454210952487,0.15872640152539438,0.2,0.14919557,-1.0995327445305885
24207360,363.06666666666666,1400.6405,692,197,34941,0.0002,0.04159783944487572,0.4363204836845398,0.38317952473958333,3890,-0.006132772592324424,0.2092104464142661,0.2,0.14798366,-1.0981174683198334
24330240,444.2,1746.8362,692,198,35121,0.0002,0.06909880042076111,0.32058703899383545,0.38482177734375,3900,-0.004726907049183258,0.28425183576560814,0.2,0.15396203,-1.080956281730905
24453120,416.73333333333335,1639.3109,692,199,35300,0.0002,0.1436617225408554,0.6663646399974823,0.37961018880208336,3910,-0.006369849440749628,0.1480074332311051,0.2,0.14812158,-1.100485819245999
24576000,423.2,1663.8251,692,200,35509,0.0002,0.04686514660716057,0.581678569316864,0.38165608723958333,3920,-0.00735550469205009,0.1939763923335704,0.2,0.15190265,-1.1005775395904978
24698880,379.53333333333336,1509.3768,692,201,35691,0.0002,0.03889618068933487,0.45937007665634155,0.3850325520833333,3930,-0.005945851335424474,0.20735386408613218,0.2,0.15335971,-1.1013281830307096
24821760,418.1333333333333,1649.815,691,202,35871,0.0002,0.05985065549612045,0.6807195246219635,0.3823193359375,3940,-0.007152819566066076,0.1432462146691978,0.2,0.14831382,-1.1115036043524742
24944640,417.8666666666667,1677.1688,691,203,36049,0.0002,0.09689044952392578,0.48767173290252686,0.37970540364583333,3950,-0.00639066641713119,0.18289174195592448,0.2,0.1462863,-1.115391291383033
25067520,368.06666666666666,1477.1316,691,204,36231,0.0002,0.017730388790369034,0.6200805008411407,0.38246988932291665,3960,-0.007465676896199511,0.16234163775166963,0.2,0.15108815,-1.1149978492191683
25190400,349.0,1415.5846,691,205,36412,0.0002,-0.00934562087059021,0.5033323466777802,0.38102132161458335,3970,-0.0065788199597833835,0.19683595229056663,0.2,0.14278081,-1.1071518171361336
25313280,423.3333333333333,1648.192,691,206,36590,0.0002,0.013936419039964676,0.5695177614688873,0.3832755533854167,3980,-0.0066764561061245335,0.19988013742229668,0.2,0.1490203,-1.0862170987886688
25436160,401.6,1592.158,691,207,36769,0.0002,0.05714079737663269,0.6226246953010559,0.3790763346354167,3990,-0.007233417466804895,0.18517192002909724,0.2,0.14564997,-1.1297017038427293
25559040,376.93333333333334,1491.7435,691,208,36949,0.0002,0.08532542735338211,-0.8050304651260376,0.379521484375,4000,-0.006964297004245357,0.27952195312730815,0.2,0.14879198,-1.107758008170252
25681920,330.4,1307.6058,691,209,37130,0.0002,-0.01078006811439991,0.686922013759613,0.3813753255208333,4010,-0.008212884091347709,0.14224243582769608,0.2,0.14588352,-1.130431898953393
25804800,406.8,1614.4324,691,210,37310,0.0002,0.046139270067214966,0.6102586090564728,0.380888671875,4020,-0.008299885866435944,0.15533192004096538,0.2,0.14699478,-1.11544714850684
25927680,414.3333333333333,1647.6776,691,211,37492,0.0002,0.039468321949243546,0.20828306674957275,0.3784993489583333,4030,-0.0054504735325220585,0.25314244648625994,0.2,0.15182066,-1.103366677602753
26050560,390.46666666666664,1553.6542,691,212,37675,0.0002,0.008202113211154938,0.6201949119567871,0.3783138020833333,4040,-0.007609812865678881,0.15291012576567786,0.2,0.14793041,-1.097583193037038
26173440,404.6666666666667,1591.6127,691,213,37853,0.0002,0.01900644041597843,-0.1630394458770752,0.38202555338541666,4050,-0.005769881005599018,0.40186083903419784,0.2,0.15086152,-1.0963931584823876
26296320,351.53333333333336,1415.3025,690,214,38069,0.0002,-0.009425202384591103,0.5553493499755859,0.37621826171875,4060,-0.006489274663387429,0.1759651796994149,0.2,0.14966331,-1.072252596799905
26419200,360.8666666666667,1443.4039,690,215,38251,0.0002,0.08600080758333206,0.4806501865386963,0.3778409830729167,4070,-0.006322651180198591,0.20965126601882123,0.2,0.14560366,-1.0828205391081671
26542080,401.06666666666666,1607.2943,689,216,38467,0.0002,-0.004245195537805557,0.5091569721698761,0.37675537109375,4080,-0.006026263703388395,0.17440582970593824,0.2,0.1465694,-1.069178351170073
26664960,363.6666666666667,1492.9806,689,217,38649,0.0002,0.039822712540626526,0.10728639364242554,0.3777872721354167,4090,-0.00685622226158254,0.23528415367987085,0.2,0.14445256,-1.071893210603545
26787840,299.46666666666664,1207.8046,689,218,38829,0.0002,-0.009283669292926788,0.6425957083702087,0.37530517578125,4100,-0.006470216080445728,0.1541749161692375,0.2,0.1445929,-1.0711729455180465
26910720,351.73333333333335,1401.1588,689,219,39012,0.0002,0.09239959716796875,0.530600905418396,0.3772810872395833,4110,-0.007017579192931104,0.17593345963949106,0.2,0.14560066,-1.0886325323954225
27033600,339.53333333333336,1383.2312,689,220,39194,0.0002,-0.010114440694451332,0.37685132026672363,0.37911051432291665,4120,-0.006502628572400984,0.2185787697027748,0.2,0.14455204,-1.0925218526273965
27156480,417.06666666666666,1678.7688,689,221,39374,0.0002,0.031017571687698364,-0.05565905570983887,0.38158040364583334,4130,-0.005084248994850592,0.37157982148676333,0.2,0.1464704,-1.093371157469228
27279360,416.3333333333333,1688.2367,689,222,39557,0.0002,0.07323016226291656,0.16090691089630127,0.37681477864583335,4140,-0.005145553703666034,0.4082711042549151,0.2,0.13966255,-1.1086952017930647
27402240,412.6,1676.9534,689,223,39738,0.0002,0.030062325298786163,-0.14739394187927246,0.37933268229166667,4150,-0.004902899846756554,0.48170822687524684,0.2,0.15087326,-1.0549375614896417
27525120,344.0,1389.0588,689,224,39918,0.0002,0.1699095070362091,0.03280198574066162,0.3785099283854167,4160,-0.003585638080573214,0.8265312564369136,0.2,0.14890108,-1.0923797927796841
27648000,290.4,1173.2249,689,225,40100,0.0002,0.009226744994521141,0.5986741483211517,0.37506266276041667,4170,-0.006348003378282859,0.15442716787258784,0.2,0.14539453,-1.0672320761252194
27770880,393.26666666666665,1586.7955,689,226,40281,0.0002,0.0717148408293724,0.5577161610126495,0.3784765625,4180,-0.006635262386486526,0.15903374715378352,0.2,0.14628302,-1.0856647532464316
27893760,336.6,1353.7345,688,227,40498,0.0002,0.1210709661245346,0.6441870331764221,0.3764990234375,4190,-0.007550145956599105,0.1503108332544798,0.2,0.14125521,-1.0912033981985103
28016640,363.46666666666664,1448.5052,688,228,40679,0.0002,0.013214554637670517,-0.05051696300506592,0.37847249348958334,4200,-0.005707690438011923,0.8276497042849466,0.2,0.1459449,-1.0792996125047405
28139520,397.4,1581.051,688,229,40860,0.0002,0.03317611292004585,0.21584248542785645,0.3792268880208333,4210,-0.0036601180692014167,1.4202371297366334,0.2,0.14355667,-1.0757306875350574
28262400,422.8,1697.9844,688,230,41041,0.0002,0.019623003900051117,0.6606650054454803,0.37579915364583333,4220,-0.006667411494302845,0.1578058609457609,0.2,0.13966316,-1.1118013131028661
28385280,414.3333333333333,1657.9113,688,231,41224,0.0002,0.019850414246320724,0.22763746976852417,0.37444661458333334,4230,-0.007284998363090078,0.203304435723403,0.2,0.14288184,-1.0925183016217004
28508160,378.73333333333335,1532.8481,688,232,41406,0.0002,0.12037300318479538,-0.039348483085632324,0.3747916666666667,4240,-0.00648307787607943,0.4050894591058993,0.2,0.14208978,-1.1014975422775994
28631040,440.93333333333334,1744.1643,688,233,41588,0.0002,0.01144382730126381,0.41612398624420166,0.37543619791666666,4250,-0.006884484954280196,0.1971152901254633,0.2,0.13928841,-1.1172117139988889
28753920,309.3333333333333,1252.4487,688,234,41769,0.0002,0.02632356435060501,-0.19725406169891357,0.3753279622395833,4260,-0.005609637283444802,6.065363995414324,0.2,0.13925232,-1.1247777519468218
28876800,344.46666666666664,1383.3652,688,235,41951,0.0002,0.230941042304039,-0.8716094493865967,0.37511474609375,4270,-0.005709056012504637,1.1866108120339534,0.2,0.14042518,-1.1247414864196132
28999680,392.6666666666667,1588.0178,688,236,42136,0.0002,0.003259921446442604,0.5174866020679474,0.37263834635416665,4280,-0.007833132433685629,0.16283777332835597,0.2,0.19013296,-1.1140157453125963
29122560,426.06666666666666,1718.8297,687,237,42338,0.0002,0.27642613649368286,0.6193479299545288,0.37497884114583335,4290,-0.007645829684503648,0.19606426869868301,0.2,0.1430907,-1.1353244509920477
29245440,362.0,1464.8568,687,238,42521,0.0002,0.03875363990664482,-0.13264012336730957,0.37777913411458336,4300,-0.006186545402985454,0.32136996793812916,0.2,0.13579664,-1.137915644859895
29368320,384.53333333333336,1528.3547,687,239,42718,0.0002,0.015948275104165077,-0.03035593032836914,0.37705810546875,4310,-0.004678746822488999,3.0071812514420406,0.2,0.14207731,-1.1336537264908353
29491200,388.73333333333335,1581.3362,687,240,42900,0.0002,0.020046448335051537,0.3573361039161682,0.37425130208333335,4320,-0.007383634480047477,0.2537753214957775,0.2,0.1367071,-1.1161975585948676
29614080,397.6666666666667,1585.9937,687,241,43081,0.0002,0.024053113535046577,-0.09634733200073242,0.3763525390625,4330,-0.00644499932999679,0.24084093796050488,0.2,0.14115267,-1.1068804011990627
29736960,402.26666666666665,1608.3776,687,242,43263,0.0002,0.012796275317668915,0.5844689607620239,0.37221435546875,4340,-0.007076413910284221,0.18324875457416057,0.2,0.13767871,-1.127687754134337
29859840,378.8,1518.1248,687,243,43445,0.0002,2.1590235233306885,-0.7432770729064941,0.37413818359375,4350,-0.006197583476356764,0.927480450301858,0.2,0.14093612,-1.1188672298192979
29982720,383.26666666666665,1556.7852,687,244,43626,0.0002,0.12463290244340897,-0.462446928024292,0.37706298828125,4360,-0.004992557289770047,0.7919282423492404,0.2,0.14140652,-1.1299774588551372
30105600,405.8666666666667,1569.3442,687,245,43807,0.0002,0.06983017921447754,0.4107566475868225,0.37041097005208334,4370,-0.007520490538384669,0.1684797857812373,0.2,0.13084109,-1.136455014447371
30228480,385.53333333333336,1529.259,687,246,43989,0.0002,-0.003302883356809616,0.6601473689079285,0.3810221354166667,4380,8.258282053551132e-06,4.928893920390401,0.2,0.15297726,-1.1333849957647424
30351360,375.1333333333333,1523.346,687,247,44168,0.0002,0.07204907387495041,0.02273118495941162,0.3765966796875,4390,-0.006353929531045044,0.2847518820475671,0.2,0.13569944,-1.1239706572672974
30474240,431.4,1723.9548,687,248,44350,0.0002,0.11813916265964508,0.5951303839683533,0.37163736979166667,4400,-0.00774669178851885,0.16075493060430746,0.2,0.13704161,-1.131094082063064
30597120,386.4,1561.2655,687,249,44532,0.0002,0.10114254057407379,-1.0596652030944824,0.37202799479166665,4410,-0.0053273407045162455,1.7659402330989058,0.2,0.14166181,-1.1433074499325206
30720000,362.4,1471.2677,687,250,44715,0.0002,0.011471875943243504,0.38265103101730347,0.37221842447916664,4420,-0.007444397669872463,0.20435564943909412,0.2,0.13301052,-1.143505359860137
30842880,443.3333333333333,1816.8187,686,251,44898,0.0002,0.046948544681072235,-0.21412992477416992,0.3741886393229167,4430,-0.00450478005334844,1.0954394114984705,0.2,0.13608344,-1.1573595841104785
30965760,420.26666666666665,1624.8558,686,252,45116,0.0002,0.039519574493169785,0.4359959363937378,0.37142008463541665,4440,-0.007196306879650365,0.19866070554795442,0.2,0.1315986,-1.1464078506361692
31088640,378.6666666666667,1555.4614,686,253,45298,0.0002,0.0002608615905046463,0.354558527469635,0.37194173177083334,4450,-0.007237481759451232,0.3588964063768314,0.2,0.13099402,-1.1532030160569897
31211520,432.3333333333333,1761.6001,685,254,45511,0.0002,0.07464862614870071,0.5018285512924194,0.36932210286458333,4460,-0.00644741406886169,0.23864706957664264,0.2,0.13160561,-1.154902868103236
31334400,384.93333333333334,1529.3391,685,255,45695,0.0002,0.09760391712188721,0.00983041524887085,0.37174072265625,4470,-0.006478197304671388,0.409106713750031,0.2,0.13543238,-1.1382314721184472
31457280,340.6666666666667,1357.977,685,256,45879,0.0002,0.019820265471935272,0.07414758205413818,0.37445719401041666,4480,-0.005332252669607745,1.104767624649879,0.2,0.13047357,-1.1547021087817848
31580160,418.1333333333333,1743.6439,685,257,46061,0.0002,0.08223754167556763,0.32031500339508057,0.3719840494791667,4490,-0.007277820399188689,0.22477690675266784,0.2,0.1291974,-1.1584737479841958
31703040,320.1333333333333,1310.0165,685,258,46244,0.0002,0.044169165194034576,-0.5836992263793945,0.3757478841145833,4500,-0.00656254052329435,0.5672521548130317,0.2,0.13489895,-1.1515998446568847
31825920,377.93333333333334,1555.1981,685,259,46427,0.0002,0.11350695043802261,0.32073092460632324,0.3775382486979167,4510,-0.0014359578304962877,1.5593385553351253,0.2,0.13803183,-1.1725812431331724
31948800,372.93333333333334,1510.3518,685,260,46607,0.0002,0.005522139370441437,0.571479320526123,0.3720548502604167,4520,-0.007434157263408754,0.16237702527005846,0.2,0.1311968,-1.135855223328496
32071680,374.6,1499.7307,685,261,46791,0.0002,0.0469946414232254,0.41940659284591675,0.37462158203125,4530,-0.006821565472170429,0.40403676837711827,0.2,0.135359,-1.152841240496685
32194560,410.6,1664.7408,685,262,46971,0.0002,0.011807456612586975,0.27279406785964966,0.37466064453125,4540,-0.004376982688084657,1.1627852457898553,0.2,0.13358682,-1.1381029239203782
32317440,384.8666666666667,1595.9833,685,263,47153,0.0002,10.54702377319336,-0.13792622089385986,0.37250406901041666,4550,-0.003673372423162012,11.19118169498853,0.2,0.13644078,-1.1154265039352078
32440320,390.6666666666667,1621.3921,685,264,47336,0.0002,-0.004796998575329781,0.5327237248420715,0.36908447265625,4560,-0.007646076718998908,0.1565243452935829,0.2,0.13174671,-1.1371285428355138
32563200,382.53333333333336,1558.0271,685,265,47521,0.0002,0.008038710802793503,0.3925601840019226,0.3736165364583333,4570,-0.005827566191413401,0.762510955290442,0.2,0.1346304,-1.1479064705781639
32686080,426.3333333333333,1745.23,685,266,47705,0.0002,0.12739011645317078,0.31121140718460083,0.3724267578125,4580,-0.004308404339056627,1.334153403478073,0.2,0.13881744,-1.1241217142871271
32808960,420.6666666666667,1700.6469,685,267,47884,0.0002,-0.006621835753321648,0.6733111441135406,0.3692732747395833,4590,-0.0072423926964499214,0.1536092336438014,0.2,0.13008705,-1.1136420327921708
32931840,417.26666666666665,1685.9017,685,268,48071,0.0002,-0.011694250628352165,0.6535258889198303,0.36719889322916666,4600,-0.007722904461879807,0.16351218715581733,0.2,0.13439344,-1.115724871031319
33054720,408.4,1686.4208,684,269,48255,0.0002,-0.04056207090616226,0.0995403528213501,0.3699674479166667,4610,-0.0061699877251552,0.3010856699444897,0.2,0.1310958,-1.1077624739551295
33177600,343.46666666666664,1406.0157,684,270,48436,0.0002,0.0013949088752269745,0.6034643352031708,0.36457926432291665,4620,-0.008325869755614501,0.16239944107064125,0.2,0.12697256,-1.1382845393319925
33300480,414.8666666666667,1695.3606,684,271,48619,0.0002,0.02087337151169777,0.45007532835006714,0.3693155924479167,4630,-0.007172902256152156,0.1970680140615635,0.2,0.13442555,-1.1201343907850485
33423360,380.46666666666664,1560.9397,684,272,48801,0.0002,0.04641947150230408,0.5486270189285278,0.3683854166666667,4640,-0.007560953245786853,0.19198069257836323,0.2,0.13145976,-1.1302879966236652
33546240,409.6,1687.4719,684,273,48982,0.0002,0.030396094545722008,0.40378010272979736,0.3726416015625,4650,-0.005296650315728281,0.7587742871579637,0.2,0.13833748,-1.1529925372668852
33669120,338.6666666666667,1388.9728,684,274,49164,0.0002,-0.007154718041419983,0.4077675938606262,0.36651041666666667,4660,-0.007269624017862952,0.20578589775347306,0.2,0.13481124,-1.1443903931478658
33792000,390.8666666666667,1613.9165,684,275,49344,0.0002,0.04181019216775894,0.1334747076034546,0.37039794921875,4670,-0.00768405777493778,0.24637131122765518,0.2,0.1352624,-1.1249441556508342
33914880,407.73333333333335,1677.512,684,276,49527,0.0002,0.042360007762908936,0.4662230610847473,0.3644710286458333,4680,-0.007689196191774196,0.19724348569075423,0.2,0.14930971,-1.1410700374127676
34037760,395.2,1632.862,684,277,49707,0.0002,-0.004937019199132919,-0.011119484901428223,0.3656510416666667,4690,-0.0064548641660743065,1.6246696095281126,0.2,0.13409193,-1.132678352408111
34160640,369.2,1530.5338,684,278,49889,0.0002,0.45383819937705994,0.11561745405197144,0.36882975260416667,4700,-0.005398575209904569,1.1381072111911879,0.2,0.14338379,-1.1216918106594433
34283520,385.4,1541.8961,684,279,50071,0.0002,0.061017200350761414,0.6785240173339844,0.36387044270833335,4710,-0.00827378761901855,0.15073759417437638,0.2,0.13228133,-1.1131398856298378
34406400,430.4,1773.283,684,280,50253,0.0002,0.015340435318648815,0.5844471156597137,0.3620174153645833,4720,-0.0075887745954241834,0.17330736334251318,0.2,0.1330195,-1.1199357364047318
34529280,400.6666666666667,1624.6797,684,281,50435,0.0002,0.05635114014148712,-0.7309137582778931,0.3670068359375,4730,-0.005020816164311934,3.336030604550324,0.2,0.13739285,-1.1145954959839584
34652160,450.0,1815.1498,684,282,50616,0.0002,0.03193361684679985,0.43579208850860596,0.36681396484375,4740,-0.006450491831998685,0.21161704709860107,0.2,0.13731395,-1.130966334771365
34775040,403.06666666666666,1687.5391,684,283,50799,0.0002,0.109000064432621,0.14951187372207642,0.3671337890625,4750,-0.0064355982085180586,0.2888986701972317,0.2,0.13442257,-1.1200368960636358
34897920,395.6,1603.7274,684,284,50979,0.0002,-0.011306758970022202,-0.15069293975830078,0.3670353190104167,4760,-0.004161105851787094,0.6763798591996116,0.2,0.13781472,-1.1238055356933425
35020800,388.4,1602.4785,684,285,51163,0.0002,-0.0023292675614356995,-0.26399457454681396,0.36715576171875,4770,-0.006912525166408159,0.23514127167543242,0.2,0.13772443,-1.1071555245636653
35143680,357.0,1491.7445,684,286,51347,0.0002,0.10237401723861694,0.44693857431411743,0.36607991536458334,4780,-0.0051261737606031,0.2264993960169765,0.2,0.1352512,-1.1234541376431784
35266560,394.26666666666665,1548.7463,684,287,51529,0.0002,-0.004494141787290573,0.4062783718109131,0.36171549479166665,4790,-0.007187631886487604,0.19254434913755783,0.2,0.13081263,-1.107012530186524
35389440,348.26666666666665,1425.038,683,288,51749,0.0002,0.058419644832611084,0.09618580341339111,0.3644913736979167,4800,-0.006820509111621504,0.2890862257572007,0.2,0.1320957,-1.1177683488621066
35512320,401.1333333333333,1645.0852,683,289,51934,0.0002,-0.01616281270980835,0.687317281961441,0.3641650390625,4810,-0.007748957506022028,0.16500409605621827,0.2,0.13165519,-1.1284628405670325
35635200,334.0,1365.808,683,290,52119,0.0002,0.07844553887844086,0.22800827026367188,0.36296712239583334,4820,-0.00632414035326292,0.24279618024389493,0.2,0.13415724,-1.1256186577429375
35758080,401.46666666666664,1601.2794,683,291,52303,0.0002,0.010913373902440071,0.6916611194610596,0.36231689453125,4830,-0.007551831814331915,0.14741827787162037,0.2,0.12981047,-1.1273057365386436
35880960,405.53333333333336,1654.3717,683,292,52488,0.0002,0.007585112005472183,0.7173073589801788,0.35864908854166666,4840,-0.008879250382724422,0.147298970175907,0.2,0.12686603,-1.142683271622906
36003840,414.93333333333334,1714.2297,683,293,52671,0.0002,-0.011381825432181358,0.5445100367069244,0.3605875651041667,4850,-0.007377141410955422,0.17558133039817525,0.2,0.13446721,-1.1204209267999976
36126720,343.93333333333334,1378.4714,683,294,52856,0.0002,0.0818103477358818,0.6656804978847504,0.35942626953125,4860,-0.006620287829585626,0.16859826425100133,0.2,0.13275813,-1.1060765239130705
36249600,385.53333333333336,1553.1855,683,295,53040,0.0002,0.019932907074689865,0.6831213235855103,0.35977620442708336,4870,-0.0069075575038429335,0.1552165860211244,0.2,0.1260275,-1.1379770927441617
36372480,388.73333333333335,1606.715,683,296,53224,0.0002,0.06202997639775276,0.09004580974578857,0.36437337239583334,4880,-0.00548578523247367,1.157135364181886,0.2,0.13042326,-1.1287545604351907
36495360,359.46666666666664,1487.524,683,297,53407,0.0002,0.05642487108707428,0.4051153063774109,0.36503011067708335,4890,-0.004240528872530073,0.8555275363824331,0.2,0.1434651,-1.1270012705742072
36618240,417.4,1702.3689,683,298,53591,0.0002,0.03147715702652931,0.18815529346466064,0.36234375,4900,-0.003630727756202153,0.34652228077000474,0.2,0.12877972,-1.1298656534714004
36741120,402.8666666666667,1653.1205,683,299,53773,0.0002,0.015441954135894775,0.6773613095283508,0.3583707682291667,4910,-0.007010481641949203,0.1503995311629842,0.2,0.12643452,-1.1601233727453897
36864000,366.0,1523.966,683,300,53954,0.0002,-0.022448036819696426,-0.5503536462783813,0.3616129557291667,4920,-0.0062089710289243765,0.3181006554410366,0.2,0.13495612,-1.10481680584761
36986880,401.1333333333333,1707.3962,683,301,54138,0.0002,0.05085114762187004,0.14134818315505981,0.36282796223958336,4930,-0.0062431971788100785,0.24403089587440868,0.2,0.13553575,-1.120613149187217
37109760,354.26666666666665,1479.6156,683,302,54320,0.0002,-0.024841362610459328,0.482951283454895,0.3598583984375,4940,-0.006510024319262205,0.21655850425110354,0.2,0.14139885,-1.1204429105731348
37232640,427.06666666666666,1757.8063,683,303,54505,0.0002,0.12078064680099487,-0.262729287147522,0.36340657552083333,4950,-0.005058150902320146,1.016277850018038,0.2,0.13257359,-1.1241575049702077
37355520,367.26666666666665,1512.3204,683,304,54688,0.0002,0.027530599385499954,0.6308958828449249,0.3579833984375,4960,-0.005645450751411166,0.1875205415333039,0.2,0.12954965,-1.115476560567816
37478400,333.1333333333333,1390.8505,683,305,54870,0.0002,0.02679196000099182,0.06926637887954712,0.3660986328125,4970,-0.0005726421803440947,2.333945913622059,0.2,0.13937777,-1.1228813643722484
37601280,359.06666666666666,1491.8917,682,306,55055,0.0002,-0.008841721341013908,0.6553412675857544,0.35734130859375,4980,-0.007524450522560074,0.16271121845114977,0.2,0.12871477,-1.1286135893842826
37724160,412.8,1714.1781,682,307,55242,0.0002,0.012303583323955536,0.5503368675708771,0.35884440104166665,4990,-0.007349223733544932,0.20204726070990242,0.2,0.13003148,-1.1436563197306047
37847040,409.93333333333334,1667.5721,682,308,55427,0.0002,0.24385395646095276,0.6547235548496246,0.35915201822916665,5000,-0.008033100607905604,0.17047910859624002,0.2,0.127217,-1.1354651287725817
37969920,444.8666666666667,1821.3844,682,309,55612,0.0002,0.028178906068205833,0.598134845495224,0.3573128255208333,5010,-0.006938838001994251,0.17903652288708446,0.2,0.1301057,-1.1217334145649025
38092800,420.1333333333333,1738.1788,682,310,55799,0.0002,0.013860762119293213,0.3265600800514221,0.35977783203125,5020,-0.005746403860709203,0.3666306366232069,0.2,0.13011357,-1.133826208859682
38215680,378.3333333333333,1567.3375,682,311,55984,0.0002,-0.0037547405809164047,0.7264342308044434,0.35120361328125,5030,-0.007575703367268337,0.14046463194943498,0.2,0.122872494,-1.1383566474169493
38338560,382.3333333333333,1525.6366,682,312,56169,0.0002,0.020138904452323914,-1.203847885131836,0.35577555338541667,5040,-0.006116214102554901,1.715800682924746,0.2,0.12648733,-1.1151453828252853
38461440,387.3333333333333,1600.5494,682,313,56351,0.0002,0.00028067827224731445,0.4077313542366028,0.36078776041666666,5050,-0.003363220508417726,10.782447410541257,0.2,0.13654476,-1.1551910236415763
38584320,381.4,1512.8667,682,314,56534,0.0002,0.11403012275695801,0.6174985468387604,0.3612215169270833,5060,-0.004964737436333356,0.19792047004875107,0.2,0.13754879,-1.1188195349959036
38707200,391.3333333333333,1623.7722,682,315,56717,0.0002,0.05194670334458351,0.6368061602115631,0.3577099609375,5070,-0.007762389712761433,0.15740104864768606,0.2,0.13304015,-1.1396806661225856
38830080,410.0,1679.7887,682,316,56899,0.0002,-0.006694436073303223,0.558112382888794,0.36052001953125,5080,-0.001898499643084506,0.7537035578294308,0.2,0.14264679,-1.1337761519259464
38952960,353.6666666666667,1490.8513,682,317,57099,0.0002,0.03322088345885277,0.6931436061859131,0.35386800130208335,5090,-0.008503550273192863,0.14839770909699534,0.2,0.13074309,-1.1118821459636092
39075840,356.46666666666664,1486.9486,682,318,57284,0.0002,0.036020614206790924,-0.6879940032958984,0.35438395182291665,5100,-0.006407562322380424,0.6896091075375443,0.2,0.12895253,-1.1363338241912424
39198720,370.1333333333333,1526.7352,682,319,57469,0.0002,0.056985415518283844,0.23739278316497803,0.35527425130208334,5110,-0.007043494263119404,0.2033366395502041,0.2,0.12947287,-1.1391847849606227
39321600,407.3333333333333,1666.6652,682,320,57652,0.0002,0.07966341078281403,0.6894434094429016,0.35313720703125,5120,-0.0074125042535403435,0.15746503447619034,0.2,0.12997063,-1.1358863689377905
39444480,417.3333333333333,1723.6238,681,321,57836,0.0002,0.014075547456741333,-0.9501688480377197,0.35406982421875,5130,-0.0053266581094612775,0.9504778371649445,0.2,0.14001504,-1.1433147494960576
39567360,393.06666666666666,1593.5222,681,322,58021,0.0002,0.09955668449401855,-1.404756784439087,0.3528059895833333,5140,-0.007269998927489117,0.4449721986596705,0.2,0.12649491,-1.134139783376207
39690240,308.73333333333335,1271.0679,681,323,58205,0.0002,0.34303173422813416,0.3088740110397339,0.35218668619791665,5150,-0.004069253869032157,9.818742427376952,0.2,0.13136587,-1.1239626652592172
39813120,352.8666666666667,1487.3121,681,324,58389,0.0002,0.03915004804730415,0.7050971686840057,0.34899495442708334,5160,-0.007459238680342727,0.15371760587140065,0.2,0.13088778,-1.1103905891130368
39936000,385.93333333333334,1591.4473,681,325,58573,0.0002,0.1237005740404129,0.03529000282287598,0.35454182942708334,5170,-0.0018562970070403631,40.15793948361398,0.2,0.13484873,-1.1028700098612656
40058880,414.3333333333333,1696.6245,681,326,58758,0.0002,0.044201742857694626,0.24186962842941284,0.3491365559895833,5180,-0.00697907254649787,0.23051404234730094,0.2,0.12494038,-1.1183207541455824
40181760,385.26666666666665,1613.2347,681,327,58942,0.0002,0.039658114314079285,0.6885998845100403,0.34723876953125,5190,-0.007872887466176811,0.15493199156995008,0.2,0.12595019,-1.1210029241908341
40304640,411.06666666666666,1707.907,681,328,59127,0.0002,0.031566910445690155,0.06547927856445312,0.34791422526041665,5200,-0.005615808333950554,0.35522921568054394,0.2,0.129134,-1.134334957540656
40427520,397.2,1643.9911,681,329,59311,0.0002,0.02504069358110428,0.23298245668411255,0.3499625651041667,5210,-0.006330371811303242,0.2837410151525789,0.2,0.13090867,-1.135639429135869
40550400,420.8666666666667,1742.5562,681,330,59498,0.0002,0.01708303391933441,0.7172365188598633,0.34705240885416666,5220,-0.008239764026826985,0.147339741581042,0.2,0.12288861,-1.1311617960873992
40673280,381.26666666666665,1580.3485,681,331,59684,0.0002,0.049773089587688446,0.6814861297607422,0.3452327473958333,5230,-0.007403695711206334,0.14764063124622528,0.2,0.12545481,-1.1097673544846476
40796160,449.8,1878.1948,681,332,59869,0.0002,-0.034546248614788055,0.38427597284317017,0.34722330729166667,5240,-0.006632540147860103,0.17532623162784147,0.2,0.12663382,-1.112762799359237
40919040,394.6666666666667,1670.4182,681,333,60052,0.0002,0.05600912868976593,0.6149685382843018,0.34265787760416666,5250,-0.00646698827004002,0.16478442906014001,0.2,0.12714191,-1.143810032621647
41041920,349.4,1429.021,681,334,60234,0.0002,0.03722498565912247,0.3255336284637451,0.34637451171875,5260,-0.007962144412816391,0.18198427550271543,0.2,0.12577039,-1.1318843822243314
41164800,376.53333333333336,1566.046,681,335,60419,0.0002,0.23257671296596527,0.6278249025344849,0.34373616536458335,5270,-0.007104873772101806,0.16888612892168264,0.2,0.13069604,-1.14455118771332
41287680,377.4,1557.7793,681,336,60604,0.0002,0.04672207683324814,0.6992904543876648,0.34712076822916665,5280,-0.007456837922709383,0.16357669034895175,0.2,0.1320451,-1.1368123610969634
41410560,398.8666666666667,1652.6472,681,337,60789,0.0002,0.08307599276304245,0.49769991636276245,0.3439534505208333,5290,-0.007135407403062952,0.17517963059741304,0.2,0.124829166,-1.1265745454716185
41533440,394.73333333333335,1635.9491,681,338,60972,0.0002,0.03001566231250763,0.6421233117580414,0.34292154947916664,5300,-0.007585756832449988,0.19725230576722727,0.2,0.13104145,-1.1122856025832395
41656320,429.1333333333333,1756.106,681,339,61155,0.0002,0.05521228164434433,0.2260277271270752,0.34534830729166666,5310,-0.00681562641212319,0.3148172185779549,0.2,0.1310367,-1.1254078920558095
41779200,367.26666666666665,1542.4353,681,340,61340,0.0002,0.020675985142588615,0.6421465873718262,0.34550130208333335,5320,-0.007237604369292967,0.1640945158348768,0.2,0.12981166,-1.1160574278080215
41902080,442.2,1844.785,681,341,61523,0.0002,0.08337453007698059,-2.8049886226654053,0.3433154296875,5330,-0.005939011901130773,2.7232487791505022,0.2,0.12989737,-1.1180773932207375
42024960,409.73333333333335,1678.6586,681,342,61705,0.0002,0.01561817154288292,0.6996083557605743,0.34100667317708333,5340,-0.0075036383166965,0.14658129271973544,0.2,0.13184631,-1.123455310969924
42147840,433.93333333333334,1803.6958,681,343,61890,0.0002,0.1022210568189621,-0.08902919292449951,0.3465958658854167,5350,-0.005020366901023105,2.3657868960997437,0.2,0.13742514,-1.1242938319717843
42270720,404.8666666666667,1671.3387,680,344,62080,0.0002,-0.0008458718657493591,-0.8149869441986084,0.3450439453125,5360,-0.0073724873853764925,16.84276247634591,0.2,0.13552135,-1.1296327832123885
42393600,355.1333333333333,1489.562,680,345,62266,0.0002,0.016642581671476364,0.5849195420742035,0.3370133463541667,5370,-0.006830486702486572,0.16522705513217564,0.2,0.12999745,-1.1162540879131606
42516480,393.0,1620.8577,680,346,62452,0.0002,0.02567864954471588,0.35820990800857544,0.34161783854166666,5380,-0.006206095442700341,0.20286226364124255,0.2,0.1356019,-1.1244467447977513
42639360,364.6,1548.4904,680,347,62640,0.0002,0.014446917921304703,0.6796306073665619,0.34031087239583335,5390,-0.008101479771912636,0.15725972853853212,0.2,0.12951174,-1.114400814731295
42762240,365.6666666666667,1523.0262,680,348,62825,0.0002,-0.00451340526342392,0.48593389987945557,0.34049397786458335,5400,-0.006956447162435021,0.18198697405032968,0.2,0.13809726,-1.1397071319321792
42885120,330.2,1329.8864,680,349,63010,0.0002,0.06409119069576263,0.08821684122085571,0.3390348307291667,5410,-0.006721450146997086,0.27649116723633294,0.2,0.13335866,-1.126496925673758
43008000,430.06666666666666,1762.6458,680,350,63197,0.0002,0.06209005415439606,0.5590574741363525,0.3415169270833333,5420,-0.007472202799602504,0.1810117089683384,0.2,0.13283516,-1.1117685433787605
43130880,377.8,1514.3314,680,351,63382,0.0002,0.03518758714199066,-0.7680881023406982,0.33699869791666665,5430,-0.005907049052123815,0.3017098744986773,0.2,0.12945403,-1.1240678868815304
43253760,427.6,1699.3024,680,352,63569,0.0002,0.006229721009731293,0.5158480107784271,0.3370084635416667,5440,-0.008686587943126748,0.20596072558682257,0.2,0.12935492,-1.1208329849969596
43376640,395.0,1660.3022,680,353,63754,0.0002,-0.012112673372030258,0.7094897329807281,0.3403173828125,5450,-0.007663278247976754,0.15181627581672122,0.2,0.13298807,-1.1158276048426827
43499520,419.53333333333336,1725.9778,680,354,63941,0.0002,0.03685694932937622,0.6986277997493744,0.34037190755208335,5460,-0.007454293736415518,0.14493367780931293,0.2,0.13052808,-1.114197468239193
43622400,404.3333333333333,1648.7091,680,355,64129,0.0002,0.0328068882226944,0.6683580577373505,0.33793050130208335,5470,-0.0046319274721827244,0.18424708970579862,0.2,0.13082424,-1.101470376815026
43745280,418.46666666666664,1708.9636,680,356,64316,0.0002,-0.006041225045919418,0.7056899666786194,0.3403214518229167,5480,-0.007702127493178826,0.1444375136322924,0.2,0.13468835,-1.1009761795587838
43868160,380.8666666666667,1551.9746,680,357,64503,0.0002,0.015010999515652657,0.39299190044403076,0.33886474609375,5490,-0.005896839905708475,0.20506567100829368,0.2,0.13740492,-1.0853885350221146
43991040,391.6,1598.9381,680,358,64690,0.0002,0.04142853990197182,-0.0011131763458251953,0.33746337890625,5500,-0.007248159283814554,0.2135302453712211,0.2,0.1291461,-1.0814546707303574
44113920,361.06666666666666,1496.618,679,359,64900,0.0002,0.053367067128419876,0.7079061567783356,0.338017578125,5510,-0.007373497591591634,0.14032089271912507,0.2,0.15281653,-1.0794678076449782
44236800,395.6666666666667,1627.5441,679,360,65085,0.0002,0.029403790831565857,0.10477960109710693,0.34103597005208336,5520,-0.003992208392392058,0.33481400670677736,0.2,0.14040254,-1.0885413922183216
44359680,362.0,1508.9099,679,361,65272,0.0002,0.026001419872045517,0.7296395599842072,0.3379410807291667,5530,-0.007261506290675849,0.14399524772539735,0.2,0.13722073,-1.0663764157767097
44482560,387.8666666666667,1575.9808,679,362,65458,0.0002,0.10930843651294708,0.661328911781311,0.33885579427083334,5540,-0.00795002463378599,0.15455433239393945,0.2,0.15031573,-1.087337012697632
44605440,383.73333333333335,1590.2537,679,363,65644,0.0002,0.09942452609539032,0.5365736782550812,0.34209879557291667,5550,-0.004090780918838088,0.2883645691280253,0.2,0.13222589,-1.098238916254292
44728320,359.93333333333334,1449.7332,679,364,65827,0.0002,0.02293650060892105,0.16958928108215332,0.33786702473958335,5560,-0.006396664391838082,0.46892812786934274,0.2,0.12942159,-1.086668876412635
44851200,399.6,1652.882,679,365,66013,0.0002,0.04615819454193115,0.5908192098140717,0.33653157552083335,5570,-0.006671684003401121,0.1799694239544139,0.2,0.13738202,-1.0614550820458681
44974080,404.2,1670.7137,679,366,66197,0.0002,0.06385253369808197,0.5851464867591858,0.33850504557291666,5580,-0.004074459317119666,0.9329046672922171,0.2,0.1319096,-1.0692071850659948
45096960,415.6,1718.2952,679,367,66383,0.0002,0.04662702977657318,0.3988384008407593,0.3377962239583333,5590,-0.006085197632928612,0.17718231623099806,0.2,0.12942557,-1.0736840756051242
