time/fps,time/iterations,time/time_elapsed,rollout/ep_len_mean,time/total_timesteps,rollout/ep_rew_mean,train/entropy_loss,train/learning_rate,train/clip_fraction,train/clip_range,train/approx_kl,train/value_loss,train/loss,train/n_updates,train/policy_gradient_loss,train/explained_variance
6437,1,19,450.0,122880,674.0332,,,,,,,,,,
1439,2,170,437.84,245760,682.8939,-4.271009042238195,0.0003,0.061481119791666664,0.2,0.009216655,0.21452879469735003,0.04617226868867874,10,-0.005146999827726783,0.05507749319076538
1141,3,322,450.0,368640,730.2936,-4.259706359480818,0.0003,0.14236653645833333,0.2,0.014727605,0.0498505116267188,-0.013185827061533928,20,-0.015246008184300688,0.4929209351539612
1042,4,471,450.0,491520,763.9775,-4.2413333752503,0.0003,0.2032470703125,0.2,0.018655546,0.05068000047734434,-0.04130106419324875,30,-0.020824633881705572,0.6507273614406586
989,5,620,450.0,614400,798.6195,-4.222725201969346,0.0003,0.2453955078125,0.2,0.022552276,0.05795722311493592,0.004081429913640022,40,-0.0227927602527537,0.67954421043396
955,6,771,450.0,737280,811.3982,-4.201610885138313,0.0003,0.2811531575520833,0.2,0.02631238,0.05935148947823715,-0.03204766660928726,50,-0.024609724229206525,0.6549288928508759
895,7,960,446.7,860160,831.4247,-4.180999656071266,0.0003,0.30475016276041667,0.2,0.029418357,0.06455952211845821,-0.025725387036800385,60,-0.02476824014961797,0.6175610423088074
855,8,1149,444.9,983040,862.0733,-4.164171122511228,0.0003,0.3249169921875,0.2,0.032244917,0.0637667098355208,0.004376403987407684,70,-0.024966271579954385,0.6104221642017365
849,9,1302,450.0,1105920,946.32,-4.139445598920187,0.0003,0.34819091796875,0.2,0.03552637,0.06798000208378653,-0.026537161320447922,80,-0.024977676047104373,0.6380428075790405
843,10,1457,442.62,1228800,911.9509,-4.117138863404592,0.0003,0.35943196614583334,0.2,0.038129687,0.0697418109853364,-0.0031210482120513916,90,-0.024618764173756063,0.6084494888782501
838,11,1612,445.02,1351680,967.8904,-4.090586259017388,0.0003,0.37636962890625,0.2,0.04008167,0.0755003110388255,-0.02557976543903351,100,-0.024267838429259427,0.5812393724918365
835,12,1765,429.66,1474560,952.67975,-4.067753030707439,0.0003,0.39420491536458335,0.2,0.044882175,0.07169447062566178,0.0026385392993688583,110,-0.024848788041393465,0.5971375405788422
831,13,1920,450.0,1597440,1061.0594,-4.0496592690919835,0.0003,0.3961458333333333,0.2,0.045053013,0.08026918138513187,0.005372846499085426,120,-0.023590198294993266,0.6379458606243134
827,14,2078,440.7,1720320,1053.0472,-4.0324863130102555,0.0003,0.40560221354166665,0.2,0.048107073,0.08441851612520015,0.002848772332072258,130,-0.0238061542206439,0.642460286617279
824,15,2235,443.48,1843200,1096.6423,-4.00525911980619,0.0003,0.4163525390625,0.2,0.051161043,0.08202570106475227,-0.009529255330562592,140,-0.023087441686281334,0.6707470715045929
822,16,2391,420.86,1966080,1072.8999,-3.9847201126565537,0.0003,0.42317545572916665,0.2,0.052516866,0.0785749731187631,-0.010885749012231827,150,-0.02272071290606012,0.6964782774448395
819,17,2549,438.24,2088960,1132.5767,-3.973634012838205,0.0003,0.42711995442708334,0.2,0.052936964,0.08224682457434634,-0.008831176906824112,160,-0.021960383407010037,0.717875599861145
816,18,2709,430.6,2211840,1097.3254,-3.9496067630747955,0.0003,0.43585123697916667,0.2,0.05523022,0.08751015274445914,-0.003748655319213867,170,-0.021629889665358254,0.7134359776973724
814,19,2866,450.0,2334720,1155.4893,-3.9157585221280655,0.0003,0.4449666341145833,0.2,0.059265774,0.09185076291410951,-0.04895215854048729,180,-0.021851114382855787,0.711474746465683
811,20,3027,433.32,2457600,1146.0691,-3.900602327225109,0.0003,0.45081705729166666,0.2,0.060730737,0.08146785264039257,-0.04482322931289673,190,-0.021140471801403084,0.7408847808837891
809,21,3187,441.0,2580480,1169.0153,-3.8616403016199667,0.0003,0.46032958984375,0.2,0.063473314,0.07847625372800394,-0.005296679213643074,200,-0.02062806844631268,0.7469907402992249
804,22,3359,436.48,2703360,1164.7804,-3.832393136496345,0.0003,0.46273600260416664,0.2,0.065792926,0.07757164757145801,0.00493520125746727,210,-0.019962169188765984,0.7155186235904694
802,23,3520,439.82,2826240,1185.896,-3.801653054493169,0.0003,0.4689697265625,0.2,0.06650741,0.07571775741458017,0.00713769905269146,220,-0.019289961169827924,0.7521485984325409
800,24,3682,440.5,2949120,1154.2672,-3.793816640699903,0.0003,0.46962809244791665,0.2,0.06779173,0.0748868025871828,-0.020391693338751793,230,-0.018749653315626346,0.7765990048646927
799,25,3842,436.88,3072000,1193.1832,-3.756114887620012,0.0003,0.47557373046875,0.2,0.07109421,0.0724923856399255,-0.03329648822546005,240,-0.019256794918601373,0.7611307501792908
797,26,4005,441.12,3194880,1208.1282,-3.7585727187494435,0.0003,0.4788712565104167,0.2,0.07161752,0.07987569966872494,0.05477626621723175,250,-0.019028032973067942,0.7823303639888763
791,27,4189,446.96,3317760,1227.6635,-3.740481781500081,0.0003,0.4788313802083333,0.2,0.071199335,0.07240429441915087,-0.011883359402418137,260,-0.01860767072740297,0.7916053086519241
790,28,4350,444.46,3440640,1204.5194,-3.725095169196526,0.0003,0.4795711263020833,0.2,0.071851395,0.06879595031927845,-0.01100960187613964,270,-0.0191210888367641,0.796332523226738
789,29,4512,425.52,3563520,1211.8877,-3.703572072386742,0.0003,0.48374104817708335,0.2,0.0732691,0.0741515657143221,-0.03748195618391037,280,-0.01837699201560099,0.7774524986743927
788,30,4673,435.44,3686400,1224.3533,-3.6773394778122506,0.0003,0.48651041666666667,0.2,0.07472911,0.07464319596634596,-0.010191520676016808,290,-0.01726934673537471,0.8033136874437332
787,31,4839,433.9,3809280,1212.3048,-3.656512651902934,0.0003,0.4904866536458333,0.2,0.07730039,0.07784237636117419,0.034708235412836075,300,-0.01844853426267946,0.7849175035953522
785,32,5003,430.6,3932160,1227.248,-3.6158485670015215,0.0003,0.49845540364583335,0.2,0.08025519,0.06532392074562571,-0.023723412305116653,310,-0.01741697443185937,0.8165501207113266
784,33,5167,433.12,4055040,1235.9426,-3.6057304885983466,0.0003,0.50195068359375,0.2,0.08218519,0.06387689852980354,-0.03640354424715042,320,-0.016853474801931344,0.8148332983255386
783,34,5330,442.74,4177920,1282.9053,-3.5716953345139824,0.0003,0.502265625,0.2,0.08282937,0.06795752719937202,0.0007604993879795074,330,-0.01695140788372252,0.8323604464530945
782,35,5493,417.98,4300800,1196.206,-3.5837802363187077,0.0003,0.4982478841145833,0.2,0.082934305,0.06788744546414818,-0.0013587269932031631,340,-0.017615624474213595,0.8024493306875229
782,36,5655,448.88,4423680,1277.5331,-3.5727220285559693,0.0003,0.5015738932291667,0.2,0.08253266,0.07290962681911575,-0.037165720015764236,350,-0.017173106661509032,0.8220471441745758
781,37,5821,444.08,4546560,1269.9363,-3.5597481622298557,0.0003,0.49884195963541667,0.2,0.08230569,0.06308137883514671,0.024979615584015846,360,-0.017007614798409728,0.8037908524274826
779,38,5987,448.4,4669440,1274.9331,-3.540773404762149,0.0003,0.5020279947916667,0.2,0.08694447,0.06934382747815107,0.008047927170991898,370,-0.01706925319213042,0.82364921271801
778,39,6152,428.24,4792320,1227.7957,-3.5239555713906885,0.0003,0.49925618489583334,0.2,0.084775254,0.0701186647398572,-0.0029267817735671997,380,-0.016866239989819103,0.8196938782930374
778,40,6315,415.3,4915200,1233.3844,-3.5094448061535757,0.0003,0.5030485026041667,0.2,0.08615532,0.06038881738447041,-0.04554433375597,390,-0.01693862376145262,0.8148495554924011
777,41,6480,442.14,5038080,1289.8936,-3.52388428936402,0.0003,0.5033414713541666,0.2,0.08686353,0.08097404765731578,-0.01654781773686409,400,-0.016079949133515282,0.7959331721067429
776,42,6646,446.56,5160960,1331.3352,-3.469939311556518,0.0003,0.5072224934895834,0.2,0.088866934,0.07182068564414901,0.007515200413763523,410,-0.015684190485750756,0.816128134727478
775,43,6811,443.76,5283840,1326.4634,-3.4734730015695097,0.0003,0.5025423177083334,0.2,0.08660997,0.07845013990168809,-0.0010226676240563393,420,-0.01568409805754224,0.8050986230373383
775,44,6974,436.86,5406720,1307.5428,-3.459544179402292,0.0003,0.5051350911458333,0.2,0.089488894,0.07953131532980479,0.014024771749973297,430,-0.015890690657652157,0.7809037566184998
774,45,7139,441.16,5529600,1337.5774,-3.440693610322972,0.0003,0.5062898763020833,0.2,0.091042966,0.07261882038888871,0.015388496220111847,440,-0.015431130474031912,0.8262673765420914
773,46,7308,428.98,5652480,1294.5415,-3.431973874767621,0.0003,0.5047428385416667,0.2,0.09024954,0.07751091514073778,0.020914224907755852,450,-0.015413371387179116,0.8261355459690094
772,47,7471,438.26,5775360,1352.5425,-3.406375885220865,0.0003,0.5057893880208333,0.2,0.09132827,0.06889640815536646,-0.000791158527135849,460,-0.01583240519269869,0.8205457478761673
772,48,7637,443.74,5898240,1346.7797,-3.416762509929637,0.0003,0.5042374674479166,0.2,0.09138439,0.0705621347737421,0.02228756994009018,470,-0.015093503997244018,0.8022744953632355
771,49,7803,428.36,6021120,1280.0183,-3.356876604432861,0.0003,0.5101399739583333,0.2,0.09428129,0.07525128825674376,0.040432874113321304,480,-0.015365047737413989,0.8144826740026474
770,50,7969,435.18,6144000,1315.3179,-3.3352796327322722,0.0003,0.514609375,0.2,0.096101165,0.0803707564349558,0.007583823055028915,490,-0.014334050604532725,0.804276317358017
770,51,8134,429.88,6266880,1345.2141,-3.324172396734357,0.0003,0.5139933268229167,0.2,0.096349485,0.07902774449331143,0.01984088122844696,500,-0.014151896936158058,0.8211731761693954
769,52,8298,442.56,6389760,1363.8755,-3.3151455005134145,0.0003,0.5131526692708334,0.2,0.099138975,0.0795539717269033,-0.004425510764122009,510,-0.014097406878408946,0.8318751156330109
769,53,8462,434.66,6512640,1355.6039,-3.3252779548987745,0.0003,0.5107755533854167,0.2,0.09580636,0.07866488821377668,0.037365060299634933,520,-0.015149485298176538,0.8228999972343445
769,54,8627,425.46,6635520,1294.0966,-3.290617215273281,0.0003,0.5147688802083333,0.2,0.09878143,0.09115018718153199,0.12433480471372604,530,-0.013469696163889846,0.7789968997240067
768,55,8794,424.6,6758400,1311.2097,-3.2689892631024122,0.0003,0.5147200520833334,0.2,0.09787555,0.09447195727814688,0.0027481457218527794,540,-0.013057345212922277,0.8390999138355255
768,56,8957,425.7,6881280,1329.8081,-3.2258938951045275,0.0003,0.5177652994791667,0.2,0.10260418,0.08099164962312595,0.017213765531778336,550,-0.013632823250397148,0.8374991565942764
766,57,9138,439.78,7004160,1361.5452,-3.214259328904251,0.0003,0.5139786783854167,0.2,0.101162225,0.08126514270174084,-0.030407477170228958,560,-0.013313147155373978,0.8336343169212341
765,58,9305,419.52,7127040,1302.9722,-3.2254449256633717,0.0003,0.5142195638020833,0.2,0.10050597,0.07808360081316398,0.010951647534966469,570,-0.012989148530105013,0.8159927129745483
765,59,9467,440.16,7249920,1378.3352,-3.232787032450239,0.0003,0.5160693359375,0.2,0.101188704,0.08772528367640917,0.01675320789217949,580,-0.013270158154591627,0.8192667663097382
765,60,9634,438.08,7372800,1381.8374,-3.218279792033136,0.0003,0.5111311848958333,0.2,0.101890974,0.08260263653777657,0.0030545759946107864,590,-0.013659952357014239,0.8203115463256836
764,61,9800,438.26,7495680,1349.08,-3.2187568096444013,0.0003,0.5115128580729167,0.2,0.09882543,0.08876173592090102,0.006650788709521294,600,-0.013522200326497114,0.8261353671550751
764,62,9967,425.32,7618560,1337.629,-3.1875287482266623,0.0003,0.5118123372395833,0.2,0.10229516,0.0901702913720995,-0.011770416051149368,610,-0.013691769721978442,0.7978220283985138
764,63,10132,435.02,7741440,1358.7872,-3.1488671423867345,0.0003,0.51521484375,0.2,0.10421904,0.09059524050346227,0.03221043571829796,620,-0.013207883971942162,0.8110106438398361
763,64,10297,434.42,7864320,1380.1442,-3.149098016296824,0.0003,0.51573486328125,0.2,0.107960664,0.09132521519437432,0.030953075736761093,630,-0.012411444887008353,0.7939355671405792
761,65,10485,439.9,7987200,1396.6333,-3.1578304874897003,0.0003,0.51071533203125,0.2,0.10549142,0.0966285828143009,-0.04199433699250221,640,-0.012710975742417455,0.7733403146266937
761,66,10650,430.6,8110080,1358.6151,-3.135134642869234,0.0003,0.5157975260416666,0.2,0.106845684,0.11111660575431112,-0.012515809386968613,650,-0.012928602054316798,0.7445574104785919
761,67,10818,432.58,8232960,1369.5597,-3.0927598065758746,0.0003,0.5150447591145834,0.2,0.107867286,0.09683655973538408,0.015314359217882156,660,-0.012285158270842658,0.7897762954235077
760,68,10983,431.42,8355840,1352.2614,-3.125223971903324,0.0003,0.510478515625,0.2,0.10464331,0.08591181093409735,0.060067594051361084,670,-0.01284002463845051,0.7950997948646545
760,69,11149,442.44,8478720,1383.1581,-3.034573575841884,0.0003,0.5183072916666667,0.2,0.111947425,0.08733780060123536,0.0022600963711738586,680,-0.011427401190643043,0.7860312163829803
760,70,11314,430.16,8601600,1375.705,-3.019152351431549,0.0003,0.51765380859375,0.2,0.11237558,0.08279406692221528,0.016596298664808273,690,-0.010823231621628415,0.7999878227710724
759,71,11481,423.5,8724480,1327.8732,-3.0382954337447883,0.0003,0.5185701497395834,0.2,0.11118301,0.0833386624524428,-0.009514713659882545,700,-0.011901713882180047,0.7906250804662704
758,72,11660,434.68,8847360,1365.4956,-3.0074427682658036,0.0003,0.5195157877604166,0.2,0.11308178,0.08189164787598809,-0.021619655191898346,710,-0.011582164582432598,0.8286044746637344
758,73,11825,445.12,8970240,1412.3892,-2.9892307885612053,0.0003,0.5186409505208334,0.2,0.114425786,0.08211676026747834,-0.03142149746417999,720,-0.010740718337153036,0.8237876445055008
758,74,11990,444.58,9093120,1424.4604,-3.028247745682796,0.0003,0.5139200846354167,0.2,0.111508414,0.07559197673952439,-0.009842263534665108,730,-0.011682645242556949,0.8275074362754822
758,75,12156,436.28,9216000,1355.692,-3.0139440006886917,0.0003,0.5132991536458333,0.2,0.11101417,0.0811569652275163,-0.005752796307206154,740,-0.011126090316083718,0.7924485504627228
757,76,12323,444.92,9338880,1433.4441,-2.9766761550803977,0.0003,0.5127018229166667,0.2,0.11491111,0.07983631791207396,-0.03221236169338226,750,-0.011167224462290808,0.8042670041322708
757,77,12490,435.56,9461760,1372.6713,-3.022909956698616,0.0003,0.5110099283854167,0.2,0.11192649,0.0862983592361949,0.03576059639453888,760,-0.011463784223087714,0.8110717236995697
757,78,12657,433.34,9584640,1376.1449,-2.940731119650106,0.0003,0.5149267578125,0.2,0.11999728,0.0806980615062154,-0.026953045278787613,770,-0.011224401610161295,0.8229554146528244
756,79,12824,439.12,9707520,1414.905,-2.966148243397474,0.0003,0.5090958658854167,0.2,0.11418967,0.08831418401484067,0.1135292500257492,780,-0.010892869823710499,0.8042396157979965
756,80,12989,445.3,9830400,1459.0028,-3.022456685428818,0.0003,0.49787516276041666,0.2,0.107914336,0.09244111011760348,-0.016985399648547173,790,-0.01233927057421776,0.8111359179019928
756,81,13158,438.66,9953280,1428.439,-3.0264752032856146,0.0003,0.49150634765625,0.2,0.10661271,0.09290530406525553,-0.03726375102996826,800,-0.01255181994677211,0.7959660440683365
756,82,13323,441.66,10076160,1461.9884,-2.9935969712336856,0.0003,0.4972119140625,0.2,0.113205165,0.10134998528204354,-0.015454867854714394,810,-0.01181379098037117,0.8054715842008591
756,83,13489,444.06,10199040,1449.97,-3.0386978478233018,0.0003,0.491064453125,0.2,0.107525446,0.1067767096721218,0.027319224551320076,820,-0.012303086189437333,0.7797612398862839
755,84,13658,438.1,10321920,1431.348,-3.051094974031051,0.0003,0.49081624348958336,0.2,0.10525672,0.11640842592775395,-0.003715191036462784,830,-0.011278422320895818,0.7381772696971893
755,85,13827,445.04,10444800,1467.1155,-3.0858800245697298,0.0003,0.4839396158854167,0.2,0.10377655,0.1223181896544702,0.023095689713954926,840,-0.012366952632334383,0.7545428574085236
755,86,13995,435.62,10567680,1419.8303,-3.0182990282277267,0.0003,0.49388753255208334,0.2,0.10955404,0.11793116338555895,-0.014217771589756012,850,-0.011193353393749324,0.7496726810932159
754,87,14162,436.02,10690560,1409.399,-2.99741089190046,0.0003,0.4897265625,0.2,0.10997137,0.1201379626605679,0.09991707652807236,860,-0.010623526352270953,0.768785759806633
754,88,14330,444.98,10813440,1447.3901,-2.910569531855484,0.0003,0.49993245442708334,0.2,0.11623696,0.09626202095484283,0.02495625615119934,870,-0.010937464332412977,0.7788742184638977
754,89,14497,439.28,10936320,1425.9976,-2.869540778224667,0.0003,0.5001310221354167,0.2,0.11600113,0.08483026005196734,-0.06457698345184326,880,-0.010565325495717844,0.7847215384244919
754,90,14664,438.52,11059200,1428.6196,-2.827603652526935,0.0003,0.5016902669270833,0.2,0.11906986,0.08730563211671931,0.01154756173491478,890,-0.010101128229759221,0.7954357862472534
753,91,14833,429.2,11182080,1394.0474,-2.842711496067544,0.0003,0.5019791666666666,0.2,0.122092105,0.08691187497572779,-0.03676557540893555,900,-0.009432215519736928,0.7931888401508331
752,92,15015,436.82,11304960,1452.4386,-2.833875388664504,0.0003,0.5004646809895833,0.2,0.12193913,0.09296725091689344,0.011038650758564472,910,-0.009534181360710742,0.8152512013912201
752,93,15180,433.46,11427840,1401.8864,-2.8625333380823332,0.0003,0.4963273111979167,0.2,0.12055895,0.09860636158210885,0.056753262877464294,920,-0.010439670763917093,0.7854909896850586
752,94,15347,436.1,11550720,1433.8119,-2.85690598813196,0.0003,0.4994099934895833,0.2,0.11955198,0.08947335433927947,0.020378023386001587,930,-0.010476824786862076,0.8148619383573532
750,95,15548,446.78,11673600,1454.0381,-2.8637014523024362,0.0003,0.49735921223958335,0.2,0.119348995,0.09543922587069877,-0.021663008257746696,940,-0.010814785881824112,0.7835680097341537
750,96,15717,440.12,11796480,1463.1132,-2.8635749645903705,0.0003,0.4971183268229167,0.2,0.12113984,0.10355701763925027,0.04303581267595291,950,-0.010026569781681852,0.7753952592611313
750,97,15884,442.06,11919360,1450.6438,-2.8531448777019977,0.0003,0.4925667317708333,0.2,0.11802758,0.09063956002321599,0.05460980162024498,960,-0.010209470365001229,0.7880277335643768
750,98,16052,437.84,12042240,1458.2128,-2.8707935483629505,0.0003,0.4940340169270833,0.2,0.12061004,0.11704187073541107,-0.028890274465084076,970,-0.008915133899584664,0.7607271075248718
749,99,16221,436.12,12165120,1474.8237,-2.8468616474295656,0.0003,0.4908805338541667,0.2,0.11815718,0.11598254266709167,-0.01938008889555931,980,-0.010217351071253992,0.7530492842197418
749,100,16390,445.12,12288000,1486.8561,-2.87655614990741,0.0003,0.48632731119791667,0.2,0.11822782,0.10041925067596215,0.0013398714363574982,990,-0.010744459059684838,0.7722129374742508
749,101,16554,449.32,12410880,1502.0127,-2.838059976225098,0.0003,0.48844482421875,0.2,0.11767486,0.11731743969925447,0.03131946548819542,1000,-0.009522485503584904,0.759348526597023
749,102,16720,439.98,12533760,1484.6401,-2.8528443237394097,0.0003,0.48466878255208334,0.2,0.114091225,0.11434933506946739,0.018113013356924057,1010,-0.010309434608825541,0.7321425676345825
749,103,16885,431.72,12656640,1451.7588,-2.877069542768101,0.0003,0.484775390625,0.2,0.115698926,0.1180386135969214,0.03165421634912491,1020,-0.009971552698783246,0.7235119342803955
749,104,17051,443.54,12779520,1497.2881,-2.8611184057841696,0.0003,0.4868880208333333,0.2,0.113446616,0.11851112121391148,0.05003048852086067,1030,-0.010688416799206001,0.730603963136673
749,105,17217,447.28,12902400,1506.14,-2.84382121582826,0.0003,0.48423909505208335,0.2,0.114736885,0.10674781848239945,0.08681593835353851,1040,-0.009854276940107714,0.7290911078453064
749,106,17384,430.18,13025280,1460.7404,-2.841824505664408,0.0003,0.4829484049479167,0.2,0.11425213,0.11534606845050197,0.04749487340450287,1050,-0.00937933528093102,0.7460281252861023
749,107,17551,441.04,13148160,1472.3796,-2.840752301067114,0.0003,0.4820125325520833,0.2,0.1166656,0.12357939496825565,-0.02426351234316826,1060,-0.009928768296958879,0.7609118521213531
748,108,17719,441.48,13271040,1488.1323,-2.8475484052548805,0.0003,0.478056640625,0.2,0.11594371,0.11710023185728156,0.011207906529307365,1070,-0.010132178136051759,0.7299001514911652
748,109,17886,443.4,13393920,1513.5414,-2.8692584630474447,0.0003,0.4693684895833333,0.2,0.1071099,0.12423781696697309,-0.020730014890432358,1080,-0.011074281529078385,0.7105536758899689
748,110,18052,436.94,13516800,1498.7373,-2.873484411401053,0.0003,0.4704923502604167,0.2,0.11108659,0.12785188978140163,0.027179773896932602,1090,-0.009726441359149855,0.7178673446178436
748,111,18220,439.42,13639680,1494.9102,-2.8792622864618895,0.0003,0.4610677083333333,0.2,0.10353604,0.12088701844225094,-0.03050490841269493,1100,-0.010386414436761698,0.7111720144748688
748,112,18389,440.42,13762560,1487.1079,-2.8383715400099754,0.0003,0.46392171223958334,0.2,0.10889589,0.12075328586851053,0.05690064653754234,1110,-0.010376227455089974,0.7334346771240234
748,113,18558,445.96,13885440,1506.3773,-2.7432065356522797,0.0003,0.47235677083333333,0.2,0.118728675,0.09878990378007681,0.006220217794179916,1120,-0.010066535970430172,0.7706183791160583
747,114,18747,443.24,14008320,1510.7349,-2.7211979279170433,0.0003,0.47421712239583336,0.2,0.118627615,0.09791587716618476,-0.004854798316955566,1130,-0.008767640479106073,0.7721704989671707
746,115,18917,439.94,14131200,1483.9012,-2.7689338726798693,0.0003,0.46700602213541664,0.2,0.11234546,0.11327220513267093,-0.038744062185287476,1140,-0.008881439918701895,0.7265525460243225
746,116,19086,450.0,14254080,1504.2589,-2.6683064474662146,0.0003,0.472626953125,0.2,0.12221352,0.10015935571980662,0.004499414935708046,1150,-0.00768485523780934,0.7835833877325058
746,117,19254,442.0,14376960,1484.9772,-2.6402473427106936,0.0003,0.47571207682291666,0.2,0.12447353,0.08527711026380226,0.01749981939792633,1160,-0.008541080698632868,0.8001635521650314
746,118,19420,450.0,14499840,1513.5618,-2.670058054837088,0.0003,0.47062255859375,0.2,0.12712356,0.09273406869600877,-0.025380350649356842,1170,-0.00844903793919002,0.8020786494016647
746,119,19586,427.6,14622720,1443.4164,-2.65227822907269,0.0003,0.47785888671875,0.2,0.13059664,0.10094715007265526,-0.010121867060661316,1180,-0.008358948312746483,0.7817261666059494
746,120,19754,438.76,14745600,1478.0793,-2.6043992917239667,0.0003,0.47937174479166667,0.2,0.13324928,0.09498646653368875,0.004981406033039093,1190,-0.008077522714193036,0.8154968768358231
746,121,19923,442.54,14868480,1465.3877,-2.5723235033700864,0.0003,0.47928548177083335,0.2,0.13341469,0.07759647840784357,-0.03347686678171158,1200,-0.007009674591148117,0.8043403774499893
746,122,20092,439.62,14991360,1464.0688,-2.5477977000549434,0.0003,0.47926432291666665,0.2,0.13311173,0.08556614802320837,0.020849693566560745,1210,-0.006456380181947073,0.8112077713012695
744,123,20295,433.1,15114240,1470.251,-2.5855485242481033,0.0003,0.47680908203125,0.2,0.13608113,0.09283759750207538,0.021565236151218414,1220,-0.007635648573238237,0.8194774985313416
744,124,20464,444.54,15237120,1530.8888,-2.678315527451535,0.0003,0.46907145182291665,0.2,0.124202035,0.10280304442940784,0.009187433868646622,1230,-0.008783961632107094,0.7954229712486267
744,125,20634,431.68,15360000,1468.7343,-2.673599362149835,0.0003,0.4643351236979167,0.2,0.12389786,0.09548067121334801,0.0005333907902240753,1240,-0.009756488385904353,0.7884788513183594
744,126,20802,449.78,15482880,1537.8389,-2.706090137672921,0.0003,0.46209798177083333,0.2,0.11875067,0.12070030988664561,0.09656223654747009,1250,-0.008279873838849502,0.7571751475334167
744,127,20972,443.74,15605760,1510.5558,-2.685197180310885,0.0003,0.4559098307291667,0.2,0.11729375,0.11340288890113394,0.022587263956665993,1260,-0.009417127971743563,0.7536087185144424
742,128,21176,450.0,15728640,1555.4496,-2.6822421412418285,0.0003,0.46063802083333333,0.2,0.121049695,0.10476803237611118,-0.014430544339120388,1270,-0.008598104330897817,0.7644876837730408
741,129,21379,447.52,15851520,1543.8488,-2.7246101316437126,0.0003,0.4574788411458333,0.2,0.11580729,0.1248564882002635,0.05078165978193283,1280,-0.008681019376484377,0.7459350526332855
741,130,21554,445.56,15974400,1527.7805,-2.6906688323865335,0.0003,0.45861490885416667,0.2,0.11566871,0.11533212313962092,-0.01678796485066414,1290,-0.008813584601011826,0.7587140947580338
741,131,21721,444.46,16097280,1536.7742,-2.719815791125099,0.0003,0.45130126953125,0.2,0.11289296,0.12793558960057758,0.15069825947284698,1300,-0.00898740679143278,0.7494975924491882
740,132,21892,449.48,16220160,1551.9519,-2.6632233153035245,0.0003,0.45686767578125,0.2,0.11859013,0.11954517306468915,0.0012763682752847672,1310,-0.007784403873156407,0.7640240639448166
740,133,22062,446.22,16343040,1536.7593,-2.6354394417007763,0.0003,0.4584765625,0.2,0.11974581,0.10861451232180115,-0.02279849350452423,1320,-0.007636656474248108,0.766527995467186
740,134,22232,450.0,16465920,1546.045,-2.652069103221099,0.0003,0.4601944986979167,0.2,0.12410089,0.10967088673782807,0.0580824576318264,1330,-0.008957919356250083,0.7736146450042725
740,135,22402,441.16,16588800,1515.1703,-2.5880054161076744,0.0003,0.4612019856770833,0.2,0.12789641,0.1068099787228372,0.05138678103685379,1340,-0.007165089255049679,0.7799991220235825
740,136,22572,450.0,16711680,1535.773,-2.6238996709386506,0.0003,0.4565283203125,0.2,0.12071605,0.0978903582576216,-0.04250619187951088,1350,-0.00811384782768073,0.8115053772926331
740,137,22742,446.92,16834560,1519.8931,-2.607736360505223,0.0003,0.45822265625,0.2,0.12115992,0.1022234789809833,0.03977905213832855,1360,-0.00800480153172733,0.7935023605823517
740,138,22912,445.1,16957440,1523.8566,-2.4668667629982033,0.0003,0.46849690755208334,0.2,0.13697316,0.07592681476390377,-0.004658820107579231,1370,-0.0055146176690080515,0.8346558511257172
740,139,23079,442.76,17080320,1512.2206,-2.5414392156650623,0.0003,0.4654931640625,0.2,0.12791976,0.09307817437006936,0.010625399649143219,1380,-0.007852141050958987,0.8071899563074112
740,140,23247,446.36,17203200,1524.8788,-2.5303037576625744,0.0003,0.46440673828125,0.2,0.13188788,0.10054077891967608,0.027303334325551987,1390,-0.00721348972013099,0.8108862340450287
739,141,23415,439.02,17326080,1483.7411,-2.5007606909175712,0.0003,0.4649503580729167,0.2,0.14288785,0.08229169953595071,0.011704271659255028,1400,-0.007123773697464155,0.8227640241384506
739,142,23591,439.44,17448960,1502.1129,-2.411839955188334,0.0003,0.4723811848958333,0.2,0.14448155,0.08496900854287863,0.013577578589320183,1410,-0.0057289014042877775,0.8249171078205109
739,143,23758,434.88,17571840,1473.1852,-2.4479148872507115,0.0003,0.4656673177083333,0.2,0.14030352,0.08321213520946913,-0.018057378008961678,1420,-0.00584955924176029,0.820831760764122
739,144,23943,427.72,17694720,1447.815,-2.3374689260311423,0.0003,0.4760498046875,0.2,0.15211932,0.07805284840302193,-0.021214589476585388,1430,-0.0040527676447709386,0.8405550867319107
738,145,24113,441.88,17817600,1480.3411,-2.3375656730371217,0.0003,0.47680745442708333,0.2,0.1546263,0.09566283665068719,-0.025516118854284286,1440,-0.005146133176325141,0.8387911915779114
738,146,24293,441.84,17940480,1521.6322,-2.33493282224983,0.0003,0.47410481770833335,0.2,0.15342395,0.08576793736540518,0.02998247556388378,1450,-0.0038651104021907184,0.8293422013521194
738,147,24463,436.74,18063360,1456.279,-2.4176162279521427,0.0003,0.46982421875,0.2,0.14750552,0.08497909665311454,0.08458598703145981,1460,-0.004996388432749276,0.8113772422075272
738,148,24631,442.22,18186240,1500.4556,-2.312750677348425,0.0003,0.47243326822916665,0.2,0.1525056,0.0827501827016628,-0.03150524944067001,1470,-0.0044585767749837635,0.8330524265766144
737,149,24834,450.0,18309120,1536.0303,-2.3260721036419274,0.0003,0.4685514322916667,0.2,0.15114413,0.07407637847475902,-0.0080567616969347,1480,-0.006044329922945811,0.8359306454658508
737,150,25001,449.24,18432000,1523.9647,-2.390213377891729,0.0003,0.47045979817708333,0.2,0.15432617,0.0942794065202664,0.010794747620821,1490,-0.006272697346342587,0.8005131781101227
737,151,25168,440.94,18554880,1497.463,-2.353022564457109,0.0003,0.4634578450520833,0.2,0.15026286,0.08154220916704313,-0.015692967921495438,1500,-0.00529676459101817,0.8229389637708664
737,152,25335,447.7,18677760,1525.287,-2.3311680547830957,0.0003,0.46521565755208333,0.2,0.15607609,0.0829120985751797,0.02062859758734703,1510,-0.00497457330018733,0.8373599350452423
737,153,25505,450.0,18800640,1530.2126,-2.347823893558234,0.0003,0.4618147786458333,0.2,0.14976406,0.07565594274570078,-0.007633921690285206,1520,-0.006256674154219582,0.837117463350296
736,154,25708,439.92,18923520,1507.8975,-2.320039418991655,0.0003,0.466123046875,0.2,0.159338,0.08353434609191027,0.17540903389453888,1530,-0.005059763822828245,0.8294804394245148
736,155,25876,449.0,19046400,1541.1837,-2.3542055271565916,0.0003,0.46126383463541665,0.2,0.15945692,0.079453289360002,0.0019630342721939087,1540,-0.005783302398079589,0.8336057215929031
736,156,26044,438.84,19169280,1521.4419,-2.479551823673149,0.0003,0.44610107421875,0.2,0.13125077,0.10176251111071906,0.044242966920137405,1550,-0.007150148389240106,0.80706986784935
735,157,26213,446.62,19292160,1546.7117,-2.445595554430038,0.0003,0.44823974609375,0.2,0.13720256,0.11195287054943037,0.005481362342834473,1560,-0.00596310260680184,0.8061361312866211
735,158,26381,449.98,19415040,1553.4983,-2.4589505948809287,0.0003,0.44402425130208334,0.2,0.13491513,0.09925058396993942,-0.003151889890432358,1570,-0.006666216500573986,0.8095657378435135
735,159,26549,443.44,19537920,1520.0017,-2.42382162326326,0.0003,0.4432828776041667,0.2,0.13534658,0.10094751766955597,-0.016798067837953568,1580,-0.006642323119237214,0.8026595860719681
735,160,26716,443.76,19660800,1537.8627,-2.3979168088609972,0.0003,0.44525309244791667,0.2,0.13972346,0.09321066292347192,0.08248495310544968,1590,-0.0062185347856272225,0.8037099987268448
735,161,26885,448.84,19783680,1556.4855,-2.4888147421491644,0.0003,0.44034423828125,0.2,0.12623352,0.11298451156651329,0.02002919651567936,1600,-0.007322483878212249,0.7879762351512909
735,162,27051,438.48,19906560,1519.1383,-2.4786023991182446,0.0003,0.435576171875,0.2,0.1259344,0.119981741993397,0.07500777393579483,1610,-0.006396936981303346,0.7668611854314804
735,163,27222,450.0,20029440,1554.9553,-2.456517879931877,0.0003,0.43890787760416666,0.2,0.12909138,0.11239870034944033,0.02454673871397972,1620,-0.006465837729768585,0.778733879327774
735,164,27392,446.22,20152320,1577.3885,-2.4661835184072456,0.0003,0.43351888020833335,0.2,0.12800135,0.11784403433887443,-0.005158755928277969,1630,-0.006887473997767302,0.795535072684288
735,165,27560,434.12,20275200,1505.4619,-2.498011791240424,0.0003,0.4354020182291667,0.2,0.124701835,0.11950562319737704,0.0016584545373916626,1640,-0.006938266028488821,0.7828764468431473
735,166,27727,447.94,20398080,1561.9183,-2.5095479165762664,0.0003,0.43323486328125,0.2,0.1303608,0.13316744972859548,0.028605636209249496,1650,-0.006625923291424745,0.756628230214119
735,167,27894,449.24,20520960,1568.1133,-2.537052029867967,0.0003,0.4226253255208333,0.2,0.11955097,0.12443872915464453,0.16898643970489502,1660,-0.0074458609593299726,0.7531203329563141
735,168,28064,434.4,20643840,1514.5892,-2.5033729864905276,0.0003,0.43206949869791667,0.2,0.12093987,0.1409125406385283,0.020870625972747803,1670,-0.006212217711860527,0.7558256983757019
735,169,28231,440.92,20766720,1546.6523,-2.5153203034959732,0.0003,0.42464518229166665,0.2,0.12810367,0.14303134505355652,0.054774537682533264,1680,-0.007648137768804493,0.7375172674655914
735,170,28400,435.18,20889600,1533.8795,-2.5718007896840573,0.0003,0.4154541015625,0.2,0.10979407,0.1459143803557284,0.0675586611032486,1690,-0.007590572755652829,0.7182754576206207
735,171,28569,444.7,21012480,1564.9376,-2.5487310977031785,0.0003,0.42172444661458336,0.2,0.113723986,0.14337221707624848,0.018651403486728668,1700,-0.006602890997304106,0.7044171094894409
735,172,28738,447.84,21135360,1568.2533,-2.5413877396968503,0.0003,0.42028564453125,0.2,0.12076615,0.1392631188960513,0.005057360976934433,1710,-0.006793759581602596,0.735458493232727
735,173,28905,446.9,21258240,1542.5411,-2.4462193184656402,0.0003,0.425,0.2,0.13489291,0.12266586150634491,0.055108875036239624,1720,-0.005411396342381825,0.7705712169408798
735,174,29072,447.52,21381120,1554.8903,-2.4389665401540697,0.0003,0.4253076171875,0.2,0.13444045,0.1098225356482241,0.007365981116890907,1730,-0.0056801269579652095,0.7571477442979813
735,175,29240,434.86,21504000,1515.0114,-2.4351869214077793,0.0003,0.42556315104166664,0.2,0.13530272,0.1221206447648971,0.00779196061193943,1740,-0.005485607582522789,0.7375698387622833
735,176,29409,447.72,21626880,1552.0615,-2.4234123205331466,0.0003,0.4282527669270833,0.2,0.13720077,0.11873677505092928,0.26935043931007385,1750,-0.005034628741032066,0.7473428547382355
735,177,29579,441.36,21749760,1542.72,-2.456162224393338,0.0003,0.42137451171875,0.2,0.13445313,0.12855879571065695,0.020392227917909622,1760,-0.006139666319334841,0.7307459712028503
734,178,29782,441.46,21872640,1517.907,-2.402765363001575,0.0003,0.4251253255208333,0.2,0.14826557,0.12472506461223626,0.0010834280401468277,1770,-0.0040414933976292864,0.7656074613332748
734,179,29960,445.66,21995520,1533.195,-2.3616575192722182,0.0003,0.42440673828125,0.2,0.14764398,0.10491232202315587,0.07228794693946838,1780,-0.005032001278204916,0.7921229004859924
734,180,30130,437.26,22118400,1513.1869,-2.3232936972565947,0.0003,0.42737141927083333,0.2,0.14782386,0.10731750870637673,-0.028328675776720047,1790,-0.003335257419324383,0.7985424250364304
734,181,30299,443.34,22241280,1501.7662,-2.314495621907214,0.0003,0.42811197916666666,0.2,0.14979668,0.09771270886369166,0.036417268216609955,1800,-0.0038648532184409608,0.814689964056015
733,182,30469,446.26,22364160,1512.7823,-2.202053276312848,0.0003,0.4322200520833333,0.2,0.16922623,0.10325961156306827,0.03216508775949478,1810,-0.002413074090321364,0.8230367600917816
733,183,30639,444.74,22487040,1493.229,-2.2081733718762795,0.0003,0.43413736979166667,0.2,0.177206,0.09130810569899041,0.09407318383455276,1820,-0.00320863778194204,0.8184244781732559
733,184,30808,450.0,22609920,1570.4075,-2.237766580966612,0.0003,0.42541829427083333,0.2,0.17624578,0.10525535111373756,-0.025168148800730705,1830,-0.0032385459520689135,0.8033273667097092
733,185,30976,441.82,22732800,1525.5972,-2.4648073987911143,0.0003,0.41224365234375,0.2,0.13781206,0.11712748015478913,0.1356901228427887,1840,-0.005498735101579466,0.7371425032615662
733,186,31144,444.04,22855680,1511.8761,-2.3116929071582852,0.0003,0.4215242513020833,0.2,0.15653713,0.11102293916745111,0.02143082767724991,1850,-0.0036715860212249633,0.7782534509897232
733,187,31312,443.04,22978560,1518.1223,-2.2108455516584216,0.0003,0.41835367838541665,0.2,0.17031485,0.10087219543789008,-0.04466448351740837,1860,-0.00156858479576537,0.793150931596756
733,188,31513,439.64,23101440,1516.2214,-2.2430233344746133,0.0003,0.4112296549479167,0.2,0.16584295,0.0988241734324644,-0.00856645219027996,1870,-0.003907055837098597,0.8254390209913254
733,189,31680,447.92,23224320,1554.414,-2.23815157847479,0.0003,0.41295979817708334,0.2,0.16592672,0.10333840817741778,-0.0027160122990608215,1880,-0.0029668540996984423,0.8020382225513458
733,190,31849,449.62,23347200,1559.5647,-2.1957562446035443,0.0003,0.4103287760416667,0.2,0.17391925,0.09607648904702122,-0.007002905011177063,1890,-0.0023015046301528247,0.7966258525848389
733,191,32018,443.26,23470080,1525.465,-2.2149668652936816,0.0003,0.4090706380208333,0.2,0.17173293,0.09228422398887536,0.03774210438132286,1900,-0.0023588282854749803,0.7994434386491776
732,192,32187,439.76,23592960,1505.2141,-2.203193105192234,0.0003,0.4121622721354167,0.2,0.17275721,0.10099428459706057,0.08746466785669327,1910,-0.0015098107603201546,0.8096211105585098
732,193,32355,450.0,23715840,1530.013,-2.153224758151919,0.0003,0.41151774088541665,0.2,0.17214158,0.08803929256765211,-0.004072628915309906,1920,-0.0019953957221635695,0.8250536024570465
732,194,32525,443.38,23838720,1495.0719,-2.071224597971886,0.0003,0.4159749348958333,0.2,0.18226643,0.08806402598095397,-0.0037022624164819717,1930,-0.0002435669698024867,0.811589702963829
732,195,32692,449.22,23961600,1549.0542,-2.0572131540129583,0.0003,0.41025146484375,0.2,0.18101372,0.086110116050113,0.08507313579320908,1940,-0.0011931270955634924,0.8206432461738586
732,196,32860,450.0,24084480,1531.891,-2.0878302626808485,0.0003,0.41391194661458336,0.2,0.18266435,0.09325861715139278,0.0036149658262729645,1950,-0.0014535668656875107,0.8103020042181015
732,197,33029,442.52,24207360,1512.0095,-2.123879939224571,0.0003,0.40291910807291664,0.2,0.18038751,0.08450861990723449,0.05715816468000412,1960,-0.00205916387918478,0.8329291939735413
732,198,33200,438.62,24330240,1531.293,-2.026390518123905,0.0003,0.41069661458333334,0.2,0.18990006,0.07951942272586165,-0.007727310061454773,1970,-0.00040079562419426416,0.8546200543642044
732,199,33369,443.42,24453120,1506.2858,-2.0032522347010673,0.0003,0.40663004557291665,0.2,0.17823045,0.07875887935229306,0.02294285222887993,1980,-0.0015590320005200436,0.8385355025529861
732,200,33536,446.5,24576000,1517.4985,-1.9535122767835855,0.0003,0.410576171875,0.2,0.1899465,0.07525585203688631,0.06286739557981491,1990,-0.0010069536559482609,0.8615707606077194
732,201,33706,448.68,24698880,1523.9053,-1.9453426588947573,0.0003,0.41651529947916666,0.2,0.1906982,0.08331353516899981,0.013780772686004639,2000,0.0006740571887409411,0.8423901200294495
732,202,33899,450.0,24821760,1517.3359,-1.898827531232188,0.0003,0.4154817708333333,0.2,0.20130858,0.06808959722572278,0.01679222285747528,2010,0.0001346506580072552,0.8727637082338333
732,203,34068,445.7,24944640,1504.3594,-1.9651328274110953,0.0003,0.4030607096354167,0.2,0.19092432,0.06744856512707581,-0.012798799201846123,2020,-0.0005489699097324773,0.8700200617313385
732,204,34236,450.0,25067520,1554.5664,-1.8999539077281953,0.0003,0.41896728515625,0.2,0.19859438,0.08399096508093255,-0.007774371653795242,2030,0.0008405168967813855,0.8400047570466995
732,205,34404,450.0,25190400,1582.2758,-2.058141005560756,0.0003,0.41173095703125,0.2,0.16888395,0.09722913278300742,0.00027414411306381226,2040,-0.0026897275886949503,0.8302816897630692
732,206,34574,450.0,25313280,1555.8129,-2.199373131549607,0.0003,0.3976513671875,0.2,0.16506806,0.1022743557698656,0.04688284546136856,2050,-0.0045563657678091354,0.8007511794567108
731,207,34778,450.0,25436160,1560.0939,-2.0421625590821106,0.0003,0.40306233723958335,0.2,0.17280272,0.09303793429775396,0.042519718408584595,2060,-0.0025952481902277212,0.8416515290737152
731,208,34946,444.22,25559040,1542.5919,-2.1065974833505847,0.0003,0.39885986328125,0.2,0.16054496,0.08850320000841748,0.018762394785881042,2070,-0.0016936951893937173,0.842499241232872
731,209,35115,439.36,25681920,1524.7625,-2.063425570105513,0.0003,0.39911051432291667,0.2,0.1713871,0.09570632544380109,0.018069282174110413,2080,-0.0014322287434636867,0.8277877569198608
731,210,35284,441.02,25804800,1533.6116,-2.143397436098506,0.0003,0.3949853515625,0.2,0.16295604,0.09370189676890732,0.09502436220645905,2090,-0.0011590882579488,0.8385119587182999
731,211,35454,445.78,25927680,1539.4095,-2.0169009023097653,0.0003,0.398095703125,0.2,0.17206472,0.07293163626561484,0.0038821175694465637,2100,-0.0007043381654208739,0.8635340481996536
731,212,35622,446.76,26050560,1587.4192,-2.0236012401555974,0.0003,0.4022607421875,0.2,0.17104559,0.08151647186881746,-0.002502541057765484,2110,-0.0005785394573467784,0.8591470867395401
731,213,35791,450.0,26173440,1604.3922,-2.1745155997450154,0.0003,0.38903401692708334,0.2,0.15713283,0.09060329748361255,0.035353340208530426,2120,-0.00148871728314892,0.841434434056282
731,214,35961,446.14,26296320,1564.8408,-2.2645496719578904,0.0003,0.3819148763020833,0.2,0.14967012,0.10018021267072376,0.05869469791650772,2130,-0.004335745243479323,0.814773365855217
731,215,36130,447.28,26419200,1568.0444,-2.071255666837096,0.0003,0.39445882161458334,0.2,0.1717159,0.08183067662180596,-0.008791707456111908,2140,-0.000812003667430569,0.8486626744270325
731,216,36298,450.0,26542080,1586.2338,-2.134338288642466,0.0003,0.38970703125,0.2,0.16110209,0.07648583124677923,0.10398397594690323,2150,-0.003015634438046012,0.8604153543710709
731,217,36466,448.02,26664960,1537.4126,-2.1619418442311384,0.0003,0.38976481119791667,0.2,0.159508,0.08747465252546438,0.026073681190609932,2160,-0.003963002288161685,0.8307894319295883
731,218,36636,448.94,26787840,1539.7986,-1.894926164187491,0.0003,0.41013427734375,0.2,0.18994418,0.08259805838461035,-0.022499505430459976,2170,0.0016420966171305433,0.8506513386964798
731,219,36805,449.7,26910720,1568.9486,-2.072703490269681,0.0003,0.3827001953125,0.2,0.17733635,0.0758766850164587,0.005912040825933218,2180,-0.0015836166019835218,0.8640135675668716
731,220,36974,445.9,27033600,1567.1127,-2.1462706621487935,0.0003,0.37360758463541666,0.2,0.15171102,0.09361758994724369,0.049307651817798615,2190,-0.0019479321352385644,0.8430824279785156
730,221,37165,444.4,27156480,1575.7535,-2.0887696624112624,0.0003,0.37378662109375,0.2,0.16400316,0.0742713496121481,-0.02893354743719101,2200,-0.0014230087936387766,0.867490828037262
730,222,37334,444.74,27279360,1583.6821,-2.105876707310478,0.0003,0.37347900390625,0.2,0.15693165,0.09394808581482114,-0.019660262390971184,2210,-0.0013237639494703519,0.8559058606624603
730,223,37520,446.86,27402240,1590.4087,-2.226233283424129,0.0003,0.3590869140625,0.2,0.14167316,0.08539476210741365,0.04554865509271622,2220,-0.0030537321636984415,0.8518590778112411
730,224,37689,444.38,27525120,1597.6034,-2.318855197535207,0.0003,0.35164957682291664,0.2,0.12904283,0.1130320306662179,0.021910985931754112,2230,-0.003967967170989747,0.8131885975599289
730,225,37858,449.84,27648000,1587.3523,-2.279237371676912,0.0003,0.35288411458333335,0.2,0.13771096,0.10598649965574926,0.02869449555873871,2240,-0.0034671553046609917,0.8194120228290558
730,226,38027,438.88,27770880,1569.1343,-2.273532684644063,0.0003,0.3541015625,0.2,0.14785086,0.10787390445436662,0.03885288164019585,2250,-0.001271111898416469,0.8379550874233246
730,227,38197,450.0,27893760,1651.3608,-2.264984775011738,0.0003,0.34741048177083333,0.2,0.14910953,0.10253287120358437,0.051109276711940765,2260,-0.0016088445515379135,0.8373078852891922
730,228,38365,450.0,28016640,1652.0785,-2.557042168416083,0.0003,0.29683756510416665,0.2,0.099342346,0.1672174531701118,0.2000267654657364,2270,-0.001441581886356289,0.7122595012187958
730,229,38534,450.0,28139520,1646.0337,-2.6336272865037125,0.0003,0.2852018229166667,0.2,0.096562825,0.16813833512715065,0.0955793708562851,2280,-0.0019018982771861676,0.6975711584091187
729,230,38719,449.28,28262400,1655.4788,-2.556101917463044,0.0003,0.29719889322916665,0.2,0.1104324,0.14862541981220906,0.05106746405363083,2290,-0.002438044104180032,0.7516588866710663
729,231,38890,450.0,28385280,1651.8269,-2.5892736402029795,0.0003,0.28419189453125,0.2,0.09844171,0.16564836774457944,0.040402427315711975,2300,-0.002959703185024409,0.7099708318710327
729,232,39064,443.04,28508160,1589.485,-2.434258521012962,0.0003,0.30221354166666664,0.2,0.13331287,0.13486599739883484,0.0569172129034996,2310,-0.0020203277445458904,0.7963921874761581
729,233,39233,440.5,28631040,1620.5133,-2.4034950515441595,0.0003,0.30078857421875,0.2,0.13491443,0.12085833057382843,0.021596776321530342,2320,-0.0021067992259850145,0.805394172668457
729,234,39404,447.7,28753920,1630.825,-2.477454417223732,0.0003,0.29286376953125,0.2,0.11202032,0.14169339571579864,0.022255517542362213,2330,-0.0018498476991680945,0.7554286569356918
729,235,39573,446.12,28876800,1637.3992,-2.5588234858835737,0.0003,0.2808544921875,0.2,0.11862541,0.13284290697823356,0.1097438633441925,2340,-0.0027103506925353336,0.7501620799303055
729,236,39743,450.0,28999680,1638.0945,-2.5154304678986468,0.0003,0.288486328125,0.2,0.13733457,0.12248269446611326,-0.024407921358942986,2350,-0.003059014573494399,0.7831258028745651
729,237,39912,450.0,29122560,1652.7054,-2.495667138248682,0.0003,0.29020833333333335,0.2,0.12432229,0.10326549317585887,0.011566657572984695,2360,-0.0027698896868605517,0.8078421950340271
729,238,40080,450.0,29245440,1648.9038,-2.615180254181226,0.0003,0.278564453125,0.2,0.11605724,0.15173460084033044,-0.018118824809789658,2370,-0.003031634598258582,0.7163529098033905
729,239,40252,443.68,29368320,1633.5314,-2.581845819465816,0.0003,0.27627685546875,0.2,0.11962375,0.14020462329513975,0.13754895329475403,2380,-0.0007316821868153056,0.7443812191486359
729,240,40423,450.0,29491200,1601.6989,-2.6781010923534634,0.0003,0.2595011393229167,0.2,0.115823425,0.14987069390418278,0.0009265653789043427,2390,-0.002523490752422125,0.6968335509300232
729,241,40592,450.0,29614080,1664.8352,-2.631469130081435,0.0003,0.2673722330729167,0.2,0.12873325,0.15284638550506013,0.016342952847480774,2400,-0.0017459291541581478,0.738337367773056
729,242,40764,450.0,29736960,1637.764,-2.7179285594945153,0.0003,0.24558756510416666,0.2,0.10913027,0.15781437226343162,0.0671943873167038,2410,-0.0019890375185362547,0.693983793258667
729,243,40934,450.0,29859840,1662.4109,-2.6078114240989088,0.0003,0.25802815755208336,0.2,0.11809597,0.13967080049750316,0.053811341524124146,2420,-0.00214859789413822,0.7555896639823914
729,244,41103,450.0,29982720,1656.2284,-2.639266853220761,0.0003,0.24754313151041665,0.2,0.12609671,0.1469257149901144,0.03838775306940079,2430,-0.0029791748424941034,0.6903739869594574
729,245,41275,450.0,30105600,1645.8339,-2.6416820343211294,0.0003,0.24969563802083333,0.2,0.12433995,0.16440752656106875,-0.007726151496171951,2440,-0.000985647298772771,0.6756998300552368
729,246,41446,444.08,30228480,1634.3704,-2.6841710382699966,0.0003,0.24053873697916667,0.2,0.121541895,0.15763344920458622,0.0286615751683712,2450,-0.002118981975697049,0.6639528274536133
729,247,41618,449.88,30351360,1665.2657,-2.6842973586544394,0.0003,0.24454915364583332,0.2,0.16187917,0.15641044973240545,0.1947413682937622,2460,-0.002839561178104001,0.6760987043380737
729,248,41790,446.04,30474240,1656.607,-2.7493312397350866,0.0003,0.24218505859375,0.2,0.093732275,0.16895134832986514,0.03035151958465576,2470,-0.002602204856939352,0.5627607107162476
729,249,41962,450.0,30597120,1651.4502,-2.6928020809590816,0.0003,0.24102376302083334,0.2,0.11558351,0.14544905310239603,0.08972875773906708,2480,-0.0033846896422649784,0.6620111763477325
729,250,42135,450.0,30720000,1647.477,-2.7155848146850863,0.0003,0.23476399739583334,0.2,0.106777646,0.13794086453097407,0.058630164712667465,2490,-0.0031460857018282694,0.6841403245925903
729,251,42306,450.0,30842880,1667.3589,-2.640459549042086,0.0003,0.2528515625,0.2,0.13331264,0.1299556981890055,0.018916234374046326,2500,-0.003616945120490224,0.7261545956134796
728,252,42506,448.74,30965760,1639.5408,-2.7103852563351394,0.0003,0.23612548828125,0.2,0.108749315,0.13598349129941198,0.06419743597507477,2510,-0.0025236919793708997,0.721216082572937
728,253,42675,448.84,31088640,1616.8823,-2.591828300965329,0.0003,0.2526416015625,0.2,0.13061129,0.11135648315006014,0.09049957245588303,2520,-0.0020620146637641786,0.7563750296831131
728,254,42843,450.0,31211520,1670.8778,-2.5897829456875723,0.0003,0.24933675130208333,0.2,0.1544671,0.10974392655514142,0.035452429205179214,2530,-0.0021289875210095486,0.7908700853586197
728,255,43015,450.0,31334400,1665.2896,-2.7824972142651676,0.0003,0.21940022786458332,0.2,0.09007686,0.15323585860047995,0.09753046929836273,2540,-0.0016550875469571716,0.687696635723114
728,256,43185,439.08,31457280,1648.2769,-2.7613114593178034,0.0003,0.22210693359375,0.2,0.1176426,0.1690805787376788,0.13031117618083954,2550,-0.0017926472878571076,0.6881323456764221
728,257,43357,450.0,31580160,1695.8673,-2.9016808952391147,0.0003,0.20022786458333333,0.2,0.07224382,0.19539849339208254,0.04468496888875961,2560,-0.0006469976923835929,0.5858462750911713
728,258,43529,450.0,31703040,1691.2208,-2.8825037195160985,0.0003,0.20416748046875,0.2,0.059993323,0.19407904030609643,0.32538506388664246,2570,-0.0015003471937355547,0.5261163711547852
728,259,43699,450.0,31825920,1685.3824,-2.863415095296999,0.0003,0.20561197916666665,0.2,0.07144966,0.16498749955241995,0.10358845442533493,2580,-0.001928116095138345,0.6660924255847931
728,260,43872,450.0,31948800,1698.73,-2.728125014367203,0.0003,0.22105631510416668,0.2,0.09690724,0.14591064386443273,0.05538789927959442,2590,-0.0008965653966940105,0.7794576734304428
728,261,44044,449.86,32071680,1674.3148,-2.7547573826213676,0.0003,0.21437906901041667,0.2,0.0872275,0.1376369559223531,0.15980079770088196,2600,-0.0018763718550386937,0.7766250669956207
728,262,44215,450.0,32194560,1665.7644,-2.7730400700991353,0.0003,0.20881591796875,0.2,0.09106545,0.16397649463101213,0.13959424197673798,2610,-0.0004244329188228827,0.7150698602199554
728,263,44384,450.0,32317440,1682.5483,-2.7578997375816106,0.0003,0.21221923828125,0.2,0.09773521,0.14499436616625946,0.14305245876312256,2620,-0.0005387742485042206,0.7535200417041779
728,264,44557,450.0,32440320,1695.0681,-2.8271469647064804,0.0003,0.20323079427083332,0.2,0.077952124,0.181813357702243,0.057131629437208176,2630,0.00036124495726956715,0.6489535868167877
727,265,44730,450.0,32563200,1680.0585,-2.898236000674466,0.0003,0.19064453125,0.2,0.06603602,0.20485256908999872,0.13568420708179474,2640,-0.00021246208446730938,0.5205426514148712
727,266,44902,450.0,32686080,1697.063,-2.8667657695959012,0.0003,0.20517008463541667,0.2,0.0738186,0.1955271001312455,0.07716275751590729,2650,-0.0004889780427038203,0.5204268991947174
727,267,45074,450.0,32808960,1688.831,-2.9010107608015336,0.0003,0.18858561197916668,0.2,0.061728436,0.21263943944965527,0.0441448800265789,2660,-0.0008094926112244138,0.40121668577194214
727,268,45245,447.32,32931840,1668.9762,-2.8987503413359326,0.0003,0.19703857421875,0.2,0.35363424,0.19096619800145467,0.19202685356140137,2670,0.0003175692121052028,0.5365875363349915
727,269,45419,450.0,33054720,1704.1998,-2.923961101944248,0.0003,0.19420247395833334,0.2,0.08107142,0.19757257058498603,0.2358860820531845,2680,-9.894386813054249e-05,0.5245524346828461
727,270,45592,450.0,33177600,1695.93,-2.93837512144198,0.0003,0.18452799479166668,0.2,0.066102795,0.19955732576747928,0.07624456286430359,2690,-0.00036360764051399504,0.4883114695549011
727,271,45766,450.0,33300480,1700.2041,-2.993887678471704,0.0003,0.1792333984375,0.2,0.039481472,0.20186784937866226,0.05008094757795334,2700,-1.908907232063939e-05,0.44018030166625977
727,272,45938,450.0,33423360,1698.3712,-2.980895870129267,0.0003,0.17863525390625,0.2,0.038987678,0.20642996710409836,0.13096943497657776,2710,-0.00042589495670351124,0.46449410915374756
727,273,46113,450.0,33546240,1696.3121,-2.9847420977428554,0.0003,0.174208984375,0.2,0.095594406,0.19599685725508606,0.14351198077201843,2720,-0.0003899448856282106,0.4974045157432556
727,274,46291,450.0,33669120,1697.963,-3.0180605345840257,0.0003,0.17216552734375,0.2,0.03764894,0.20746945418936472,0.15406912565231323,2730,-0.0011684618832320363,0.37372130155563354
727,275,46465,450.0,33792000,1705.5006,-2.995543579707543,0.0003,0.17159912109375,0.2,0.052396014,0.19387648665016363,0.041804779320955276,2740,-0.0011756190138415452,0.38038402795791626
727,276,46638,450.0,33914880,1688.049,-2.96861166720589,0.0003,0.17802327473958332,0.2,0.054134037,0.20884530326594056,0.1528013050556183,2750,-8.58963604150631e-05,0.40222489833831787
727,277,46812,450.0,34037760,1702.7367,-2.9809920020774006,0.0003,0.17472412109375,0.2,0.04932921,0.1901260323827349,0.11019553989171982,2760,-0.000658665443946423,0.4020063281059265
726,278,46989,445.0,34160640,1668.9762,-3.030293556116521,0.0003,0.1680419921875,0.2,0.049154267,0.20003883916414147,0.1220475286245346,2770,-0.0008156506883036248,0.31919682025909424
726,279,47163,447.36,34283520,1664.6544,-2.951590422578156,0.0003,0.18666748046875,0.2,0.17932974,0.18296734825344174,0.08137452602386475,2780,0.0001759876977727496,0.5051393806934357
726,280,47338,450.0,34406400,1668.843,-2.9239619143307207,0.0003,0.18642252604166668,0.2,0.15117398,0.19257645286474145,0.08972188085317612,2790,-0.0005236025850232788,0.47160089015960693
726,281,47514,450.0,34529280,1695.9799,-2.969408558184902,0.0003,0.17844401041666666,0.2,0.07409776,0.1853089814763128,0.0013904869556427002,2800,-0.0005141898349514425,0.4777785539627075
726,282,47689,450.0,34652160,1665.9038,-2.9999101774394514,0.0003,0.17522379557291667,0.2,0.06541537,0.18148328446152542,0.040551505982875824,2810,-0.0004877037526299925,0.5186074078083038
726,283,47868,445.16,34775040,1610.1411,-2.9333642150834205,0.0003,0.18253580729166666,0.2,0.068776116,0.17057211021955784,0.009856780990958214,2820,-0.0017373382798693152,0.5921062529087067
726,284,48041,444.04,34897920,1591.1304,-2.7773307394236326,0.0003,0.19557454427083334,0.2,0.12284163,0.13529207184610034,-0.023052364587783813,2830,0.000581486876890267,0.7381162643432617
726,285,48213,437.62,35020800,1526.9274,-2.5647409755239883,0.0003,0.21697835286458333,0.2,0.13905631,0.10625788434573527,0.009846476837992668,2840,0.00043284575462773016,0.8159985542297363
