time/iterations,rollout/ep_rew_mean,time/total_timesteps,rollout/ep_len_mean,time/fps,time/time_elapsed,train/policy_gradient_loss,train/clip_range,train/learning_rate,train/approx_kl,train/clip_fraction,train/value_loss,train/explained_variance,train/n_updates,train/loss,train/entropy_loss
1,694.4021,122880,450.0,6307,19,,,,,,,,,,
2,723.7881,245760,450.0,1373,178,-0.006299263295053,0.2,0.0002,0.009468263,0.07692545572916666,0.16123054448452118,-0.02304387092590332,10,0.009934039786458015,-4.2701258057107525
3,759.7676,368640,450.0,1092,337,-0.014140559041964783,0.2,0.0002,0.012195086,0.13218668619791665,0.029756883957791917,0.6705307364463806,20,0.012553769163787365,-4.256516709402203
4,786.1667,491520,450.0,991,495,-0.018554897932457,0.2,0.0002,0.014520887,0.16728271484375,0.03936222175359338,0.7886427789926529,30,-0.0027305781841278076,-4.237576583474874
5,840.2503,614400,425.6666666666667,941,652,-0.021154469624046518,0.2,0.0002,0.015984682,0.19249674479166667,0.04995930983127134,0.7994054406881332,40,-0.0006449948996305466,-4.21314442490538
6,961.26575,737280,450.0,909,810,-0.022966762991988313,0.2,0.0002,0.017650165,0.20650390625,0.05035352917625763,0.8025908917188644,50,-0.01242024451494217,-4.189413938547174
7,937.1706,860160,450.0,887,968,-0.023730737997672502,0.2,0.0002,0.01919073,0.22540608723958333,0.06472227327399499,0.7710743397474289,60,-0.03538510575890541,-4.162201719408234
8,1041.754,983040,439.8,870,1128,-0.025191183569410594,0.2,0.0002,0.02112024,0.23913492838541667,0.05238774335516306,0.7824194580316544,70,-0.0173017755150795,-4.129777245223522
9,1083.54,1105920,447.46666666666664,858,1288,-0.025462806895726924,0.2,0.0002,0.023176769,0.2572607421875,0.058753742475479764,0.7329405546188354,80,-0.059118956327438354,-4.099912393266956
10,1165.7571,1228800,450.0,849,1446,-0.025949371860624525,0.2,0.0002,0.024594525,0.2684757486979167,0.05882952584933567,0.7023461759090424,90,-0.016339777037501335,-4.069582676614324
11,1188.264,1351680,429.1333333333333,836,1615,-0.02637894398404266,0.2,0.0002,0.026150426,0.2769270833333333,0.05037144569985685,0.7325694561004639,100,-0.013852429576218128,-4.040947900513808
12,1233.0994,1474560,433.6,831,1773,-0.025389993298546566,0.2,0.0002,0.027694743,0.29156087239583334,0.05377357688523868,0.7286547422409058,110,-0.018566051498055458,-4.015653528856735
13,1309.7357,1597440,439.46666666666664,814,1960,-0.026301631390324473,0.2,0.0002,0.02875793,0.3011930338541667,0.044787672124318,0.755884200334549,120,0.0054548755288124084,-3.9812978280708196
14,1255.6644,1720320,428.8666666666667,806,2133,-0.02731960213420583,0.2,0.0002,0.031628605,0.31246826171875,0.03863287830565241,0.7759465128183365,130,-0.006838411092758179,-3.9562644216542444
15,1296.9894,1843200,434.2,803,2292,-0.026880798950175328,0.2,0.0002,0.03271095,0.3224991861979167,0.03937459808662728,0.7422862648963928,140,-0.04256446287035942,-3.924646156579256
16,1256.181,1966080,409.06666666666666,802,2450,-0.026656624759464953,0.2,0.0002,0.03409176,0.33240071614583333,0.039254073904958206,0.7544525861740112,150,-0.03966972231864929,-3.9052179786438743
17,1302.6207,2088960,425.73333333333335,799,2611,-0.026616701784235676,0.2,0.0002,0.03587506,0.34081380208333334,0.03994935459336072,0.7917553037405014,160,-0.003910485655069351,-3.8661191777388253
18,1374.1127,2211840,437.4,797,2772,-0.02666967405034787,0.2,0.0002,0.03737277,0.3470076497395833,0.03730773828140324,0.7443430721759796,170,-0.05303778499364853,-3.8334290888160467
19,1284.9008,2334720,405.2,796,2932,-0.0268054237792118,0.2,0.0002,0.03881239,0.3551155598958333,0.03722840879905562,0.7989214211702347,180,-0.03462648019194603,-3.8011697002500298
20,1431.7491,2457600,450.0,794,3093,-0.02535497361218707,0.2,0.0002,0.040407706,0.3655501302083333,0.04251820877587306,0.8004505187273026,190,-0.042720407247543335,-3.765034024802347
21,1314.9723,2580480,409.2,793,3252,-0.026646719203102597,0.2,0.0002,0.04327749,0.37710123697916664,0.036719287546463114,0.776330292224884,200,-0.013574959710240364,-3.722458447876076
22,1365.1376,2703360,417.6,792,3411,-0.0264886640572513,0.2,0.0002,0.046027295,0.3880509440104167,0.03918000630915534,0.7924233376979828,210,-0.04079895466566086,-3.686594989063839
23,1310.0385,2826240,392.8666666666667,791,3572,-0.025269123675886174,0.2,0.0002,0.04497751,0.38398681640625,0.03643809074783348,0.7974684685468674,220,-0.03686032071709633,-3.660501253902912
24,1479.8821,2949120,448.93333333333334,789,3733,-0.02562716547325484,0.2,0.0002,0.047084372,0.39603759765625,0.03751113361933676,0.7855962812900543,230,-0.04803626984357834,-3.640001504731675
25,1371.5228,3072000,426.1333333333333,787,3903,-0.025644668944041767,0.2,0.0002,0.049019296,0.39999755859375,0.03708375763041356,0.8213688433170319,240,-0.047078996896743774,-3.615356894681851
26,1448.9763,3194880,440.0,786,4061,-0.02591676964732566,0.2,0.0002,0.05034767,0.40577392578125,0.03560491046531145,0.8162782043218613,250,-0.013350151479244232,-3.577765570965906
27,1324.5659,3317760,400.2,786,4219,-0.026042829812771135,0.2,0.0002,0.05183382,0.41270345052083335,0.034645926813876335,0.8567449599504471,260,-0.011118141002953053,-3.541603860979279
28,1340.1608,3440640,391.93333333333334,785,4378,-0.02572231451637587,0.2,0.0002,0.052939847,0.415439453125,0.035398363218895,0.809112623333931,270,-0.04158820956945419,-3.5128962497909866
29,1516.4742,3563520,450.0,785,4537,-0.025825954946473453,0.2,0.0002,0.05356796,0.42200358072916666,0.0394295372046569,0.8230452239513397,280,-0.013129371218383312,-3.49198757947733
30,1371.781,3686400,408.4,785,4695,-0.0256886658228359,0.2,0.0002,0.054287694,0.42302490234375,0.03474267836992415,0.8221715837717056,290,-0.03423615172505379,-3.4618587211271126
31,1523.7437,3809280,436.2,785,4851,-0.02545096480536813,0.2,0.0002,0.056594532,0.42808919270833334,0.03458957927454321,0.807603508234024,300,-0.023807499557733536,-3.4241921404624978
32,1496.291,3932160,443.6,785,5009,-0.0244257012525001,0.2,0.0002,0.05834281,0.43184733072916665,0.03801600609052305,0.808373287320137,310,-0.008534200489521027,-3.40013040214777
33,1422.4805,4055040,420.6666666666667,784,5170,-0.025185341597170917,0.2,0.0002,0.058385216,0.4327734375,0.033080787428916666,0.8081664144992828,320,-0.03916318714618683,-3.3784309728940327
34,1538.5931,4177920,445.46666666666664,783,5334,-0.02455502286272652,0.2,0.0002,0.059355047,0.432880859375,0.03498776808128847,0.8291128873825073,330,-0.021719321608543396,-3.349891577598949
35,1344.6356,4300800,392.6666666666667,781,5504,-0.024079986616749618,0.2,0.0002,0.061596114,0.4425927734375,0.03556159348673343,0.8325056284666061,340,0.001525558065623045,-3.314513174568613
36,1338.8676,4423680,396.73333333333335,781,5664,-0.02319430524449975,0.2,0.0002,0.06166115,0.44610026041666667,0.03793869648764182,0.8375366032123566,350,-0.027931667864322662,-3.296790508292615
37,1449.9119,4546560,419.6666666666667,780,5824,-0.024012842792205145,0.2,0.0002,0.06261011,0.4493603515625,0.03784427408301175,0.8205216228961945,360,0.00447649322450161,-3.267931720726192
38,1443.4825,4669440,420.2,780,5985,-0.023479484076688095,0.2,0.0002,0.0662348,0.4564314778645833,0.043136534163034715,0.8286689221858978,370,-0.009991848841309547,-3.2298179008935888
39,1501.7806,4792320,434.46666666666664,779,6148,-0.024021928484859623,0.2,0.0002,0.064906,0.45138916015625,0.03818366893751469,0.8085660934448242,380,-0.027028458192944527,-3.230804120848576
40,1394.2931,4915200,405.53333333333336,779,6307,-0.02342573197402089,0.2,0.0002,0.06648744,0.45680826822916665,0.03985319059875716,0.794102743268013,390,-0.025191061198711395,-3.188832662490507
41,1365.1323,5038080,385.0,779,6465,-0.02278001429108675,0.2,0.0002,0.06898109,0.46023763020833336,0.042120471302550866,0.8265043199062347,400,-0.026860849931836128,-3.165612968256076
42,1412.2395,5160960,398.2,779,6625,-0.023194380490028078,0.2,0.0002,0.0690207,0.46280843098958335,0.04167895790238011,0.8710969537496567,410,-0.01789027266204357,-3.1342309445515273
43,1352.1095,5283840,385.6,778,6785,-0.022774879012358723,0.2,0.0002,0.0708235,0.4635319010416667,0.04323131509365339,0.8839659988880157,420,-0.029669370502233505,-3.117106703494986
44,1483.023,5406720,422.8,778,6945,-0.022911419599434643,0.2,0.0002,0.073570855,0.46945068359375,0.04234599104539181,0.8295272886753082,430,-0.013311047106981277,-3.0943429301306606
45,1446.9597,5529600,407.53333333333336,778,7103,-0.02229905432236289,0.2,0.0002,0.07129598,0.4649275716145833,0.03736044999083485,0.8527620434761047,440,-0.02212217077612877,-3.087557440151771
46,1492.1445,5652480,426.1333333333333,778,7263,-0.021882705673148546,0.2,0.0002,0.072440796,0.47009440104166667,0.04343440017066314,0.8314774334430695,450,-0.007194751873612404,-3.05346544581155
47,1393.7018,5775360,394.26666666666665,777,7427,-0.02271203912537506,0.2,0.0002,0.0747502,0.4731884765625,0.03586839650924958,0.8440077304840088,460,0.002131265588104725,-3.0336213710034885
48,1398.964,5898240,395.73333333333335,777,7587,-0.02147154907497679,0.2,0.0002,0.076255605,0.47719156901041665,0.04621306936195955,0.8207131773233414,470,-0.02359442040324211,-2.9995809955025714
49,1445.7914,6021120,407.6,777,7747,-0.021261067037327545,0.2,0.0002,0.07659948,0.4767431640625,0.04352173116649889,0.8672223836183548,480,-0.037109144032001495,-2.9674137259523072
50,1326.7335,6144000,374.06666666666666,776,7908,-0.022716528002789952,0.2,0.0002,0.07769323,0.47654541015625,0.03720543774395386,0.8772625401616096,490,-0.03378213569521904,-2.940882133419315
51,1487.0753,6266880,425.46666666666664,776,8068,-0.02241766796477653,0.2,0.0002,0.07977494,0.4783447265625,0.03589091064587895,0.9151628315448761,500,-0.034944046288728714,-2.920733438419799
52,1414.5754,6389760,401.53333333333336,776,8228,-0.02172051806158076,0.2,0.0002,0.07831837,0.47769775390625,0.03779695082533484,0.8939357921481133,510,-0.023912139236927032,-2.902613133105139
53,1416.7994,6512640,397.2,776,8386,-0.021760619737721452,0.2,0.0002,0.081230454,0.4834513346354167,0.03815541277217562,0.8572966009378433,520,-0.016955215483903885,-2.8823979013164838
54,1452.4166,6635520,397.46666666666664,776,8547,-0.020311675304922876,0.2,0.0002,0.08129311,0.4851302083333333,0.043347350183491166,0.8541031181812286,530,-0.00800338201224804,-2.8590711467464764
55,1425.9716,6758400,397.73333333333335,776,8707,-0.021980432519909908,0.2,0.0002,0.08452193,0.48759602864583335,0.04137415842832221,0.8506651967763901,540,-0.03608936071395874,-2.819111901981135
56,1458.1886,6881280,405.2,776,8866,-0.020809781977562426,0.2,0.0002,0.08388852,0.4904890950520833,0.04446321721130517,0.8529362231492996,550,-0.05589967221021652,-2.803260027443369
57,1477.2168,7004160,412.6,775,9028,-0.020520358442518045,0.2,0.0002,0.08427215,0.4897265625,0.042413358231666885,0.8695978373289108,560,0.016858549788594246,-2.7802364397918184
58,1310.6609,7127040,360.26666666666665,775,9190,-0.020042264018502464,0.2,0.0002,0.08561812,0.49220947265625,0.04346332027152433,0.8675699383020401,570,-0.01308058574795723,-2.7573249145100514
59,1445.9824,7249920,406.0,775,9352,-0.020335053164587103,0.2,0.0002,0.089531265,0.49931722005208334,0.048435538297562745,0.8606592565774918,580,-0.01776506006717682,-2.742993282948931
60,1398.155,7372800,386.1333333333333,774,9514,-0.020063825066190474,0.2,0.0002,0.08807755,0.49624186197916664,0.04896761572240697,0.8472399860620499,590,0.027762414887547493,-2.736614087422689
61,1518.9344,7495680,416.53333333333336,774,9673,-0.018984890217094895,0.2,0.0002,0.0886165,0.49542643229166666,0.04852289082705587,0.8736152797937393,600,0.04039422422647476,-2.7183781153087816
62,1331.5293,7618560,365.53333333333336,774,9834,-0.020737356530686764,0.2,0.0002,0.089581385,0.4967041015625,0.04207032814262978,0.8580706417560577,610,-0.007631789892911911,-2.7133941066761813
63,1223.0958,7741440,340.3333333333333,774,9996,-0.01958417146079834,0.2,0.0002,0.09220775,0.49442138671875,0.04405027267510983,0.881030336022377,620,-0.0166354738175869,-2.683325020025174
64,1212.4023,7864320,336.3333333333333,774,10158,-0.020392396746058996,0.2,0.0002,0.090409026,0.4998600260416667,0.04396989211825712,0.8615056425333023,630,-0.033600859344005585,-2.6572140145053464
65,1605.3505,7987200,450.0,773,10319,-0.01902892929963855,0.2,0.0002,0.091797575,0.49971598307291665,0.04675533846112861,0.8822964727878571,640,-0.0345182940363884,-2.6428153899808726
66,1418.7,8110080,390.06666666666666,773,10481,-0.019367452890407245,0.2,0.0002,0.09374159,0.5003206380208334,0.04541254844710541,0.8623567819595337,650,-0.02877230942249298,-2.6301891821374497
67,1391.5839,8232960,389.93333333333334,773,10643,-0.01861678474810712,0.2,0.0002,0.09474356,0.5014298502604166,0.04677598224210669,0.828323245048523,660,-0.00301976315677166,-2.5730124891425175
68,1343.5543,8355840,372.8666666666667,773,10803,-0.018830723346169784,0.2,0.0002,0.09307061,0.4993310546875,0.040441970230822334,0.8641882240772247,670,0.02545306831598282,-2.5747170335551104
69,1285.7749,8478720,351.3333333333333,772,10972,-0.019215847208070045,0.2,0.0002,0.09477945,0.500712890625,0.04222541296730924,0.8441345393657684,680,-0.03284379467368126,-2.5568131682400903
70,1253.5961,8601600,337.26666666666665,772,11133,-0.018535112565502155,0.2,0.0002,0.09666526,0.50263671875,0.04400053031817758,0.8852937668561935,690,0.01591796800494194,-2.5294629627093674
71,1499.3508,8724480,399.93333333333334,772,11295,-0.01832210010566996,0.2,0.0002,0.10091526,0.5075602213541667,0.05005556570065285,0.8907866775989532,700,-0.03237425535917282,-2.4914952952042224
72,1575.9996,8847360,442.0,772,11455,-0.01807797015573063,0.2,0.0002,0.09603845,0.5027490234375,0.046645545631254205,0.8810610920190811,710,-0.03715680539608002,-2.507543854949375
73,1403.9828,8970240,383.46666666666664,772,11616,-0.018264340411563655,0.2,0.0002,0.09559401,0.5012223307291667,0.04482489833714984,0.87230384349823,720,-0.010771813802421093,-2.493453846424818
74,1469.1696,9093120,403.8,771,11778,-0.017809223265630864,0.2,0.0002,0.09864401,0.5027880859375,0.044467524007535154,0.9021377339959145,730,0.00027523934841156006,-2.4482790855690837
75,1458.8734,9216000,404.73333333333335,771,11943,-0.017343312143439107,0.2,0.0002,0.10006677,0.5051700846354167,0.043870641514561916,0.8741766065359116,740,-0.025308867916464806,-2.4084281294606624
76,1433.4673,9338880,389.53333333333336,771,12105,-0.01732100033239476,0.2,0.0002,0.102727756,0.5084309895833333,0.04912978503348616,0.8561085313558578,750,-0.011241545900702477,-2.390633643604815
77,1409.0758,9461760,382.73333333333335,771,12267,-0.017712450663493653,0.2,0.0002,0.10515156,0.5100699869791666,0.045733612157564496,0.8679585158824921,760,-0.010760273784399033,-2.368182284925133
78,1374.5327,9584640,375.73333333333335,771,12428,-0.017424592228532373,0.2,0.0002,0.10530908,0.50536376953125,0.04695756153397573,0.9009071215987206,770,-0.006485839374363422,-2.348778750691563
79,1398.1467,9707520,384.1333333333333,771,12590,-0.016433011504098736,0.2,0.0002,0.107295066,0.5107080078125,0.051294652918052935,0.8740541636943817,780,-0.01594316028058529,-2.3280195171696443
80,1420.0142,9830400,381.53333333333336,770,12753,-0.017028994615357076,0.2,0.0002,0.10540925,0.50932861328125,0.05055002972051928,0.8713000863790512,790,-0.029940471053123474,-2.309700001211216
81,1502.6184,9953280,406.8666666666667,770,12917,-0.01665977367130836,0.2,0.0002,0.11116409,0.5132014973958333,0.056696052556799256,0.8814938887953758,800,0.00030395761132240295,-2.2852172529200714
82,1403.569,10076160,385.93333333333334,770,13082,-0.016596400946409632,0.2,0.0002,0.107736595,0.5113850911458333,0.05563703007673515,0.866421565413475,810,-0.015247845090925694,-2.2648535592481496
83,1268.1658,10199040,349.6,769,13247,-0.016525216789450497,0.2,0.0002,0.108815275,0.5082145182291666,0.05174847379758527,0.8698343932628632,820,-0.00954323448240757,-2.246013623699546
84,1352.9977,10321920,375.2,769,13411,-0.015655561592563268,0.2,0.0002,0.10858771,0.5093912760416667,0.050740998376980616,0.8361950665712357,830,0.029589196667075157,-2.2447068725712596
85,1417.5496,10444800,389.26666666666665,769,13576,-0.015936020586553544,0.2,0.0002,0.11178718,0.5110799153645833,0.05235106383350891,0.909878596663475,840,-0.0329134427011013,-2.2238505699423454
86,1351.0717,10567680,360.1333333333333,769,13740,-0.01544923151648618,0.2,0.0002,0.11082253,0.5100203450520834,0.05198523468032363,0.891058474779129,850,-0.027357492595911026,-2.2131268134340645
87,1422.3066,10690560,378.93333333333334,768,13903,-0.015466644619761306,0.2,0.0002,0.110897474,0.5068522135416667,0.05408280863940793,0.8808655366301537,860,-0.03674130514264107,-2.198746886681765
88,1170.8021,10813440,319.4,768,14064,-0.015251261682496988,0.2,0.0002,0.11290267,0.5067822265625,0.050704182168410626,0.8871277496218681,870,0.03641374409198761,-2.1892943451243143
89,1337.3646,10936320,363.1333333333333,768,14227,-0.015384997705502125,0.2,0.0002,0.11486731,0.5103474934895833,0.055694127212579284,0.9055660739541054,880,-0.03256981074810028,-2.1609907828457655
90,1312.8049,11059200,344.53333333333336,768,14391,-0.014068342512558351,0.2,0.0002,0.11271856,0.5049723307291667,0.053610864073804505,0.9056363180279732,890,0.03393115848302841,-2.118748792055994
91,1534.2489,11182080,430.46666666666664,768,14555,-0.015333426296395676,0.2,0.0002,0.11719942,0.5096443684895834,0.04722995056140159,0.8689649403095245,900,0.0009796805679798126,-2.107970543367167
92,1376.622,11304960,363.53333333333336,767,14721,-0.015808200202379035,0.2,0.0002,0.116790645,0.50834228515625,0.04839672228020694,0.8903522714972496,910,0.01696498692035675,-2.1281951565047104
93,1460.9408,11427840,400.2,767,14887,-0.01555811328128281,0.2,0.0002,0.1159695,0.5052571614583333,0.05398051199297091,0.8806508928537369,920,-0.019228320568799973,-2.083155023697764
94,1440.8646,11550720,384.53333333333336,767,15051,-0.014663811708584641,0.2,0.0002,0.11739254,0.5060685221354166,0.053779957483153944,0.8857446685433388,930,-0.004560157656669617,-2.071817835041632
95,1439.9738,11673600,385.1333333333333,767,15215,-0.014871602497411611,0.2,0.0002,0.117459804,0.5072086588541667,0.06124603200732963,0.8803882822394371,940,-0.010730035603046417,-2.059609930627048
96,1198.0126,11796480,321.2,766,15380,-0.015427856740225253,0.2,0.0002,0.118299946,0.5037662760416667,0.04822527738382632,0.8801814615726471,950,-0.017974257469177246,-2.0397735133146244
97,1569.4265,11919360,416.26666666666665,766,15545,-0.01583842767595949,0.2,0.0002,0.11640501,0.4995556640625,0.0494923326644251,0.9061530157923698,960,-0.0011451393365859985,-2.008644237027814
98,1603.0028,12042240,424.8666666666667,766,15711,-0.01534620037242045,0.2,0.0002,0.115743704,0.5022298177083333,0.05036896262327597,0.8598387688398361,970,-0.03724948316812515,-2.0363269217622775
99,1291.284,12165120,350.0,766,15876,-0.015111522895397987,0.2,0.0002,0.11906276,0.5024763997395834,0.05410424659428827,0.8631554394960403,980,-0.010755334049463272,-1.9809884778472284
100,1523.1216,12288000,415.93333333333334,765,16043,-0.013971483609099474,0.2,0.0002,0.123363025,0.5008243815104166,0.0525060069514196,0.8828298598527908,990,-0.00617704913020134,-1.9723046286962926
101,1317.2936,12410880,365.26666666666665,765,16209,-0.014025848615632034,0.2,0.0002,0.12051786,0.50056396484375,0.04939668484090362,0.9003079533576965,1000,-0.006695394404232502,-1.9673560661574205
102,1388.3969,12533760,378.26666666666665,765,16375,-0.013076445062482284,0.2,0.0002,0.11969059,0.4991048177083333,0.05301181967898932,0.8438337743282318,1010,0.02328796125948429,-1.9473681936909755
103,1425.6898,12656640,384.3333333333333,765,16541,-0.01444770747745982,0.2,0.0002,0.122114904,0.5007902018229167,0.0525190959727964,0.8935232982039452,1020,-0.014258346520364285,-1.9455133225396275
104,1152.0167,12779520,309.53333333333336,764,16705,-0.013523590847962624,0.2,0.0002,0.12401001,0.49954427083333336,0.056526106869860086,0.9000201001763344,1030,-0.016870761290192604,-1.9125826891946296
105,1302.2485,12902400,356.2,764,16870,-0.0135393854166432,0.2,0.0002,0.12695761,0.49857503255208335,0.06351105372727034,0.888252466917038,1040,0.013852076604962349,-1.8812818773835898
106,1249.4177,13025280,337.73333333333335,764,17036,-0.013125414380801885,0.2,0.0002,0.12400569,0.50205322265625,0.05829578013877229,0.8961914926767349,1050,-0.025298641994595528,-1.8936558750582237
107,1553.3059,13148160,420.06666666666666,764,17198,-0.013568447550611987,0.2,0.0002,0.123787545,0.49829427083333333,0.05966001834325046,0.8792781457304955,1060,-0.011480232700705528,-1.8693808624582986
108,1480.0679,13271040,390.93333333333334,764,17363,-0.013087355234262455,0.2,0.0002,0.12645796,0.49899983723958335,0.0593387747330659,0.8644024282693863,1070,-0.0015355991199612617,-1.8664429349886875
109,1429.7401,13393920,388.53333333333336,764,17530,-0.01405944960921867,0.2,0.0002,0.1286352,0.5032552083333334,0.05482464429289394,0.8630978316068649,1080,0.016660984605550766,-1.8594140220743915
110,1567.8425,13516800,414.8666666666667,763,17694,-0.013717747095239853,0.2,0.0002,0.1264349,0.5000691731770833,0.05276645319948633,0.8707203269004822,1090,-0.004514360800385475,-1.8532702571774522
111,1382.18,13639680,374.6666666666667,763,17858,-0.013830768775078469,0.2,0.0002,0.1268461,0.4986954752604167,0.05529642466210741,0.8890559524297714,1100,-0.030671076849102974,-1.8531457782909273
112,1480.6211,13762560,392.06666666666666,763,18027,-0.011372380985576455,0.2,0.0002,0.1290435,0.50085693359375,0.05241474308468848,0.8881238475441933,1110,-0.01126977801322937,-1.8141264374678334
113,1472.9253,13885440,391.4,763,18194,-0.01302897655963534,0.2,0.0002,0.13054688,0.49825113932291665,0.06159297139599706,0.8861959055066109,1120,0.01302966196089983,-1.8151062280498445
114,1563.616,14008320,416.8666666666667,762,18361,-0.01346819945333967,0.2,0.0002,0.132476,0.49740152994791664,0.050043615211592014,0.8896276652812958,1130,0.03973289579153061,-1.7920339547346036
115,1460.1951,14131200,388.8,762,18529,-0.012145714241141832,0.2,0.0002,0.1296389,0.49662923177083335,0.05579046486976343,0.8749635219573975,1140,-0.05932451784610748,-1.780385220895211
116,1435.0586,14254080,383.93333333333334,762,18694,-0.012849600771460246,0.2,0.0002,0.12619665,0.49365559895833333,0.05531691097305156,0.8863230496644974,1150,0.00305195152759552,-1.7856696098422011
117,1407.3342,14376960,375.6,760,18893,-0.012592170853296617,0.2,0.0002,0.1309827,0.49615641276041667,0.06488745844001338,0.8648851066827774,1160,0.0025889091193675995,-1.7610033062597117
118,1539.7736,14499840,420.93333333333334,759,19085,-0.011587890568407602,0.2,0.0002,0.13273984,0.495234375,0.06643936621558776,0.8730396777391434,1170,0.03654399514198303,-1.7504803501628339
119,1339.3118,14622720,351.06666666666666,759,19253,-0.012904416195469821,0.2,0.0002,0.13158318,0.49322265625,0.05979940398552572,0.8745456486940384,1180,-0.014123260974884033,-1.736556840421011
120,1498.142,14745600,396.0,759,19421,-0.012098940000226625,0.2,0.0002,0.1293192,0.48813802083333335,0.05585477980397021,0.8790483400225639,1190,0.011073092930018902,-1.7337677029706537
121,1189.747,14868480,305.1333333333333,758,19590,-0.011406980556991282,0.2,0.0002,0.13270323,0.49075927734375,0.06112791255274108,0.8467795550823212,1200,-0.03362056240439415,-1.7214439818200966
122,1442.6761,14991360,390.73333333333335,758,19757,-0.012293297367668855,0.2,0.0002,0.13045265,0.48868896484375,0.06133941673479664,0.8997215107083321,1210,-0.026509996503591537,-1.693471974351754
123,1201.0664,15114240,315.6,758,19921,-0.01251059212714002,0.2,0.0002,0.12906468,0.48903564453125,0.059127293805213414,0.8879054188728333,1220,-0.024354636669158936,-1.7041101195290684
124,1249.1704,15237120,339.93333333333334,758,20088,-0.011585675896152073,0.2,0.0002,0.13133672,0.49043212890625,0.06703218742884928,0.8952616229653358,1230,0.0005696672014892101,-1.6731806880235671
125,1521.6803,15360000,401.0,758,20254,-0.011188280251687199,0.2,0.0002,0.13115689,0.4897843424479167,0.06428223329652004,0.8691395074129105,1240,0.01422806829214096,-1.6782727230774859
126,1200.1017,15482880,320.0,758,20421,-0.01209322104565217,0.2,0.0002,0.13574375,0.48875813802083334,0.06606492772184235,0.8920211419463158,1250,0.01954967901110649,-1.6550318675488234
127,1609.1832,15605760,424.2,757,20590,-0.012815161409780557,0.2,0.0002,0.13295925,0.48571044921875,0.05380031619208846,0.8854261264204979,1260,-0.0027121081948280334,-1.6670652356992166
128,1573.4514,15728640,425.0,757,20754,-0.011874521249768198,0.2,0.0002,0.13200645,0.48602620442708333,0.058275748267381765,0.8850660622119904,1270,0.16751496493816376,-1.6475212316401302
129,1529.7245,15851520,410.8666666666667,757,20923,-0.012087995062299038,0.2,0.0002,0.12910467,0.4828271484375,0.056018241748218615,0.86262446641922,1280,-0.004981830716133118,-1.648991618839403
130,1500.8367,15974400,396.06666666666666,757,21091,-0.011979339329118375,0.2,0.0002,0.13026209,0.48331136067708336,0.05791687541815918,0.8610793650150299,1290,0.023556707426905632,-1.6424060972966255
131,1378.9858,16097280,363.2,757,21258,-0.011800621446509467,0.2,0.0002,0.13568988,0.48111897786458335,0.07177475125722897,0.8727329671382904,1300,0.014505060389637947,-1.594988645669073
132,1225.2225,16220160,322.8,757,21425,-0.011492598549513483,0.2,0.0002,0.13233744,0.47483235677083335,0.0598452723906909,0.8870614767074585,1310,0.019375674426555634,-1.5867515994360049
133,1503.0758,16343040,391.06666666666666,756,21592,-0.011589175649314712,0.2,0.0002,0.1326441,0.4758251953125,0.059431879637025606,0.8887297213077545,1320,-0.003578655421733856,-1.579553065119932
134,1535.1005,16465920,412.26666666666665,756,21760,-0.011371065310753086,0.2,0.0002,0.1353376,0.4742325846354167,0.06145580410969463,0.8649258017539978,1330,-0.03920027241110802,-1.5700534329439202
135,1440.9148,16588800,375.93333333333334,756,21925,-0.011166812419426908,0.2,0.0002,0.1361905,0.4784928385416667,0.06142487964277583,0.8627636730670929,1340,0.013512715697288513,-1.5686019132224223
136,1513.377,16711680,392.4,756,22092,-0.010501126991815303,0.2,0.0002,0.13291252,0.47302815755208333,0.06537445892686568,0.8749508708715439,1350,0.035765960812568665,-1.5546827554889022
137,1235.4891,16834560,329.53333333333336,756,22259,-0.011164309466433526,0.2,0.0002,0.1314089,0.4713899739583333,0.06980400106901168,0.8719349950551987,1360,0.029181500896811485,-1.5496530360293885
138,1547.621,16957440,405.8,756,22429,-0.010182233078776335,0.2,0.0002,0.13197145,0.47084635416666665,0.059777799222429165,0.8869918137788773,1370,-0.01205487921833992,-1.5414917382535835
139,1215.5272,17080320,320.3333333333333,755,22594,-0.01060870571889609,0.2,0.0002,0.13425131,0.46818684895833335,0.06126427201462017,0.8846721947193146,1380,-0.017629656940698624,-1.5268491440887253
140,1286.2919,17203200,340.3333333333333,755,22761,-0.010860693798482923,0.2,0.0002,0.1331057,0.4694392903645833,0.06624773444440507,0.880010262131691,1390,0.12685170769691467,-1.516162246844421
141,1537.7264,17326080,404.2,755,22927,-0.010859338894764127,0.2,0.0002,0.13183051,0.4686531575520833,0.06718584534321659,0.8870398327708244,1400,0.0032082833349704742,-1.5228230440119903
142,1216.2772,17448960,316.53333333333336,755,23093,-0.011060723595104112,0.2,0.0002,0.13105363,0.4679833984375,0.04989759458275027,0.8678886294364929,1410,0.015000782907009125,-1.5217348403607807
143,1450.8757,17571840,383.4,755,23262,-0.010281934161260628,0.2,0.0002,0.12779738,0.4649300130208333,0.06417009621342004,0.8837876468896866,1420,0.04516558349132538,-1.50573677384605
144,1463.8649,17694720,382.93333333333334,755,23430,-0.010593753705882895,0.2,0.0002,0.13124648,0.4650520833333333,0.058981678747441035,0.8884807527065277,1430,-0.0021178685128688812,-1.488676021900028
145,1560.0493,17817600,407.6666666666667,755,23598,-0.010470805968216155,0.2,0.0002,0.13225494,0.4656673177083333,0.06044623599169427,0.8801561668515205,1440,-0.03113904595375061,-1.4954651734419167
146,1328.4779,17940480,345.8,754,23766,-0.01047731282016078,0.2,0.0002,0.13432217,0.47100423177083334,0.06618030270304492,0.8603346794843674,1450,0.02972215972840786,-1.4796563570263486
147,1466.6672,18063360,389.73333333333335,754,23932,-0.011858174217074217,0.2,0.0002,0.13517861,0.4673942057291667,0.06673743930237834,0.8996953815221786,1460,0.026866436004638672,-1.4888747236008446
148,1310.5184,18186240,338.8,754,24101,-0.010671701850284687,0.2,0.0002,0.13577251,0.4633333333333333,0.06036123491944939,0.8551346361637115,1470,0.028251556679606438,-1.4630375399813056
149,1399.2234,18309120,356.1333333333333,754,24271,-0.009654374610169422,0.2,0.0002,0.13387865,0.46337483723958334,0.07007542246821685,0.8467786610126495,1480,-0.005612455308437347,-1.4427375927443307
150,1374.9772,18432000,357.8,754,24437,-0.010301356333008395,0.2,0.0002,0.12997136,0.45901936848958336,0.06954164222479449,0.8638638556003571,1490,-0.017467455938458443,-1.444671742990613
151,1285.1179,18554880,344.0,754,24604,-0.010067241569358884,0.2,0.0002,0.13269183,0.4603271484375,0.06851982722694326,0.874830424785614,1500,-0.0009203273802995682,-1.4274350178831567
152,1499.4368,18677760,389.46666666666664,754,24771,-0.009431499451123575,0.2,0.0002,0.13141976,0.4565559895833333,0.0614871812221827,0.8931273072957993,1510,0.1335267275571823,-1.4224877757020296
153,1406.8683,18800640,365.93333333333334,753,24936,-0.009666120386191324,0.2,0.0002,0.1340361,0.45859130859375,0.07938073592563645,0.8530219793319702,1520,-0.022427627816796303,-1.4110772468894721
154,1387.8479,18923520,355.53333333333336,753,25104,-0.010677570695764492,0.2,0.0002,0.1312123,0.4584716796875,0.06636906247823693,0.8697097450494766,1530,-0.003901597112417221,-1.439608562209954
155,1546.8163,19046400,403.46666666666664,753,25272,-0.010162653221486835,0.2,0.0002,0.13154551,0.456416015625,0.06666509119330537,0.8732385337352753,1540,-0.028073083609342575,-1.4186633962579072
156,1150.9244,19169280,316.93333333333334,753,25441,-0.009595530362670008,0.2,0.0002,0.13148814,0.44992919921875,0.061354553243290866,0.865081176161766,1550,-0.022646507248282433,-1.4014351479895413
157,1555.9838,19292160,398.53333333333336,753,25610,-0.010787930359692837,0.2,0.0002,0.12903637,0.45400634765625,0.05796999545302242,0.8789082542061806,1560,-0.028539298102259636,-1.4182740528819462
158,1240.8042,19415040,327.2,753,25777,-0.011162920724461097,0.2,0.0002,0.13065311,0.4506917317708333,0.058179202336856785,0.8690816909074783,1570,-0.02079014666378498,-1.3907700481265783
159,1391.7222,19537920,376.6,753,25944,-0.01032099315491602,0.2,0.0002,0.13230832,0.45324381510416667,0.07410299354014568,0.8588567972183228,1580,-0.00775737501680851,-1.3802530638128518
160,1301.2825,19660800,336.93333333333334,752,26111,-0.010488607049452791,0.2,0.0002,0.1347247,0.4532470703125,0.06319812538781358,0.8996946811676025,1590,0.034104980528354645,-1.3815621112349132
161,1335.8142,19783680,355.46666666666664,752,26279,-0.00987892835736299,0.2,0.0002,0.13147971,0.44687581380208335,0.063338478103542,0.9058113694190979,1600,-0.012338485568761826,-1.356118077194939
162,1225.0977,19906560,325.0,752,26449,-0.009809485142535171,0.2,0.0002,0.13410474,0.4477034505208333,0.060277249656355704,0.866498202085495,1610,-0.004221413284540176,-1.3473540656082332
163,1207.7435,20029440,310.53333333333336,752,26621,-0.009695068170458399,0.2,0.0002,0.1295093,0.44785888671875,0.06368320168330684,0.9017046466469765,1620,-0.014846529811620712,-1.3724588572047651
164,1467.8182,20152320,375.73333333333335,751,26808,-0.009840542048690016,0.2,0.0002,0.13176951,0.4467879231770833,0.06935317270375284,0.8961155191063881,1630,0.03332066908478737,-1.36092091385896
165,1621.1874,20275200,420.93333333333334,751,26981,-0.010365054602643795,0.2,0.0002,0.13216485,0.44817789713541667,0.06721613605899619,0.8716744631528854,1640,-0.01595904864370823,-1.352475811128194
166,1557.3495,20398080,404.6,751,27154,-0.010317659459972978,0.2,0.0002,0.13277797,0.44652587890625,0.05929813619479925,0.8933452740311623,1650,-0.020916614681482315,-1.3551029159966856
167,1389.897,20520960,375.8,751,27322,-0.009632981179238413,0.2,0.0002,0.13225804,0.4446565755208333,0.05924036448336362,0.8720934987068176,1660,-0.012608122080564499,-1.3504843868004779
168,1609.5201,20643840,417.46666666666664,750,27491,-0.009495782933590817,0.2,0.0002,0.13045222,0.44088297526041664,0.06070988349255155,0.8660605847835541,1670,0.004481821320950985,-1.3283479187916964
169,1262.032,20766720,326.06666666666666,750,27660,-0.010601274048585765,0.2,0.0002,0.1333035,0.44117919921875,0.06424407157852935,0.8891984075307846,1680,0.013226836919784546,-1.3305004408800354
170,1618.7339,20889600,416.93333333333334,750,27827,-0.009192295156062756,0.2,0.0002,0.1338949,0.4410758463541667,0.07032581915749082,0.8939843028783798,1690,0.04041682183742523,-1.3116945509550473
171,1586.7996,21012480,407.8666666666667,750,27995,-0.010525488269389219,0.2,0.0002,0.13218887,0.43993408203125,0.06626535226438136,0.8595308810472488,1700,0.0904437005519867,-1.2990460103470831
172,1219.1467,21135360,319.26666666666665,750,28163,-0.010364513283560276,0.2,0.0002,0.13156644,0.43531982421875,0.059529693269723793,0.8815276101231575,1710,0.0017293430864810944,-1.2890250376270462
173,1450.3866,21258240,364.8,750,28331,-0.009178060722300263,0.2,0.0002,0.13704841,0.44018798828125,0.06444987027515404,0.8876792192459106,1720,0.000257931649684906,-1.281042604641989
174,1594.5549,21381120,427.06666666666666,750,28499,-0.009014162860166835,0.2,0.0002,0.1354947,0.43423665364583336,0.07828358869124107,0.890536405146122,1730,0.013800371438264847,-1.255580111121138
175,1394.941,21504000,360.73333333333335,750,28670,-0.009959906258445698,0.2,0.0002,0.13728167,0.43778157552083335,0.07576967161944291,0.8761494159698486,1740,-0.027250781655311584,-1.2696236778733632
176,1449.7825,21626880,363.6666666666667,749,28837,-0.009427163484876171,0.2,0.0002,0.13598004,0.43955078125,0.07889127332358233,0.8426159620285034,1750,-0.024709375575184822,-1.278388709500432
177,1473.3405,21749760,371.1333333333333,749,29009,-0.00945555157642957,0.2,0.0002,0.13071539,0.4369816080729167,0.05907989918339202,0.8803301528096199,1760,-0.004066327586770058,-1.2787682934322704
178,1673.1444,21872640,420.73333333333335,749,29177,-0.009715390991098805,0.2,0.0002,0.13343844,0.43490152994791664,0.06896969740572483,0.8571082502603531,1770,0.02534586563706398,-1.2702904436551035
179,1442.7095,21995520,387.8,749,29345,-0.009155682493546919,0.2,0.0002,0.1327457,0.43617919921875,0.0604855279862871,0.8694824278354645,1780,-0.018899494782090187,-1.2684509650524705
180,1603.0802,22118400,407.4,749,29515,-0.009139967581243885,0.2,0.0002,0.1333981,0.43695231119791667,0.06679947152547053,0.8619553744792938,1790,-0.0013615060597658157,-1.271623666457211
181,1652.9308,22241280,413.0,749,29685,-0.0097031885497654,0.2,0.0002,0.1333929,0.4321516927083333,0.06299038840962264,0.867996335029602,1800,-0.005984588526189327,-1.2512888177670538
182,1510.4797,22364160,390.53333333333336,749,29855,-0.00888029497247165,0.2,0.0002,0.1299476,0.42701090494791666,0.05611227339883044,0.8419934958219528,1810,0.0019539473578333855,-1.2405077353150895
183,1552.3933,22487040,401.1333333333333,748,30025,-0.00973221095094838,0.2,0.0002,0.13222091,0.4290974934895833,0.06220934107036252,0.8401269018650055,1820,-0.013814570382237434,-1.2377301040415962
184,1438.9534,22609920,375.46666666666664,748,30196,-0.009669709097270242,0.2,0.0002,0.13496278,0.4299568684895833,0.06672088882958632,0.8775168508291245,1830,-0.004567423835396767,-1.218951470674947
185,1580.1995,22732800,412.46666666666664,748,30368,-0.010767467199160214,0.2,0.0002,0.13141885,0.427646484375,0.05696579977030827,0.8754920959472656,1840,-0.011118654161691666,-1.2471171268634498
186,1604.7024,22855680,405.06666666666666,748,30541,-0.009132953259395435,0.2,0.0002,0.13022426,0.42433756510416665,0.05543103457450343,0.872650146484375,1850,0.029194634407758713,-1.2475661382606873
187,1539.3041,22978560,386.3333333333333,748,30712,-0.010382641623261104,0.2,0.0002,0.13006169,0.42643391927083335,0.0590531608069432,0.8513011038303375,1860,0.005782009102404118,-1.2449909320566803
188,1499.9585,23101440,384.8,748,30883,-0.009991421573534656,0.2,0.0002,0.13016826,0.42474853515625,0.06182946201190741,0.8498017936944962,1870,0.0018368270248174667,-1.264914120056977
189,1547.6038,23224320,390.93333333333334,747,31056,-0.009663805293997333,0.2,0.0002,0.12977052,0.43366861979166665,0.06441085710362435,0.8515613824129105,1880,-0.01028321124613285,-1.2633331495337188
190,1500.012,23347200,383.8,747,31249,-0.008919681745683193,0.2,0.0002,0.13449721,0.43548421223958333,0.0726963719103757,0.8260716199874878,1890,0.028843313455581665,-1.263156012436375
191,1517.5032,23470080,387.8,746,31422,-0.009558883088399549,0.2,0.0002,0.13495417,0.43039632161458335,0.0616673781088078,0.8515964448451996,1900,0.03393106907606125,-1.2464482601359486
192,1486.5577,23592960,384.53333333333336,746,31597,-0.009506808150060048,0.2,0.0002,0.13267426,0.42814208984375,0.0658245365600548,0.8785421624779701,1910,-0.017424199730157852,-1.241280850150312
193,1387.6979,23715840,352.46666666666664,746,31770,-0.00964990328016332,0.2,0.0002,0.12682451,0.4238232421875,0.054005930621836645,0.8620766252279282,1920,0.002846762537956238,-1.2483012627841283
194,1524.9886,23838720,390.73333333333335,746,31943,-0.010326912067915448,0.2,0.0002,0.12719093,0.4210074869791667,0.06001500174383788,0.8713025450706482,1930,0.09009481966495514,-1.2327250428777188
195,1388.265,23961600,351.06666666666666,746,32115,-0.009964723571013868,0.2,0.0002,0.1286404,0.42316243489583333,0.062057551166872144,0.8620801270008087,1940,-0.007752228528261185,-1.225414274254193
196,1523.8572,24084480,389.26666666666665,745,32289,-0.010569780848606266,0.2,0.0002,0.13399005,0.4226603190104167,0.05456157298503968,0.8934483528137207,1950,0.044418592005968094,-1.2208458364196122
197,1315.0066,24207360,341.3333333333333,745,32461,-0.009755952304130915,0.2,0.0002,0.12918904,0.41811197916666665,0.053389642093825386,0.8858294114470482,1960,0.02620384469628334,-1.2183083908415089
198,1538.4851,24330240,386.8666666666667,745,32634,-0.010088911973828848,0.2,0.0002,0.13218196,0.42195719401041665,0.06360399017474265,0.8686780333518982,1970,-0.01753288134932518,-1.2188252441895504
199,1503.3163,24453120,384.8666666666667,745,32806,-0.009461760660099875,0.2,0.0002,0.13344711,0.41991780598958334,0.06338177476621544,0.8557916581630707,1980,0.05741594731807709,-1.1968301584819954
200,1399.9274,24576000,351.93333333333334,745,32979,-0.009326950629374551,0.2,0.0002,0.1279464,0.41962158203125,0.06066809665666369,0.8636260777711868,1990,0.008981937542557716,-1.2184048736064383
201,1606.0426,24698880,407.2,744,33152,-0.009699947865028662,0.2,0.0002,0.13050704,0.42189371744791665,0.05804251012768267,0.8679488152265549,2000,0.01488130446523428,-1.2266999792680144
202,1612.4313,24821760,409.46666666666664,744,33328,-0.010105073982272188,0.2,0.0002,0.13146037,0.4257275390625,0.055325245774680905,0.8865257725119591,2010,0.01045481488108635,-1.2393851954303683
203,1678.4087,24944640,432.4,744,33503,-0.008964536405225468,0.2,0.0002,0.13020027,0.42321370442708334,0.06860069517179605,0.8613522201776505,2020,-0.01556999608874321,-1.2323469249034922
204,1539.1893,25067520,387.93333333333334,744,33678,-0.010886831455027278,0.2,0.0002,0.12833312,0.4211865234375,0.05561296517626033,0.8464292138814926,2030,-0.0013465788215398788,-1.2200337056039523
205,1445.0131,25190400,374.93333333333334,744,33850,-0.00916216625704692,0.2,0.0002,0.13126132,0.41554606119791665,0.06193922944582785,0.8832947388291359,2040,-0.03659004718065262,-1.1939851384113231
206,1469.3788,25313280,376.8,743,34026,-0.009836346980434124,0.2,0.0002,0.12976542,0.4161149088541667,0.05893679214483806,0.8878605365753174,2050,0.005032261833548546,-1.2032476872950792
207,1161.2083,25436160,299.93333333333334,743,34202,-0.010047872626461564,0.2,0.0002,0.13274066,0.418271484375,0.06757586639435127,0.8815775290131569,2060,-0.013813015073537827,-1.1986124528571964
208,1289.7592,25559040,336.2,743,34375,-0.008161943324109112,0.2,0.0002,0.13263813,0.4172867838541667,0.06446432305009997,0.8784559369087219,2070,0.0453372560441494,-1.1803338591909658
209,1464.6849,25681920,374.06666666666666,743,34550,-0.00982700302584514,0.2,0.0002,0.12531784,0.41204915364583333,0.057898577253048034,0.8774546980857849,2080,0.00999615341424942,-1.1826247028106203
210,1584.6266,25804800,392.06666666666666,743,34725,-0.009388719311767393,0.2,0.0002,0.12910073,0.4125773111979167,0.056599669457621835,0.8906733617186546,2090,0.1021537110209465,-1.1839498156278083
211,1623.1077,25927680,406.53333333333336,742,34900,-0.00904887515099593,0.2,0.0002,0.12870269,0.40825927734375,0.05991645278899038,0.8784554153680801,2100,-0.0003565484657883644,-1.1602663616277278
212,1436.8303,26050560,355.8,742,35081,-0.009009793359218747,0.2,0.0002,0.13499095,0.41441650390625,0.05425379430336761,0.8913217410445213,2110,0.029499057680368423,-1.1668178038888921
213,1678.6261,26173440,423.0,742,35254,-0.008432984123628558,0.2,0.0002,0.13203461,0.41040608723958333,0.06615014479105108,0.8814120143651962,2120,0.07315665483474731,-1.1532585250524183
214,1649.3981,26296320,416.8666666666667,741,35464,-0.009093309702257102,0.2,0.0002,0.12622534,0.4072314453125,0.0635072746333511,0.876884862780571,2130,-0.0036580227315425873,-1.160082124704495
215,1510.2993,26419200,373.46666666666664,741,35637,-0.009005261695601802,0.2,0.0002,0.12569687,0.40550048828125,0.06365827822111897,0.8868722096085548,2140,-0.02477145753800869,-1.1530511292846253
216,1493.1998,26542080,374.2,741,35811,-0.008672473093147346,0.2,0.0002,0.12948634,0.41176432291666665,0.07188827151338045,0.7955583333969116,2150,0.003129570744931698,-1.1556801687926055
217,1425.0562,26664960,361.53333333333336,740,35986,-0.009658102289461871,0.2,0.0002,0.12830418,0.408388671875,0.06094221599281203,0.8956382349133492,2160,-0.030699515715241432,-1.152875136885171
218,1477.3113,26787840,367.73333333333335,740,36161,-0.009502334803085736,0.2,0.0002,0.1262379,0.40875895182291666,0.05775238025060389,0.8871307596564293,2170,0.02614680677652359,-1.1576558859987804
219,1599.0416,26910720,388.1333333333333,740,36337,-0.009060848655102139,0.2,0.0002,0.12392178,0.4066471354166667,0.05797602578364604,0.8498537540435791,2180,-0.010428322479128838,-1.1665263218432664
220,1443.0084,27033600,350.93333333333334,740,36515,-0.009761594043757213,0.2,0.0002,0.13045008,0.4075618489583333,0.06033431765722829,0.887222170829773,2190,-0.008218643255531788,-1.1576699911088992
221,1499.1085,27156480,381.6,740,36692,-0.010107398107129484,0.2,0.0002,0.1289234,0.40666097005208335,0.06279224132903134,0.907529205083847,2200,-0.03441127762198448,-1.1565615457948297
222,1460.9647,27279360,370.8,739,36870,-0.008352414015171235,0.2,0.0002,0.1283309,0.40768310546875,0.0585568477880103,0.8781498298048973,2210,0.017049286514520645,-1.1595961383823306
223,1516.4031,27402240,377.0,739,37048,-0.009198690017989671,0.2,0.0002,0.12712485,0.403544921875,0.07210818685030972,0.870365709066391,2220,-0.0267961323261261,-1.1511514834749201
224,1646.5397,27525120,410.73333333333335,739,37225,-0.009111333321779966,0.2,0.0002,0.12172559,0.40061279296875,0.06008767374216404,0.8668904453516006,2230,-0.011830969713628292,-1.1565487270740171
225,1725.0703,27648000,420.53333333333336,739,37401,-0.009838651953541557,0.2,0.0002,0.1212163,0.39807373046875,0.0546368569041321,0.8989256620407104,2240,-0.0004980680532753468,-1.1503699052364875
226,1726.063,27770880,426.53333333333336,738,37579,-0.010106615203967521,0.2,0.0002,0.12506106,0.39939290364583335,0.05796074100168577,0.880064457654953,2250,-0.011990386992692947,-1.1426585972712686
227,1434.154,27893760,353.06666666666666,738,37756,-0.009794123116638123,0.2,0.0002,0.12403121,0.39959391276041667,0.06598314886587711,0.8748330622911453,2260,-0.00017916038632392883,-1.1448519846921166
228,1552.9413,28016640,390.6,738,37931,-0.00866394502795932,0.2,0.0002,0.123564854,0.3999357096354167,0.06943435010890729,0.8841322660446167,2270,-0.011959308758378029,-1.1369876321280996
229,1602.1158,28139520,396.53333333333336,738,38109,-0.010673571166965606,0.2,0.0002,0.13351354,0.4054410807291667,0.06275681022232069,0.8793013617396355,2280,0.01752477139234543,-1.1503183205518872
230,1320.0642,28262400,330.6666666666667,738,38288,-0.009296802059561743,0.2,0.0002,0.12586112,0.4026359049479167,0.06467661430724547,0.8764241710305214,2290,0.01061062328517437,-1.1510696827899665
231,1320.7837,28385280,332.0,737,38500,-0.00970628100756585,0.2,0.0002,0.12466414,0.3980436197916667,0.06361513579300664,0.8733188658952713,2300,-0.029674367979168892,-1.136073199712361
232,1487.1229,28508160,369.1333333333333,737,38679,-0.008878509936494083,0.2,0.0002,0.12973098,0.39861653645833334,0.07568587620805678,0.8860569149255753,2310,-0.004912953823804855,-1.1208981416622799
233,1333.6483,28631040,332.0,736,38858,-0.008816461851414109,0.2,0.0002,0.1278331,0.40307047526041667,0.07847140618842484,0.8714377731084824,2320,-0.0329047366976738,-1.1444825101302316
234,1454.5793,28753920,372.26666666666665,736,39037,-0.009652407925732404,0.2,0.0002,0.13064404,0.4020914713541667,0.06337678954992346,0.8642427921295166,2330,0.006822350434958935,-1.1502671319370468
235,1364.4025,28876800,340.2,736,39214,-0.009493876005387088,0.2,0.0002,0.1285667,0.39806396484375,0.06667187621889753,0.87224280834198,2340,-0.007861054502427578,-1.1354888801307728
236,1342.3462,28999680,342.46666666666664,736,39392,-0.00870117994112661,0.2,0.0002,0.1264067,0.39825113932291667,0.07685150351637277,0.8875186592340469,2350,-0.005082109943032265,-1.1314846725172052
237,1658.8082,29122560,408.53333333333336,735,39570,-0.00967933262532218,0.2,0.0002,0.12631364,0.39796305338541665,0.06410891681589419,0.9027881026268005,2360,-0.008512813597917557,-1.1172438010883827
238,1381.8837,29245440,339.26666666666665,735,39749,-0.008854570834525172,0.2,0.0002,0.12595479,0.39533854166666665,0.0658682998852358,0.876690112054348,2370,0.03399788588285446,-1.1113992212029795
239,1621.318,29368320,406.73333333333335,735,39927,-0.009374193819567153,0.2,0.0002,0.126173,0.3934228515625,0.06612753932310927,0.866188108921051,2380,0.03660856559872627,-1.1204409577759604
240,1540.6842,29491200,387.26666666666665,735,40103,-0.009545813354710239,0.2,0.0002,0.12368379,0.39231689453125,0.058350856320369834,0.8773887157440186,2390,-0.0068573663011193275,-1.1241770697571338
241,1633.595,29614080,392.26666666666665,735,40282,-0.009336485166131751,0.2,0.0002,0.12830168,0.39539794921875,0.06642433995604127,0.8810174018144608,2400,-0.00980311818420887,-1.1231803009938448
242,1674.7039,29736960,421.8,734,40461,-0.008389105003407166,0.2,0.0002,0.12318873,0.39246012369791666,0.06424198204287677,0.8871957063674927,2410,0.009797411039471626,-1.1219236972089857
243,1723.7485,29859840,423.4,734,40640,-0.008929625554837912,0.2,0.0002,0.12826356,0.39557861328125,0.06728030971358143,0.88958939909935,2420,0.016359122470021248,-1.1243677928236624
244,1634.8733,29982720,415.93333333333334,734,40818,-0.009511457755585677,0.2,0.0002,0.12730502,0.39470296223958334,0.057794572519778736,0.8837868720293045,2430,0.0006512664258480072,-1.1260348968518277
245,1603.6058,30105600,399.53333333333336,734,40996,-0.009275936258424433,0.2,0.0002,0.12622145,0.39294596354166667,0.059012749428851145,0.8882350921630859,2440,0.03948648273944855,-1.1255795251919578
246,1330.5347,30228480,338.26666666666665,734,41172,-0.009205972758463759,0.2,0.0002,0.12346868,0.3900227864583333,0.05943236163734885,0.8775563538074493,2450,0.027422619983553886,-1.1192230737923334
247,1372.6033,30351360,330.0,734,41350,-0.009017327994603572,0.2,0.0002,0.1250489,0.39827067057291665,0.06925669187185121,0.8646719753742218,2460,-0.010043902322649956,-1.13467839909407
248,1537.0024,30474240,381.73333333333335,733,41528,-0.008942783289063906,0.2,0.0002,0.126193,0.39380859375,0.0701580247504171,0.8625745475292206,2470,-0.01579020917415619,-1.1300038602296263
249,1481.0999,30597120,380.0,733,41704,-0.008500439516483311,0.2,0.0002,0.12971565,0.39787109375,0.07496620296403611,0.8608696907758713,2480,-0.010730238631367683,-1.1282988071472695
250,1504.272,30720000,368.1333333333333,733,41880,-0.009549120509457982,0.2,0.0002,0.1268178,0.39922688802083334,0.06221209687483982,0.8763852566480637,2490,0.03121233358979225,-1.1227193044809003
251,1551.3855,30842880,379.26666666666665,733,42059,-0.009340075381248121,0.2,0.0002,0.123637214,0.39227376302083333,0.06734646935534935,0.8685688674449921,2500,-0.0020324252545833588,-1.114607657979553
252,1499.834,30965760,377.46666666666664,733,42237,-0.008905162954069965,0.2,0.0002,0.12815258,0.39594889322916665,0.07083465150581712,0.8707743287086487,2510,-0.014327296987175941,-1.1269618713265905
253,1602.9318,31088640,399.46666666666664,732,42416,-0.00974490844258374,0.2,0.0002,0.12216341,0.39182861328125,0.06419084807338853,0.9070882946252823,2520,-0.0037928204983472824,-1.1194922438853732
254,1385.4403,31211520,346.53333333333336,732,42594,-0.00946322671874441,0.2,0.0002,0.12941737,0.3940047200520833,0.06001804772053826,0.8862951397895813,2530,-0.026784755289554596,-1.1235951247283569
255,1560.3323,31334400,377.93333333333334,732,42785,-0.009353975161745135,0.2,0.0002,0.12830769,0.39421956380208334,0.0725285246886051,0.8804172500967979,2540,-0.052733536809682846,-1.1299004067542653
256,1437.2551,31457280,353.46666666666664,732,42963,-0.009773633859031178,0.2,0.0002,0.12367609,0.39337076822916667,0.06959703434118031,0.8734049052000046,2550,-0.02983459271490574,-1.151761697124069
257,1679.1624,31580160,422.93333333333334,732,43142,-0.009296058854227643,0.2,0.0002,0.12533107,0.39002034505208333,0.0688710726651334,0.8870882540941238,2560,-0.009812034666538239,-1.1229784506590417
258,1447.2404,31703040,363.0,731,43320,-0.008758378899128729,0.2,0.0002,0.123927355,0.39420003255208336,0.06637427449447084,0.880567878484726,2570,-0.0020568780601024628,-1.1412326542505373
259,1767.8456,31825920,431.0,731,43499,-0.008679031435543341,0.2,0.0002,0.12297043,0.39283365885416666,0.07392389709163884,0.8652113825082779,2580,-0.03108292818069458,-1.1439318612093727
260,1649.8619,31948800,411.2,731,43676,-0.008510633629830408,0.2,0.0002,0.1343583,0.39715901692708333,0.08214663873686125,0.8482720851898193,2590,-0.019130369648337364,-1.144271623240784
261,1594.3958,32071680,401.1333333333333,731,43854,-0.009597769741139928,0.2,0.0002,0.12686624,0.39104817708333334,0.06020467794730697,0.8790882080793381,2600,-0.012825649231672287,-1.1510981589897225
262,1437.7131,32194560,356.06666666666666,730,44062,-0.00967768340733528,0.2,0.0002,0.12341235,0.3898592122395833,0.06564896479806824,0.8910118415951729,2610,-0.030761033296585083,-1.1422751968105633
263,1536.4905,32317440,396.93333333333334,730,44240,-0.009560430880786347,0.2,0.0002,0.12500621,0.3931982421875,0.06419687988796795,0.8717659115791321,2620,0.005671193823218346,-1.1443368914568175
264,1663.8312,32440320,404.73333333333335,730,44418,-0.009521018156216693,0.2,0.0002,0.12887157,0.3918098958333333,0.06764283238357166,0.8873825669288635,2630,0.028056368231773376,-1.14394181655099
265,1759.8162,32563200,421.8666666666667,730,44598,-0.008834532796336135,0.2,0.0002,0.1286733,0.3908894856770833,0.07180538357148179,0.8907843306660652,2640,0.010299780406057835,-1.1309788424304377
266,1841.545,32686080,445.2,730,44774,-0.00933902524582057,0.2,0.0002,0.12246561,0.38564615885416664,0.05839919865611591,0.875587485730648,2650,0.02696704864501953,-1.1414701082309087
267,1361.512,32808960,334.0,729,44953,-0.009495745773432039,0.2,0.0002,0.12310801,0.3866097005208333,0.07117348031800551,0.8713291436433792,2660,-0.021329298615455627,-1.1185834732962152
268,1521.4603,32931840,379.1333333333333,729,45130,-0.009090694449678267,0.2,0.0002,0.12686478,0.3873624674479167,0.0708162259816163,0.8625030964612961,2670,0.025385171175003052,-1.1335780752295008
269,1516.5663,33054720,373.53333333333336,729,45309,-0.009405996814220998,0.2,0.0002,0.12146587,0.38727783203125,0.05700631482858929,0.8904513120651245,2680,-0.0010932357981801033,-1.14499605604137
270,1392.6431,33177600,350.4,729,45495,-0.009505607106742293,0.2,0.0002,0.12512128,0.38899820963541665,0.0652461406627117,0.8762501105666161,2690,0.048145875334739685,-1.1426818340364844
271,1431.3835,33300480,367.46666666666664,729,45671,-0.00919045102358723,0.2,0.0002,0.1272012,0.38480061848958336,0.05938579248734944,0.8945345804095268,2700,-0.0015394166111946106,-1.1309721746606132
272,1629.5529,33423360,409.0,728,45851,-0.009350527228925785,0.2,0.0002,0.12231415,0.3853515625,0.06330142562408582,0.8987246453762054,2710,-0.015262600034475327,-1.149510611705482
273,1690.9348,33546240,418.6666666666667,728,46027,-0.010697835459074365,0.2,0.0002,0.12016133,0.38080159505208333,0.05727639465937197,0.8787504956126213,2720,0.026891283690929413,-1.1300764572030555
274,1727.6449,33669120,427.26666666666665,728,46207,-0.008894616952469125,0.2,0.0002,0.12112703,0.38055094401041667,0.07347365645589889,0.8643935173749924,2730,0.012891512364149094,-1.102194997553403
275,1516.2511,33792000,385.3333333333333,728,46384,-0.00862168691882592,0.2,0.0002,0.12519829,0.38288492838541666,0.061270662954387566,0.8373857289552689,2740,0.04942478984594345,-1.112183255686735
276,1650.3433,33914880,404.93333333333334,728,46562,-0.00875733887516617,0.2,0.0002,0.12253429,0.3804549153645833,0.07129453560667268,0.8756283819675446,2750,0.0229811854660511,-1.0992430393956603
277,1584.7408,34037760,395.46666666666664,728,46741,-0.009038311546106948,0.2,0.0002,0.1307679,0.3891072591145833,0.07310781459156715,0.8859573379158974,2760,-0.011291030794382095,-1.1078543989205112
278,1454.2202,34160640,370.46666666666664,728,46920,-0.009258455188628431,0.2,0.0002,0.12552635,0.38884765625,0.06684394036633118,0.8888682499527931,2770,0.01807919703423977,-1.1221151487653453
279,1628.3033,34283520,393.0,727,47100,-0.009518100291964704,0.2,0.0002,0.12199796,0.3819270833333333,0.0654259810478349,0.8797184154391289,2780,-0.0023054461926221848,-1.1128087876054147
280,1528.0839,34406400,373.53333333333336,727,47277,-0.009441572283618976,0.2,0.0002,0.12763353,0.38848388671875,0.06165618854720378,0.8729439377784729,2790,0.02559247985482216,-1.1096658783312887
281,1419.1876,34529280,346.3333333333333,727,47455,-0.008558741226643178,0.2,0.0002,0.12579186,0.3868741861979167,0.07102209471389263,0.8590231388807297,2800,-0.015281583182513714,-1.1128339079705378
282,1648.8722,34652160,411.06666666666666,727,47636,-0.009694571086620273,0.2,0.0002,0.12391082,0.3875,0.0576351132284617,0.9025948494672775,2810,-0.02744297869503498,-1.1150644342570255
283,1644.6166,34775040,390.0,727,47817,-0.009733230474151545,0.2,0.0002,0.12583694,0.38591145833333335,0.055586032545397755,0.8986872136592865,2820,-0.007203336805105209,-1.130179931356882
284,1438.1294,34897920,369.46666666666664,727,47999,-0.009843319505651683,0.2,0.0002,0.1272837,0.3863753255208333,0.06456962411008135,0.8971324637532234,2830,-0.001103391870856285,-1.1222150498069823
285,1614.214,35020800,403.3333333333333,726,48180,-0.009318619971963926,0.2,0.0002,0.12523305,0.38672526041666666,0.06397583411184314,0.8603906631469727,2840,0.014634419232606888,-1.1271136785826334
286,1401.5126,35143680,330.46666666666664,726,48361,-0.009760041913699145,0.2,0.0002,0.12693124,0.38525146484375,0.0673731908355694,0.8791733905673027,2850,-0.02153555303812027,-1.1282169666327535
287,1401.8882,35266560,350.53333333333336,726,48538,-0.008626148480895305,0.2,0.0002,0.12880066,0.3870947265625,0.06729646212639637,0.8781045451760292,2860,-0.020615261048078537,-1.1171664300033202
288,1567.6818,35389440,390.3333333333333,726,48717,-0.009525657986954077,0.2,0.0002,0.1296084,0.3897810872395833,0.06226438231087134,0.898070439696312,2870,-0.003734051249921322,-1.1305461175274103
289,1520.4161,35512320,375.0,726,48895,-0.009826317389621787,0.2,0.0002,0.123975776,0.3865966796875,0.05421708598032031,0.9018016755580902,2880,0.009223302826285362,-1.1441087765743334
290,1562.5184,35635200,385.0,726,49074,-0.008971893171941095,0.2,0.0002,0.129342,0.3913883463541667,0.06966227992185546,0.8939735889434814,2890,0.009394049644470215,-1.1236533069486419
291,1733.8765,35758080,416.8,725,49255,-0.008843926165603382,0.2,0.0002,0.12914518,0.390029296875,0.05900773875961022,0.8999676704406738,2900,0.026691775768995285,-1.1278374479711055
292,1566.9823,35880960,393.53333333333336,725,49434,-0.00922250992397797,0.2,0.0002,0.12739494,0.39183186848958335,0.06961326842562508,0.8562014549970627,2910,0.0027338527143001556,-1.1402543538467338
293,1404.7205,36003840,340.26666666666665,725,49617,-0.008855159865515817,0.2,0.0002,0.13139836,0.3950496419270833,0.06723620353904455,0.8970195576548576,2920,-0.010356629267334938,-1.137709128241986
294,1497.5139,36126720,367.06666666666666,725,49799,-0.010156313009204799,0.2,0.0002,0.12497851,0.39031656901041667,0.06801457973121917,0.8868420422077179,2930,0.03267696499824524,-1.1268629461868356
295,1611.3345,36249600,385.93333333333334,725,49980,-0.008907405714077565,0.2,0.0002,0.12703456,0.39131103515625,0.06114586096053245,0.8919552117586136,2940,0.0112295001745224,-1.1420570896659046
296,1694.086,36372480,410.8666666666667,725,50159,-0.00901461944714659,0.2,0.0002,0.12789194,0.3916748046875,0.07062907544197515,0.8679252713918686,2950,-0.01700892113149166,-1.1498539295854668
297,1555.2054,36495360,382.0,724,50341,-0.009721677496657624,0.2,0.0002,0.12724629,0.39311279296875,0.05914350951529438,0.8926631584763527,2960,-0.036091554909944534,-1.1462114880389223
298,1819.2916,36618240,445.8666666666667,724,50523,-0.009247010463323022,0.2,0.0002,0.12605587,0.3905485026041667,0.06861190833000971,0.8639868050813675,2970,-0.013749024830758572,-1.1447350344310203
299,1652.2876,36741120,411.6,724,50705,-0.010198244832129907,0.2,0.0002,0.1264623,0.38626953125,0.06130408396786758,0.90531075745821,2980,-0.00643458217382431,-1.1380595402947316
300,1447.069,36864000,366.06666666666666,724,50885,-0.008414035856367264,0.2,0.0002,0.12417971,0.38755615234375,0.06804873686892582,0.8898655101656914,2990,0.004093710333108902,-1.1384553552139551
301,1598.7865,36986880,378.1333333333333,724,51066,-0.009381796151956223,0.2,0.0002,0.12618218,0.3856201171875,0.05964452364867611,0.8907157108187675,3000,-0.031573764979839325,-1.1274928726411113
302,1564.453,37109760,393.6666666666667,724,51245,-0.008006927106143848,0.2,0.0002,0.12458396,0.3902205403645833,0.07448210558102195,0.8682650774717331,3010,0.005565486382693052,-1.1325749812150996
303,1439.6942,37232640,351.8,724,51424,-0.009086978526638631,0.2,0.0002,0.13408642,0.3954443359375,0.07170541255654825,0.8889998868107796,3020,-0.01337148156017065,-1.137844488080591
304,1580.4432,37355520,377.3333333333333,723,51604,-0.008036781952593325,0.2,0.0002,0.13018256,0.38602132161458336,0.08151920708626373,0.8709520995616913,3030,-0.031831271946430206,-1.124621520874401
305,1603.985,37478400,385.53333333333336,723,51785,-0.009817912886652872,0.2,0.0002,0.1279289,0.3878955078125,0.06469627682740489,0.9017021581530571,3040,-0.019436892122030258,-1.1234538813463102
306,1426.5394,37601280,352.4,723,51968,-0.009451458102715454,0.2,0.0002,0.12486185,0.3859098307291667,0.07253460248675159,0.888841524720192,3050,0.13265959918498993,-1.119827590873465
307,1501.952,37724160,363.6,723,52151,-0.008618782814852845,0.2,0.0002,0.12623009,0.3814453125,0.07257410178669185,0.8761393576860428,3060,-0.005245693027973175,-1.08216327290982
308,1186.9711,37847040,292.26666666666665,723,52334,-0.009134470608895147,0.2,0.0002,0.123180896,0.38119140625,0.06152828334018219,0.8819897323846817,3070,-0.029802270233631134,-1.0943700312419484
309,1602.2384,37969920,396.93333333333334,723,52516,-0.008306579487010217,0.2,0.0002,0.12926343,0.38375732421875,0.0734895483313691,0.9092705026268959,3080,-0.009798169136047363,-1.108760869850715
310,1538.52,38092800,379.3333333333333,722,52699,-0.008302645873636721,0.2,0.0002,0.13057272,0.38888916015625,0.07362534922399694,0.8688506782054901,3090,-0.003503940999507904,-1.1038863430110117
311,1578.163,38215680,397.6666666666667,722,52881,-0.007771895126940459,0.2,0.0002,0.1292431,0.3861189778645833,0.07937369304398696,0.8336594551801682,3100,-0.00569508969783783,-1.1152254314844807
312,1567.0555,38338560,375.06666666666666,722,53061,-0.009986671402845483,0.2,0.0002,0.12685965,0.38323893229166667,0.057192792516677096,0.8640100657939911,3110,-0.010908817872405052,-1.11338520169879
313,1698.8865,38461440,438.6666666666667,722,53242,-0.0090514967725782,0.2,0.0002,0.1231619,0.38363444010416664,0.06580516696975489,0.8872232511639595,3120,-0.01017638947814703,-1.1305934077811737
314,1724.1228,38584320,424.6,722,53426,-0.008305619723050767,0.2,0.0002,0.12689707,0.381279296875,0.0627733733014611,0.8738042712211609,3130,-0.02852769009768963,-1.1284422016143798
315,1421.9613,38707200,352.3333333333333,722,53610,-0.01030209399834348,0.2,0.0002,0.12561986,0.3780135091145833,0.057297561315402465,0.8830804079771042,3140,-0.030971575528383255,-1.1135674303397536
316,1472.5402,38830080,374.73333333333335,721,53793,-0.008620747408231181,0.2,0.0002,0.12104702,0.3800276692708333,0.07520175325284072,0.8845305815339088,3150,-0.00733557716012001,-1.118804566077888
317,1486.9457,38952960,380.26666666666665,721,53974,-0.009619406778680666,0.2,0.0002,0.1228077,0.37817789713541666,0.05716314260137248,0.8229057341814041,3160,-0.020730596035718918,-1.1327510900081446
318,1389.7367,39075840,356.6,721,54157,-0.00933714188577748,0.2,0.0002,0.11993028,0.37774983723958333,0.061462461319461,0.8859375864267349,3170,-0.01311896089464426,-1.1237488425305735
319,1691.5793,39198720,421.0,721,54337,-0.009041510368567741,0.2,0.0002,0.12621051,0.38041341145833335,0.06863090903995422,0.8744899332523346,3180,-0.03722928464412689,-1.1199555632689346
320,1731.4297,39321600,425.2,721,54517,-0.009316429517305854,0.2,0.0002,0.12570448,0.3774055989583333,0.06190647508041972,0.8709546476602554,3190,-0.01634432189166546,-1.108365965494886
321,1682.9556,39444480,401.46666666666664,721,54700,-0.009571834132196576,0.2,0.0002,0.12808356,0.3801399739583333,0.06951162988940875,0.8592721372842789,3200,-0.0021377848461270332,-1.1090467086434364
322,1777.1816,39567360,422.93333333333334,720,54883,-0.008627241961864153,0.2,0.0002,0.12362187,0.3768489583333333,0.06799993296369697,0.8797913566231728,3210,-0.015646055340766907,-1.1215802158943067
323,1747.4194,39690240,424.6666666666667,720,55065,-0.008229504488420691,0.2,0.0002,0.119326025,0.37189615885416666,0.06789862797391834,0.8657689392566681,3220,-0.02396170049905777,-1.1154505420972904
324,1458.0483,39813120,355.46666666666664,720,55247,-0.008231387747952491,0.2,0.0002,0.124780305,0.37682454427083334,0.06679862846152294,0.8581710010766983,3230,-0.005254738032817841,-1.0954677803783368
325,1454.067,39936000,353.06666666666666,720,55429,-0.008747811542507406,0.2,0.0002,0.12870702,0.37760986328125,0.07009729721493689,0.8921333104372025,3240,0.014505984261631966,-1.1082587328056495
326,1570.4993,40058880,393.2,720,55612,-0.009042337358338651,0.2,0.0002,0.1285033,0.37913655598958335,0.07311522787723031,0.8977835476398468,3250,0.021616149693727493,-1.1136320117674767
327,1666.0597,40181760,411.53333333333336,720,55794,-0.009001591643736902,0.2,0.0002,0.12263755,0.3781380208333333,0.06688512045475363,0.8747318238019943,3260,0.02678537368774414,-1.1273019357863814
328,1631.8097,40304640,390.6666666666667,720,55975,-0.00935466490633189,0.2,0.0002,0.12130802,0.37324381510416665,0.0703822474431945,0.8811518847942352,3270,0.015944315120577812,-1.119875850730265
329,1545.6868,40427520,379.26666666666665,719,56156,-0.009387321213077181,0.2,0.0002,0.1282099,0.377958984375,0.076641979693862,0.8751883506774902,3280,0.014940914697945118,-1.1132871638797224
330,1646.5457,40550400,411.53333333333336,719,56337,-0.009150079859306668,0.2,0.0002,0.123646304,0.37415771484375,0.06500764036599624,0.8734188973903656,3290,0.029755137860774994,-1.0947573100371908
331,1641.8082,40673280,401.4,719,56518,-0.008676563797095393,0.2,0.0002,0.12631734,0.3784431966145833,0.07091194003614266,0.8581289947032928,3300,-0.016880063340067863,-1.1046677597767363
332,1765.5859,40796160,434.53333333333336,719,56714,-0.00842955672943693,0.2,0.0002,0.13035712,0.37570556640625,0.06227998087524611,0.890417568385601,3310,0.01188453659415245,-1.0988890074628095
333,1371.1627,40919040,333.4,719,56898,-0.00837846619847672,0.2,0.0002,0.13188955,0.38212727864583335,0.0744985881812075,0.8513414263725281,3320,-0.02166604809463024,-1.0919104057302078
334,1684.4995,41041920,402.06666666666666,718,57082,-0.008992907468824947,0.2,0.0002,0.1279025,0.37851318359375,0.07302671249453851,0.884048268198967,3330,0.021560674533247948,-1.1053684334736318
335,1481.5004,41164800,357.53333333333336,718,57282,-0.00848746132431188,0.2,0.0002,0.12385081,0.3755338541666667,0.05470520738466197,0.87775669246912,3340,-0.009501742199063301,-1.1093335910638173
336,1339.8402,41287680,336.73333333333335,718,57463,-0.00918932697572321,0.2,0.0002,0.12771131,0.37962158203125,0.06788969435193092,0.8895747438073158,3350,0.013857253827154636,-1.107938266818722
337,1649.6626,41410560,396.8,718,57645,-0.009309025298516644,0.2,0.0002,0.12411783,0.37401692708333334,0.06641319469847076,0.8870258629322052,3360,0.020573649555444717,-1.1151950518693774
338,1699.7118,41533440,415.8666666666667,718,57828,-0.008604884456478128,0.2,0.0002,0.1249262,0.3749560546875,0.06826075235978352,0.8601573258638382,3370,0.05653003975749016,-1.0958543668004375
339,1616.5756,41656320,395.8666666666667,718,58009,-0.008751355414272742,0.2,0.0002,0.124418564,0.3715234375,0.07192914590157064,0.888076663017273,3380,0.0390654057264328,-1.0951034448730448
340,1390.1228,41779200,346.6666666666667,717,58192,-0.009021063348148648,0.2,0.0002,0.12338366,0.37403564453125,0.06847325464911895,0.8680101186037064,3390,0.02350524067878723,-1.085141512658447
341,1428.8225,41902080,345.8,717,58376,-0.007853582945123587,0.2,0.0002,0.12741376,0.3792293294270833,0.06639416646697403,0.8952265530824661,3400,-0.0017471518367528915,-1.112857999674355
342,1655.565,42024960,402.46666666666664,717,58560,-0.008459071138737879,0.2,0.0002,0.13109913,0.3790673828125,0.07294434439075606,0.8899904489517212,3410,-0.017570074647665024,-1.0961534524926295
343,1614.2443,42147840,391.8666666666667,717,58743,-0.0087627396112354,0.2,0.0002,0.12725799,0.3779402669270833,0.06623534235324768,0.8862471282482147,3420,0.0010211914777755737,-1.1190407031433036
344,1515.3881,42270720,374.06666666666666,717,58927,-0.008817248803388793,0.2,0.0002,0.12731119,0.378701171875,0.07423757734737592,0.8811045065522194,3430,0.016316989436745644,-1.113907454861328
345,1505.1772,42393600,361.46666666666664,717,59110,-0.008144057492057375,0.2,0.0002,0.12600996,0.37594970703125,0.07760912733545411,0.9007750228047371,3440,-0.007695633918046951,-1.1049506219134977
346,1596.8508,42516480,388.4,717,59295,-0.009488546879150211,0.2,0.0002,0.12562929,0.380263671875,0.0597154835609399,0.9063007161021233,3450,0.011764347553253174,-1.119220872555549
347,1667.9474,42639360,403.8,716,59479,-0.008981307541477386,0.2,0.0002,0.12513964,0.3797151692708333,0.0726517755513972,0.8854843750596046,3460,-0.008740933611989021,-1.119235837617889
348,1612.8138,42762240,395.8,716,59664,-0.009722431367178312,0.2,0.0002,0.12671016,0.37836100260416666,0.0690171424151534,0.9057532548904419,3470,-0.02677183412015438,-1.12474590696084
349,1437.9473,42885120,347.73333333333335,716,59848,-0.008189815085631076,0.2,0.0002,0.12695453,0.37863037109375,0.06961095953500869,0.8836397528648376,3480,0.2817833423614502,-1.1345751246313254
350,1356.7205,43008000,339.2,716,60031,-0.008078287481112056,0.2,0.0002,0.12900642,0.37927978515625,0.07282290237182072,0.8771562799811363,3490,-0.015795819461345673,-1.1046647899628927
351,1432.7816,43130880,348.73333333333335,716,60213,-0.00813305974369238,0.2,0.0002,0.1270048,0.3765974934895833,0.06921983671505587,0.8769425377249718,3500,0.12195196002721786,-1.1175237811605137
352,1362.1409,43253760,334.2,716,60396,-0.008508131682895813,0.2,0.0002,0.12429999,0.37889485677083334,0.07143924710328671,0.8931121453642845,3510,-0.005273822695016861,-1.1164440206779789
353,1687.8362,43376640,422.73333333333335,716,60580,-0.008730801415610282,0.2,0.0002,0.1244143,0.3728995768229167,0.06508111253686366,0.8917479291558266,3520,-0.030536478385329247,-1.0924240787575643
354,1728.2618,43499520,410.8,715,60764,-0.009509154685614097,0.2,0.0002,0.12129164,0.36947998046875,0.06701858785083459,0.8734046667814255,3530,-0.02857416681945324,-1.105864448659122
355,1409.5356,43622400,336.73333333333335,715,60951,-0.009193965690744032,0.2,0.0002,0.118076116,0.36876790364583334,0.0540908123053911,0.86142198741436,3540,-0.01370871439576149,-1.1077576009867092
356,1503.9476,43745280,350.1333333333333,715,61137,-0.008450963267684226,0.2,0.0002,0.1249109,0.3703865559895833,0.06455196332800066,0.8897633776068687,3550,0.016335543245077133,-1.0883626876740407
357,1602.1316,43868160,389.8,715,61320,-0.007360138480034948,0.2,0.0002,0.12168399,0.36950358072916667,0.06468243498476416,0.8657233864068985,3560,0.05094257742166519,-1.0993931359176834
358,1532.9097,43991040,386.46666666666664,715,61506,-0.008317869561045275,0.2,0.0002,0.12118554,0.3703841145833333,0.06341803204108146,0.8853383958339691,3570,-0.01585828885436058,-1.0871449771927049
359,1584.8138,44113920,383.4,715,61691,-0.007919445960499918,0.2,0.0002,0.12370204,0.36950602213541667,0.06746494018795299,0.8941227048635483,3580,-0.014829326421022415,-1.098031390806039
360,1754.288,44236800,423.6666666666667,714,61872,-0.007959775976111512,0.2,0.0002,0.134276,0.3692447916666667,0.07231706676948912,0.883102685213089,3590,0.017450984567403793,-1.0974572825618087
361,1342.3739,44359680,325.3333333333333,714,62056,-0.00883271541916353,0.2,0.0002,0.12187101,0.3714371744791667,0.06167595175082776,0.9049809873104095,3600,0.006959802471101284,-1.1117149523242067
362,1748.634,44482560,436.4,714,62240,-0.0071456907120773395,0.2,0.0002,0.12246663,0.3711930338541667,0.08042016830503902,0.8716766089200974,3610,0.03423045575618744,-1.131399143571034
363,1800.2147,44605440,432.26666666666665,714,62424,-0.008955963577288154,0.2,0.0002,0.12002122,0.37137451171875,0.06275356629649953,0.8858355656266212,3620,0.034873053431510925,-1.1316126904233048
364,1535.3843,44728320,363.6,714,62638,-0.008843012478670668,0.2,0.0002,0.11810757,0.37287516276041666,0.06824096802515366,0.8828313276171684,3630,0.004313673824071884,-1.1480142712810386
365,1625.9005,44851200,386.73333333333335,713,62824,-0.009019100413309692,0.2,0.0002,0.12067848,0.37203857421875,0.06403358570971857,0.9024934098124504,3640,-0.022861478850245476,-1.1394661253752807
366,1677.4623,44974080,409.6666666666667,713,63009,-0.008750792888122305,0.2,0.0002,0.11928994,0.37226806640625,0.06864838181371548,0.8652778416872025,3650,-0.0027584414929151535,-1.1399988683313131
367,1569.22,45096960,375.0,713,63195,-0.00955867414519768,0.2,0.0002,0.12391053,0.37090738932291667,0.059664927512446106,0.8828075975179672,3660,0.01726624183356762,-1.122114052331696
368,1331.959,45219840,339.06666666666666,713,63380,-0.009734699553458388,0.2,0.0002,0.11999404,0.36829833984375,0.06455331441417608,0.9030142277479172,3670,0.018377646803855896,-1.1206494688335806
369,1866.9159,45342720,446.6,713,63566,-0.008591466562750914,0.2,0.0002,0.11959689,0.37028076171875,0.0650916330525312,0.8671831041574478,3680,-0.035637009888887405,-1.1314055916666985
370,1406.033,45465600,330.1333333333333,712,63785,-0.008917416367582216,0.2,0.0002,0.11975484,0.36837646484375,0.06844885348718284,0.861857607960701,3690,0.013371488079428673,-1.129700675656398
371,1642.6743,45588480,395.3333333333333,712,64004,-0.010334700156903031,0.2,0.0002,0.11862189,0.36402994791666665,0.05999628077688006,0.8831825479865074,3700,-0.003053564578294754,-1.1187832224306962
372,1486.5527,45711360,361.26666666666665,711,64221,-0.00913278814230883,0.2,0.0002,0.115460195,0.36208251953125,0.05510233533757855,0.8888398483395576,3710,0.0822768285870552,-1.1234066318130742
373,1299.4904,45834240,314.6,711,64406,-0.008436763270759306,0.2,0.0002,0.11963323,0.36889567057291667,0.07424884992743803,0.8802324756979942,3720,-0.016939984634518623,-1.118723546753948
374,1468.6855,45957120,348.6,711,64591,-0.007763477481154648,0.2,0.0002,0.12080894,0.36666259765625,0.06543218134829658,0.8667135089635849,3730,0.00561104342341423,-1.1212037697496513
375,1558.5742,46080000,387.1333333333333,711,64776,-0.008683139705578167,0.2,0.0002,0.12196865,0.3674446614583333,0.05904632406770058,0.8848441317677498,3740,-0.01362976711243391,-1.1240291880661
376,1503.8242,46202880,354.6,711,64960,-0.009420252845569242,0.2,0.0002,0.121631734,0.361435546875,0.05867087927137618,0.8946527615189552,3750,-0.02173510380089283,-1.107024467367058
377,1672.5447,46325760,402.46666666666664,711,65145,-0.008285840336490461,0.2,0.0002,0.12214574,0.3649471028645833,0.0658904214779371,0.9003044664859772,3760,0.03382834047079086,-1.100099568606044
378,1427.8914,46448640,352.73333333333335,710,65328,-0.00924511342356709,0.2,0.0002,0.124172226,0.36591796875,0.06420592707790396,0.8990099802613258,3770,-0.0250482726842165,-1.096373922014609
379,1632.3989,46571520,392.6,710,65512,-0.008715472751033909,0.2,0.0002,0.12459491,0.36561197916666666,0.07380251688184217,0.8813957050442696,3780,0.018523793667554855,-1.1188392454944551
380,1537.3517,46694400,392.26666666666665,710,65696,-0.009076282562206568,0.2,0.0002,0.12343822,0.36622314453125,0.06961958307256282,0.9100696444511414,3790,-0.01848481595516205,-1.1087800829733412
381,1644.6577,46817280,399.1333333333333,710,65879,-0.008560764463921563,0.2,0.0002,0.1294953,0.3650431315104167,0.07216662013951766,0.907987579703331,3800,0.0661875382065773,-1.1260607212161025
382,1645.834,46940160,392.46666666666664,710,66065,-0.009127722106359214,0.2,0.0002,0.12258522,0.36229573567708334,0.07369161955093052,0.8927231356501579,3810,0.03464822471141815,-1.1131776181794704
383,1592.5948,47063040,377.4,710,66249,-0.0078074163891809194,0.2,0.0002,0.12222453,0.36212890625,0.07299637006282865,0.9036751314997673,3820,-0.013926192186772823,-1.1069419186313947
384,1432.0007,47185920,349.8666666666667,710,66435,-0.009620524221239369,0.2,0.0002,0.117823996,0.3592277018229167,0.06332394666125765,0.9134790748357773,3830,0.009045585989952087,-1.1071069414820522
385,1706.2715,47308800,405.46666666666664,710,66621,-0.00790459312828716,0.2,0.0002,0.12597734,0.36481852213541666,0.08681107225367062,0.8832926750183105,3840,0.009862061589956284,-1.0974853636821111
386,1245.0625,47431680,317.0,709,66807,-0.008029281902533209,0.2,0.0002,0.1252486,0.3642724609375,0.07598548409609066,0.8775384724140167,3850,0.003888532519340515,-1.0818864545039832
387,1764.5625,47554560,418.3333333333333,709,66992,-0.0077209909808698286,0.2,0.0002,0.11928084,0.3554052734375,0.06663581448524686,0.8930216729640961,3860,0.010975394397974014,-1.0705771941008668
388,1470.1185,47677440,353.2,709,67176,-0.007917369752764596,0.2,0.0002,0.119625434,0.36243001302083333,0.0685506651839387,0.8779130503535271,3870,0.0003416799008846283,-1.068513431387643
389,1701.4292,47800320,414.8666666666667,709,67362,-0.008827570896052446,0.2,0.0002,0.123559766,0.3616463216145833,0.06005773166252766,0.8934864476323128,3880,-0.0024068541824817657,-1.0802591342199594
390,1399.2856,47923200,334.8,709,67546,-0.009258439592764869,0.2,0.0002,0.123986974,0.3597566731770833,0.06557339191317926,0.877795584499836,3890,0.005623098462820053,-1.0725616544050476
391,1607.8108,48046080,378.26666666666665,709,67732,-0.008569776764664614,0.2,0.0002,0.120425254,0.360673828125,0.06242963868295192,0.9158231765031815,3900,-0.009270421229302883,-1.0831030553610375
392,1569.0265,48168960,363.6666666666667,709,67917,-0.00967859773920054,0.2,0.0002,0.12433478,0.3598274739583333,0.06859458420563896,0.914237804710865,3910,-0.012800127267837524,-1.084004226711889
393,1626.5017,48291840,372.6,709,68103,-0.009038609072191927,0.2,0.0002,0.1217303,0.35797037760416667,0.06757460803521098,0.8971360102295876,3920,-0.020035414025187492,-1.0674524610427518
394,1548.61,48414720,373.73333333333335,708,68289,-0.009055194860951209,0.2,0.0002,0.11718723,0.35651611328125,0.06650498178525595,0.901405394077301,3930,0.06970762461423874,-1.0679290562899162
395,1437.0176,48537600,340.0,708,68472,-0.008798894905145668,0.2,0.0002,0.122949995,0.3609033203125,0.0677927343886889,0.8877160027623177,3940,0.01799340546131134,-1.0784515363971392
396,1602.3654,48660480,386.53333333333336,708,68656,-0.008331145653573912,0.2,0.0002,0.12508902,0.36076904296875,0.081700065828821,0.8969338163733482,3950,-0.002024499699473381,-1.076631277250126
397,1447.3323,48783360,353.1333333333333,708,68843,-0.008083990374695229,0.2,0.0002,0.12092437,0.35569417317708335,0.08279416740838011,0.9008325785398483,3960,-0.014159362763166428,-1.0835485517668226
398,1666.9028,48906240,405.06666666666666,708,69030,-0.009364811960046305,0.2,0.0002,0.12191178,0.36052001953125,0.08125022959172687,0.8863166347146034,3970,-0.02407745271921158,-1.0812957460712642
399,1417.8657,49029120,371.4,708,69216,-0.007906008326044685,0.2,0.0002,0.12292538,0.3621012369791667,0.09857696302366094,0.8579594045877457,3980,-0.009464705362915993,-1.0797608223215986
400,1697.8127,49152000,422.53333333333336,708,69403,-0.008385678126821101,0.2,0.0002,0.11819723,0.35600179036458335,0.07795227522811425,0.8947489634156227,3990,0.01721642166376114,-1.095395460218812
401,1633.4746,49274880,400.46666666666664,708,69590,-0.00876528676913343,0.2,0.0002,0.11785542,0.35318684895833335,0.07620641625774928,0.8740521520376205,4000,0.018331579864025116,-1.0788281745805095
402,1790.9481,49397760,420.93333333333334,707,69774,-0.009193453868859554,0.2,0.0002,0.122637816,0.35396240234375,0.07934332443951765,0.8800748661160469,4010,0.008121859282255173,-1.0712982381818195
403,1820.247,49520640,427.73333333333335,707,69960,-0.008479672852590738,0.2,0.0002,0.1202254,0.355498046875,0.07135708529613718,0.8715390413999557,4020,0.009893734008073807,-1.0820095037762076
404,1512.063,49643520,372.46666666666664,707,70145,-0.008190025543790398,0.2,0.0002,0.119118504,0.3522086588541667,0.06650776753037159,0.9083020240068436,4030,0.0015058065764606,-1.0711361779924482
405,1597.014,49766400,388.4,707,70331,-0.007653010750970376,0.2,0.0002,0.12267988,0.35370198567708333,0.07454421390442197,0.8891612440347672,4040,0.032274022698402405,-1.0753122281096876
406,1473.8964,49889280,356.1333333333333,707,70516,-0.00822005664402847,0.2,0.0002,0.124999255,0.3614908854166667,0.0859036716807653,0.8856517970561981,4050,0.03441711142659187,-1.0955836197081954
407,1709.9713,50012160,416.8,707,70699,-0.008757956249316218,0.2,0.0002,0.123472214,0.3599088541666667,0.06312032370767459,0.8996020928025246,4060,0.06160084158182144,-1.084813359224548
408,1574.305,50135040,384.46666666666664,707,70886,-0.008319692943338548,0.2,0.0002,0.1214701,0.3592138671875,0.0660904236434241,0.8942092508077621,4070,0.04054085165262222,-1.0716652739265313
409,1290.4297,50257920,309.6,707,71074,-0.008306199182534328,0.2,0.0002,0.12224415,0.35113118489583334,0.07275592572138218,0.8864536434412003,4080,-0.012868065387010574,-1.066049203708147
410,1594.7207,50380800,406.06666666666666,706,71261,-0.008161286496682199,0.2,0.0002,0.120703034,0.35178955078125,0.08120594369160244,0.8910200148820877,4090,-0.024100210517644882,-1.0623647745108853
411,1372.793,50503680,337.3333333333333,706,71446,-0.007727646222465409,0.2,0.0002,0.123254314,0.35582600911458334,0.06626695314359192,0.8872629553079605,4100,0.05230609327554703,-1.0649134456645697
412,1638.7384,50626560,413.26666666666665,706,71631,-0.00854973338052029,0.2,0.0002,0.11824901,0.3524324544270833,0.06526321166486014,0.9084194749593735,4110,-0.013091882690787315,-1.0653831257546942
413,1405.4435,50749440,342.06666666666666,706,71824,-0.00807704342349704,0.2,0.0002,0.12502487,0.35016276041666666,0.06503694388064711,0.8835809007287025,4120,-0.0008976245298981667,-1.0675009328437348
414,1593.0952,50872320,391.6,706,72009,-0.008865573315961228,0.2,0.0002,0.12112452,0.3509676106770833,0.07744509635202121,0.894700400531292,4130,-0.005624596029520035,-1.0611191599474599
415,1506.8768,50995200,365.2,706,72193,-0.008244809875059218,0.2,0.0002,0.12311144,0.3471907552083333,0.06525296765998063,0.8917972818017006,4140,0.0806414783000946,-1.0346924805889528
416,1537.9082,51118080,406.3333333333333,706,72378,-0.00875807178275257,0.2,0.0002,0.121806435,0.34745686848958335,0.06465340926966746,0.8886875659227371,4150,0.02809290401637554,-1.0684938653589537
417,1509.1957,51240960,350.4,706,72565,-0.007794359523080251,0.2,0.0002,0.12070232,0.3494441731770833,0.07704240741664156,0.8962446600198746,4160,0.056976594030857086,-1.066742873415351
418,1607.1586,51363840,391.2,706,72749,-0.008144207502773497,0.2,0.0002,0.12416407,0.34592366536458335,0.07365863870062943,0.8821425884962082,4170,-0.028090767562389374,-1.046111207700645
419,1448.446,51486720,344.46666666666664,705,72936,-0.008801490406143178,0.2,0.0002,0.12305481,0.34601725260416666,0.09963886368626845,0.8211390823125839,4180,0.03167039901018143,-1.0333705507405102
420,1396.4739,51609600,332.73333333333335,705,73120,-0.007931559988016186,0.2,0.0002,0.12465627,0.3488028971354167,0.07382818331689729,0.895346999168396,4190,-0.016086334362626076,-1.052780862186725
421,1443.9431,51732480,340.73333333333335,705,73305,-0.007148918917476597,0.2,0.0002,0.12495278,0.35133544921875,0.07638780437181898,0.908128522336483,4200,0.015378808602690697,-1.0634836113608133
422,1606.7448,51855360,368.8,705,73489,-0.007688322804545654,0.2,0.0002,0.1256675,0.3530908203125,0.08169835853417075,0.8774570822715759,4210,-0.007656208239495754,-1.0646145296469331
423,1625.8773,51978240,387.53333333333336,705,73675,-0.008155950976918878,0.2,0.0002,0.12172294,0.35093017578125,0.07928253373849051,0.9024490565061569,4220,0.014190705493092537,-1.0684539018229893
424,1685.2787,52101120,409.8,705,73860,-0.008013442875805292,0.2,0.0002,0.11976316,0.35106282552083334,0.08080700246934915,0.9030834212899208,4230,-0.0006611570715904236,-1.0696963873909164
425,1598.5962,52224000,372.3333333333333,705,74047,-0.008034635024426582,0.2,0.0002,0.120841265,0.3520255533854167,0.07475504011798573,0.8953043892979622,4240,-0.003481948748230934,-1.083650538912043
426,1661.1997,52346880,389.4,705,74235,-0.008424300321591242,0.2,0.0002,0.12446292,0.3513916015625,0.06919488936473499,0.8937588110566139,4250,-0.010354380123317242,-1.078956534874936
427,1413.3577,52469760,343.3333333333333,704,74439,-0.007716007003230819,0.2,0.0002,0.12120983,0.35318359375,0.08050677915273506,0.8819081410765648,4260,0.0035882405936717987,-1.0777830123187353
428,1752.7617,52592640,424.6,704,74624,-0.007395850989384296,0.2,0.0002,0.117868066,0.3475634765625,0.07718544273882193,0.9074560403823853,4270,0.00216873362660408,-1.0874630383464197
429,1479.3099,52715520,366.8,704,74818,-0.00840280901168929,0.2,0.0002,0.1223819,0.3510636393229167,0.06883765923669367,0.9025209099054337,4280,0.019275976344943047,-1.0961803767861178
430,1590.2346,52838400,380.3333333333333,704,75006,-0.008498554003999743,0.2,0.0002,0.12235321,0.35328776041666665,0.069256361009393,0.8868730589747429,4290,0.020826512947678566,-1.0909995437754938
431,1488.4637,52961280,373.73333333333335,704,75191,-0.008231371814623951,0.2,0.0002,0.11598094,0.34808268229166667,0.06876293709787812,0.902813233435154,4300,0.03890995308756828,-1.0910917601951708
432,1638.0364,53084160,382.06666666666666,704,75377,-0.00889002284140588,0.2,0.0002,0.12529255,0.34870035807291666,0.06813132865800678,0.8815016895532608,4310,-0.008961992338299751,-1.0661464210351308
433,1673.0978,53207040,393.73333333333335,704,75565,-0.0080041130881303,0.2,0.0002,0.12104107,0.35072672526041665,0.07445570917717607,0.8941045850515366,4320,0.009091075509786606,-1.0901801723397027
434,1570.357,53329920,372.8,703,75754,-0.008181046969845436,0.2,0.0002,0.11447744,0.3459952799479167,0.05799906905784155,0.9064691737294197,4330,-0.005159564316272736,-1.0735395531915128
435,1399.8844,53452800,325.46666666666664,703,75942,-0.008197109847787942,0.2,0.0002,0.12121259,0.3526106770833333,0.08043288106074518,0.8942574858665466,4340,-0.00037384405732154846,-1.0791038471056769
436,1588.9689,53575680,392.06666666666666,703,76127,-0.008191128915235216,0.2,0.0002,0.12017913,0.34875651041666667,0.07793113003892359,0.8927207514643669,4350,-0.009469185024499893,-1.0892645164889594
437,1491.238,53698560,349.8666666666667,703,76312,-0.007779711266399924,0.2,0.0002,0.119124554,0.3462955729166667,0.0720742092741178,0.8929061591625214,4360,0.0035423822700977325,-1.0802695829762767
438,1355.9081,53821440,317.46666666666664,703,76499,-0.00812444120469081,0.2,0.0002,0.121738955,0.34626383463541666,0.07160560861098929,0.894626185297966,4370,-0.011863050051033497,-1.0784029048122465
439,1674.1355,53944320,403.1333333333333,703,76686,-0.008695104771641126,0.2,0.0002,0.123842634,0.34869140625,0.07503477995313006,0.9045460745692253,4380,-0.03598001226782799,-1.0599802764349928
440,1610.5212,54067200,391.1333333333333,703,76871,-0.0086697090904939,0.2,0.0002,0.12114277,0.3503238932291667,0.07027721943086362,0.9158452898263931,4390,0.005939526483416557,-1.0615325888060034
441,1777.0009,54190080,401.2,703,77059,-0.007778437934151347,0.2,0.0002,0.12050374,0.3454890950520833,0.07967424767800063,0.8953293859958649,4400,-0.01881856843829155,-1.0666314159240573
442,1677.4895,54312960,410.6,703,77244,-0.008816343397035476,0.2,0.0002,0.122499384,0.34634033203125,0.07058520354592474,0.91531702876091,4410,0.02352290228009224,-1.0526919605738172
443,1324.7611,54435840,327.3333333333333,703,77430,-0.008343688004363988,0.2,0.0002,0.11967073,0.34880696614583334,0.0677768298240456,0.8839141353964806,4420,-0.03827614337205887,-1.0841186668910086
444,1372.1309,54558720,330.73333333333335,702,77616,-0.008354454441820659,0.2,0.0002,0.12523994,0.34712646484375,0.07495862629616265,0.9012980833649635,4430,0.045019567012786865,-1.0642139527356873
445,1400.9788,54681600,339.3333333333333,702,77803,-0.008386341868087281,0.2,0.0002,0.12305932,0.34671142578125,0.06754977983049078,0.9173708483576775,4440,-0.018031105399131775,-1.0708390208799392
446,1603.9603,54804480,395.2,702,77989,-0.007710603821409071,0.2,0.0002,0.12270632,0.34926432291666665,0.08386283460111978,0.9025590494275093,4450,-0.021293386816978455,-1.0788509768123429
447,1163.2324,54927360,281.1333333333333,702,78178,-0.007608834969754147,0.2,0.0002,0.12101175,0.34428059895833335,0.07167796295121662,0.9077929779887199,4460,0.000964699313044548,-1.076616743421182
448,1605.1881,55050240,369.0,702,78366,-0.00852875578205385,0.2,0.0002,0.12439381,0.34870035807291666,0.08190737849858123,0.9137266725301743,4470,0.061667170375585556,-1.078530013980344
449,1620.0715,55173120,393.1333333333333,702,78554,-0.008037028827087246,0.2,0.0002,0.12389755,0.34973714192708333,0.0910463453954435,0.8762817159295082,4480,-0.0035217739641666412,-1.0727534468347828
450,1694.1912,55296000,400.93333333333334,702,78741,-0.00760904878623478,0.2,0.0002,0.12153378,0.34696533203125,0.06355418671805334,0.9028643071651459,4490,0.050442375242710114,-1.0781157400272787
451,1381.2018,55418880,330.6,702,78930,-0.007788317874110362,0.2,0.0002,0.12382857,0.34741536458333333,0.07861351343919523,0.8796290382742882,4500,0.5263180136680603,-1.0669649753471215
452,1447.6991,55541760,346.8,702,79117,-0.007624623818816569,0.2,0.0002,0.12519464,0.34736490885416665,0.0747581166606445,0.904105968773365,4510,-0.0027100220322608948,-1.0650779797912886
453,1154.1161,55664640,274.2,701,79304,-0.007982333369054686,0.2,0.0002,0.12022689,0.3437117513020833,0.07383122608875661,0.911478579044342,4520,-0.03135201334953308,-1.0602973600632202
454,1565.9993,55787520,380.0,701,79490,-0.007517430435163988,0.2,0.0002,0.120540746,0.34402099609375,0.08458102654762721,0.9069462046027184,4530,-0.015260985121130943,-1.054193058166032
455,1694.6512,55910400,429.93333333333334,701,79679,-0.007726886430148927,0.2,0.0002,0.11478769,0.34238118489583336,0.06963698491138832,0.8948321640491486,4540,-0.0010242313146591187,-1.0824275682587177
456,1802.572,56033280,425.53333333333336,701,79867,-0.00825312107693359,0.2,0.0002,0.12572089,0.34584228515625,0.07635647011877154,0.8802054449915886,4550,0.0062155285850167274,-1.0665535428530226
457,1493.6823,56156160,348.26666666666665,701,80053,-0.008044983712625253,0.2,0.0002,0.1189531,0.3388427734375,0.06834060614865545,0.8887279853224754,4560,0.02316262014210224,-1.0566044614991794
458,1395.2388,56279040,332.53333333333336,701,80242,-0.007461292805328412,0.2,0.0002,0.118891336,0.34224527994791665,0.07911766425723424,0.8867162764072418,4570,0.0032385671511292458,-1.0570576787305375
459,1584.7449,56401920,373.53333333333336,701,80432,-0.007823076014477313,0.2,0.0002,0.11781677,0.34180257161458333,0.06334516015248179,0.892029233276844,4580,-0.009727008640766144,-1.049992079048728
460,1684.4331,56524800,404.2,701,80621,-0.007908170773801734,0.2,0.0002,0.119970866,0.34278727213541665,0.07212499869975242,0.8754173219203949,4590,-0.022000618278980255,-1.059186054194967
461,1327.6161,56647680,309.26666666666665,700,80810,-0.0067975244668377855,0.2,0.0002,0.1192479,0.3431477864583333,0.07715979945925938,0.8792067542672157,4600,-0.0016480982303619385,-1.0685104935616254
462,1590.205,56770560,382.46666666666664,700,81000,-0.0077889223076666285,0.2,0.0002,0.11868067,0.3427001953125,0.06142921137766583,0.9182665348052979,4610,0.027945037931203842,-1.0586509035651883
463,1499.9354,56893440,369.8666666666667,700,81188,-0.007642992063862645,0.2,0.0002,0.1211541,0.3421549479166667,0.07100948561841505,0.9002016186714172,4620,0.02071394771337509,-1.0407572235787907
464,1530.6141,57016320,358.53333333333336,700,81375,-0.007212095860674405,0.2,0.0002,0.12080161,0.34154541015625,0.08063127115526489,0.8977922424674034,4630,0.02223428152501583,-1.0559489029056082
465,1466.2793,57139200,347.0,700,81561,-0.007504319301006035,0.2,0.0002,0.115436666,0.34137613932291666,0.07556412194050305,0.8641751706600189,4640,0.0029727593064308167,-1.0543468386648844
466,1582.95,57262080,376.73333333333335,700,81751,-0.00761501129954316,0.2,0.0002,0.11835424,0.3400439453125,0.07027320570826608,0.9013689830899239,4650,0.012833666056394577,-1.0479864126909524
467,1326.599,57384960,315.2,700,81940,-0.005874193111964511,0.2,0.0002,0.11383208,0.3379345703125,0.0746547897423443,0.8949818015098572,4660,-0.0004382161423563957,-1.086280800451835
468,1708.9866,57507840,411.26666666666665,700,82127,-0.007493328930595453,0.2,0.0002,0.114759676,0.33837565104166667,0.07334246789820706,0.8997980877757072,4670,-0.004497373476624489,-1.078168366070216
469,1766.4391,57630720,420.53333333333336,700,82316,-0.007155238775103498,0.2,0.0002,0.1212546,0.3401106770833333,0.06364479602506132,0.894453726708889,4680,-0.02934679202735424,-1.0613128848622242
470,1551.5396,57753600,363.73333333333335,700,82502,-0.007175520753996049,0.2,0.0002,0.11617959,0.33640950520833335,0.07513202585667993,0.895055279135704,4690,0.012542393058538437,-1.0581463162445774
471,1734.6329,57876480,411.8,699,82688,-0.008302157221593612,0.2,0.0002,0.118765466,0.3405533854166667,0.0674721589931384,0.9145391210913658,4700,-0.01606718637049198,-1.0525295009681335
472,1611.7052,57999360,378.06666666666666,699,82878,-0.009207602907551215,0.2,0.0002,0.11754065,0.33960693359375,0.06710573173487015,0.8944477885961533,4710,-0.009878512471914291,-1.064067187231655
473,1757.4171,58122240,402.46666666666664,699,83065,-0.007530071609162406,0.2,0.0002,0.11396492,0.33781331380208335,0.07323325356776574,0.8900109604001045,4720,0.010511432774364948,-1.0454967920606335
474,1605.6898,58245120,381.93333333333334,699,83252,-0.007461653705559001,0.2,0.0002,0.11217069,0.3375651041666667,0.07118875621759799,0.8884737342596054,4730,0.01879991590976715,-1.0749084736096362
475,1454.1361,58368000,340.73333333333335,699,83439,-0.008442219216012745,0.2,0.0002,0.11004676,0.3357625325520833,0.059120571401290366,0.9056523516774178,4740,-0.009096149355173111,-1.0610821139595161
476,1544.3258,58490880,356.73333333333335,699,83627,-0.0077847098801112225,0.2,0.0002,0.1139874,0.33681070963541665,0.0736993947426284,0.9008068218827248,4750,-0.04433605074882507,-1.070681289959078
477,1877.0533,58613760,446.06666666666666,699,83814,-0.007725108619633829,0.2,0.0002,0.11734808,0.3347599283854167,0.08033576951776922,0.9081356450915337,4760,-0.025129687041044235,-1.0602372140840937
478,1576.8646,58736640,380.8,699,84016,-0.007647886143671106,0.2,0.0002,0.117120735,0.34076578776041666,0.0723183805529455,0.8994349539279938,4770,0.01971522346138954,-1.0657823146724452
479,1454.4341,58859520,334.8666666666667,699,84204,-0.007977756344535009,0.2,0.0002,0.12188343,0.33739908854166667,0.06721451486880445,0.9106061235070229,4780,-0.03695991635322571,-1.068412672560662
480,1832.2384,58982400,422.1333333333333,698,84391,-0.006991820089169778,0.2,0.0002,0.11520362,0.33264322916666667,0.05888756988759269,0.9089577123522758,4790,0.0039771562442183495,-1.0559588510667284
481,1473.9113,59105280,342.06666666666666,698,84578,-0.008024906434854226,0.2,0.0002,0.119066365,0.33623128255208334,0.07069002675147203,0.8813699707388878,4800,0.0327494814991951,-1.0610348096583038
482,1543.3715,59228160,351.53333333333336,698,84765,-0.008253234406492994,0.2,0.0002,0.118392214,0.33613932291666665,0.06710808030996608,0.8988858386874199,4810,0.04832396283745766,-1.0615835160265366
483,1599.7693,59351040,373.1333333333333,698,84989,-0.007457603096084616,0.2,0.0002,0.11442183,0.33283365885416666,0.06350651658511197,0.908200167119503,4820,0.004028975963592529,-1.0514135781830798
484,1839.9956,59473920,430.93333333333334,698,85176,-0.008050515716940937,0.2,0.0002,0.11631928,0.33365804036458335,0.08096782757645997,0.891341932117939,4830,0.007862537167966366,-1.058339794172595
485,1673.6716,59596800,391.8,698,85363,-0.007054473905700433,0.2,0.0002,0.11694737,0.33992431640625,0.07014558963674063,0.8863350972533226,4840,-0.004007110372185707,-1.0532412422665705
486,1380.7684,59719680,316.4,698,85552,-0.008269091835306124,0.2,0.0002,0.12168959,0.33559488932291665,0.07163208447486492,0.900474913418293,4850,-0.03820313513278961,-1.0756432052422316
487,1584.2727,59842560,385.6666666666667,697,85747,-0.00766801713658424,0.2,0.0002,0.117161654,0.33685302734375,0.07531282131540744,0.8821097239851952,4860,0.0183592289686203,-1.063466908413296
488,1429.7014,59965440,340.3333333333333,697,85937,-0.008003277129361474,0.2,0.0002,0.11714573,0.33273111979166664,0.06328575604714085,0.8927989080548286,4870,0.012444915249943733,-1.0647394312048952
489,1668.8168,60088320,406.6666666666667,697,86125,-0.0076544353562925,0.2,0.0002,0.114450425,0.33166666666666667,0.0774619681952754,0.899185299873352,4880,0.009910501539707184,-1.0621019204550732
