time/time_elapsed,time/iterations,rollout/ep_rew_mean,rollout/ep_len_mean,time/fps,time/total_timesteps,train/learning_rate,train/value_loss,train/clip_fraction,train/entropy_loss,train/n_updates,train/clip_range,train/loss,train/policy_gradient_loss,train/approx_kl,train/explained_variance
20,1,697.27795,450.0,6039,122880,,,,,,,,,,
214,2,702.9519,437.78,1146,245760,0.0003,0.1914239609629294,0.040142415364583336,-4.272488778705398,10,0.2,-0.0061972010880708694,-0.002952746653766856,0.0076932083,0.031902313232421875
406,3,732.9277,438.26,906,368640,0.0003,0.02530764223001218,0.17165771484375,-4.259148189201951,20,0.2,-0.046265002340078354,-0.023121489510873894,0.022322217,0.43142497539520264
597,4,809.87665,450.0,821,491520,0.0003,0.02526329182602543,0.32153076171875,-4.228580611223975,30,0.2,-0.08713642507791519,-0.045055425551072406,0.040932614,0.6182115972042084
795,5,794.43896,421.28,771,614400,0.0003,0.027947407574683895,0.42449869791666667,-4.190364463652173,40,0.2,-0.06778546422719955,-0.053268274998614897,0.05735341,0.6023873090744019
997,6,880.8172,446.08,739,737280,0.0003,0.03255376087278516,0.49523356119791667,-4.141427654201785,50,0.2,-0.07561331987380981,-0.053446618425671964,0.07765753,0.6159265041351318
1200,7,930.2742,439.2,716,860160,0.0003,0.0311550039111656,0.5394694010416666,-4.091540889926255,60,0.2,-0.07092578709125519,-0.057224632292115225,0.09606903,0.6227740049362183
1410,8,927.43896,434.36,697,983040,0.0003,0.031437991897328176,0.5735245768229167,-4.037488949286441,70,0.2,-0.10649866610765457,-0.05698310477397172,0.11423777,0.6409716606140137
1617,9,994.7402,444.26,683,1105920,0.0003,0.03540977333347352,0.6034554036458334,-3.968173545288543,80,0.2,-0.11945400387048721,-0.05428332604661288,0.13457808,0.6540152430534363
1827,10,1052.8329,443.72,672,1228800,0.0003,0.03294374821127955,0.6222111002604167,-3.9072557857011754,90,0.2,-0.07225354760885239,-0.054511722032245115,0.14977083,0.5975006818771362
2038,11,1056.9277,444.34,663,1351680,0.0003,0.03750825245770102,0.63562744140625,-3.8468468502288062,100,0.2,-0.09937747567892075,-0.05232530900157144,0.16511205,0.6280970573425293
2252,12,1074.7155,440.28,654,1474560,0.0003,0.03535134080792583,0.6534334309895833,-3.772723924567302,110,0.2,-0.08473007380962372,-0.05102363522084488,0.18272594,0.6531838476657867
2470,13,1135.8423,449.38,646,1597440,0.0003,0.03842489151817669,0.6597420247395833,-3.721155638558169,120,0.2,-0.07145221531391144,-0.04992357617068895,0.19432837,0.6309272050857544
2687,14,1150.947,445.16,640,1720320,0.0003,0.03631684600727264,0.67149169921875,-3.6546271242698034,130,0.2,-0.06895774602890015,-0.04920028322223516,0.21099882,0.680583119392395
2907,15,1169.6826,446.46,634,1843200,0.0003,0.03847787720439859,0.67372314453125,-3.611350829452276,140,0.2,-0.0677306205034256,-0.04786724694622838,0.2164773,0.7033555209636688
3129,16,1134.4307,437.88,628,1966080,0.0003,0.03999375969845763,0.6835563151041667,-3.5448983727271357,150,0.2,-0.050971370190382004,-0.04640834850277315,0.23479071,0.6661616265773773
3356,17,1171.1082,442.04,622,2088960,0.0003,0.04122251468953133,0.69218017578125,-3.4562182868644595,160,0.2,-0.09993342310190201,-0.04513942639823047,0.252431,0.7233599126338959
3579,18,1174.1182,447.06,617,2211840,0.0003,0.040217508767236725,0.6958943684895833,-3.3987058076262473,170,0.2,-0.053342822939157486,-0.04459385454129612,0.2613903,0.7345643043518066
3804,19,1136.3198,426.34,613,2334720,0.0003,0.041094802372463164,0.69974609375,-3.3327231975023945,180,0.2,-0.10485925525426865,-0.0438050396709635,0.2764923,0.7375566065311432
4032,20,1187.1584,440.36,609,2457600,0.0003,0.044826959277852435,0.7034130859375,-3.286699091345072,190,0.2,-0.06287167221307755,-0.04250852597001237,0.28736845,0.7761284857988358
4261,21,1168.569,425.36,605,2580480,0.0003,0.0411815990399676,0.7079679361979166,-3.212610016167164,200,0.2,-0.0693945363163948,-0.0427821640677818,0.30338866,0.7798549234867096
4521,22,1191.9191,432.86,597,2703360,0.0003,0.0417032311893369,0.70759765625,-3.172440516576171,210,0.2,-0.06326425075531006,-0.04106231344989889,0.31109124,0.7764933258295059
4748,23,1239.9491,449.28,595,2826240,0.0003,0.04053069764888884,0.7066414388020833,-3.134453102486829,220,0.2,-0.11899158358573914,-0.04043343319281121,0.31703928,0.7611174136400223
4980,24,1176.093,432.66,592,2949120,0.0003,0.04204919461949127,0.7147176106770833,-3.0430016332368055,230,0.2,-0.0946488156914711,-0.03892938443285251,0.3411883,0.7821837961673737
5209,25,1182.9336,429.58,589,3072000,0.0003,0.04698104751553425,0.7163004557291667,-2.9768839775646727,240,0.2,-0.10050735622644424,-0.03842040411360358,0.3560637,0.771554172039032
5439,26,1217.0403,432.92,587,3194880,0.0003,0.04323798567376798,0.7194759114583333,-2.909759316928685,250,0.2,-0.05509547144174576,-0.03894354149322984,0.37283945,0.7709880471229553
5673,27,1247.086,438.86,584,3317760,0.0003,0.04639909852371299,0.7201416015625,-2.836647960804403,260,0.2,-0.09570395201444626,-0.03646472163076396,0.38851804,0.7763276547193527
5906,28,1227.9146,433.8,582,3440640,0.0003,0.048959737209637144,0.71844482421875,-2.825843342654407,270,0.2,-0.09190788865089417,-0.03620252704518256,0.38738504,0.7969963699579239
6141,29,1227.7412,425.5,580,3563520,0.0003,0.05082593169553244,0.7164762369791666,-2.7799299175664784,280,0.2,-0.07583385705947876,-0.034919427500353775,0.39597735,0.7991544902324677
6378,30,1229.4448,434.28,577,3686400,0.0003,0.044175936252455965,0.7167578125,-2.6944705834860603,290,0.2,-0.025498490780591965,-0.03462115682122506,0.41178858,0.8104064017534256
6611,31,1246.3694,432.8,576,3809280,0.0003,0.04391154896540684,0.7181746419270834,-2.631635208216806,300,0.2,-0.057102397084236145,-0.03257458016635307,0.42351374,0.7900723218917847
6845,32,1212.3896,419.72,574,3932160,0.0003,0.044744099781964905,0.7177327473958334,-2.5643151912838222,310,0.2,-0.07973066717386246,-0.03130390041029993,0.44961542,0.8125088959932327
7083,33,1273.5923,433.46,572,4055040,0.0003,0.04533954086521893,0.71845703125,-2.492445047857861,320,0.2,-0.054693110287189484,-0.02964528162405865,0.46250212,0.8312250971794128
7322,34,1298.2008,437.3,570,4177920,0.0003,0.04983697008351252,0.71507568359375,-2.4319720154752336,330,0.2,-0.04832782223820686,-0.028968555162718984,0.46571273,0.8111545443534851
7560,35,1313.124,438.34,568,4300800,0.0003,0.046531555531861765,0.71636474609375,-2.3633237777091565,340,0.2,-0.011940393596887589,-0.027997677480586087,0.47939464,0.8292314559221268
7799,36,1326.1328,447.38,567,4423680,0.0003,0.0592066069880093,0.7131502278645834,-2.3758862857085963,350,0.2,-0.08026058226823807,-0.027606917223062435,0.46376604,0.8075215667486191
8041,37,1300.4142,439.7,565,4546560,0.0003,0.05862565402751595,0.7109903971354167,-2.3011216507665813,360,0.2,-0.09010569751262665,-0.026273863060826744,0.484397,0.8014147132635117
8279,38,1280.0685,426.8,563,4669440,0.0003,0.057068848488658355,0.71142822265625,-2.2442137014617525,370,0.2,-0.09262528270483017,-0.026799310023913375,0.49312332,0.8102871477603912
8521,39,1305.3989,434.22,562,4792320,0.0003,0.05855292840724966,0.7072355143229166,-2.1765789420406025,380,0.2,-0.05037655681371689,-0.024409928693179,0.5264067,0.8127026706933975
8762,40,1365.2183,450.0,560,4915200,0.0003,0.05196878770075273,0.7055094401041667,-2.118482112356772,390,0.2,-0.032226599752902985,-0.02411204797968215,0.52500737,0.8257374912500381
9003,41,1348.6499,441.3,559,5038080,0.0003,0.06019058340592892,0.69986083984375,-2.0916913325277466,400,0.2,-0.05270799621939659,-0.021871410184394334,0.52758974,0.7913483828306198
9239,42,1318.2727,433.88,558,5160960,0.0003,0.07330881728140715,0.7015616861979167,-2.073272248587261,410,0.2,-0.04859747365117073,-0.020394593776509283,0.5281209,0.7692058831453323
9480,43,1340.1282,444.4,557,5283840,0.0003,0.0611985293434797,0.6977921549479167,-2.0430386243388057,420,0.2,-0.09018123149871826,-0.02282702521051154,0.5420945,0.8096601665019989
9717,44,1302.4952,427.18,556,5406720,0.0003,0.05506043455679901,0.6970426432291666,-1.972621745467186,430,0.2,-0.04680813476443291,-0.020735470789198494,0.554385,0.8209981769323349
9992,45,1307.3766,435.54,553,5529600,0.0003,0.0629684301080609,0.6912548828125,-1.938790573105216,440,0.2,-0.054071277379989624,-0.01888360763839349,0.56198037,0.7973110973834991
10232,46,1318.3002,435.22,552,5652480,0.0003,0.06672198605485997,0.6883642578125,-1.9037444023539623,450,0.2,-0.06053654104471207,-0.01915338963321119,0.5740878,0.7987724393606186
10473,47,1340.0347,437.56,551,5775360,0.0003,0.07151908853231968,0.6851692708333333,-1.854775019797186,460,0.2,0.008692014962434769,-0.019051933537605995,0.59325165,0.8025196641683578
10709,48,1342.2635,434.04,550,5898240,0.0003,0.07155796132147467,0.6812125651041666,-1.8312675781423846,470,0.2,-0.034638117998838425,-0.016953871326513763,0.62510616,0.7932795733213425
10977,49,1300.8931,426.4,548,6021120,0.0003,0.059385735090084685,0.67693359375,-1.757665539489438,480,0.2,-0.05601531267166138,-0.018593920478081904,0.62773913,0.8192240595817566
11216,50,1318.186,437.14,547,6144000,0.0003,0.06124567930053066,0.67352294921875,-1.72190993182982,490,0.2,-0.08628328144550323,-0.015647278361963498,0.63761175,0.8246811032295227
11455,51,1317.6505,438.24,547,6266880,0.0003,0.05849466756893283,0.67190185546875,-1.6922131838587424,500,0.2,-0.04195860028266907,-0.011880181542983337,0.6617151,0.8090700954198837
11697,52,1349.196,439.56,546,6389760,0.0003,0.05942951842225739,0.6660758463541666,-1.6922277667435508,510,0.2,-0.04080270603299141,-0.015011212019756689,0.663309,0.8183037042617798
11938,53,1329.7521,439.96,545,6512640,0.0003,0.0626637312087405,0.6612923177083333,-1.6620381490637859,520,0.2,0.025059498846530914,-0.012652249282982666,0.6780082,0.821108490228653
12176,54,1364.3796,441.84,544,6635520,0.0003,0.05973448992721387,0.6543212890625,-1.6735157391925652,530,0.2,-0.04944128543138504,-0.012754759551644384,0.75350064,0.800031453371048
12418,55,1348.2897,436.1,544,6758400,0.0003,0.06843065838998882,0.6516910807291667,-1.6986952139809728,540,0.2,-0.03612622618675232,-0.01286393910641588,0.6668866,0.7949060797691345
12659,56,1361.432,438.26,543,6881280,0.0003,0.06410254704290613,0.6467805989583333,-1.64461488654837,550,0.2,-0.06100797653198242,-0.011112840978266831,0.6497861,0.8166747093200684
12900,57,1303.4003,413.44,542,7004160,0.0003,0.06506649845037221,0.6474894205729167,-1.6604635543438295,560,0.2,-0.044868841767311096,-0.013175718007193306,0.6304867,0.8122736215591431
13137,58,1321.9678,428.6,542,7127040,0.0003,0.06401082735091525,0.6459383138020833,-1.6261409810495873,570,0.2,0.001299586147069931,-0.010268432646735165,0.6442885,0.8253461718559265
13413,59,1363.8358,436.62,540,7249920,0.0003,0.07456064574211875,0.6372989908854166,-1.6531478714942933,580,0.2,-0.05741424113512039,-0.013075462530711473,0.62930083,0.7984247803688049
13656,60,1343.2909,432.86,539,7372800,0.0003,0.07001349426825376,0.6348152669270833,-1.6315565395106872,590,0.2,-0.03914310783147812,-0.010936489581678567,0.6343351,0.8055540025234222
13902,61,1348.6372,440.12,539,7495680,0.0003,0.062314246885168054,0.62907470703125,-1.576642133332789,600,0.2,-0.03478439152240753,-0.010398687910759085,0.6878525,0.8056683540344238
14147,62,1397.1022,442.24,538,7618560,0.0003,0.05801421284564034,0.6252091471354166,-1.5866277109769484,610,0.2,-0.058045756071805954,-0.012549351680860733,0.66196,0.8216074556112289
14390,63,1376.3082,441.6,537,7741440,0.0003,0.07153237792052096,0.6227083333333333,-1.5765403834233682,620,0.2,-0.04947449266910553,-0.010923508145430484,0.6926133,0.7973002940416336
14635,64,1343.89,436.68,537,7864320,0.0003,0.06949979339226653,0.61893310546875,-1.6099999350371461,630,0.2,-0.002528741955757141,-0.011471120517526287,0.6416432,0.8149657547473907
14874,65,1381.4254,438.28,536,7987200,0.0003,0.06597946198642603,0.6143782552083333,-1.5441939157620073,640,0.2,-0.030785854905843735,-0.009677543730613252,0.6566285,0.8143904507160187
15115,66,1322.8032,426.98,536,8110080,0.0003,0.06035206143482355,0.6103776041666666,-1.5398998962901533,650,0.2,-0.03089214116334915,-0.01045949036656263,0.6657349,0.8172650188207626
15374,67,1369.4486,443.12,535,8232960,0.0003,0.05696194518342963,0.6061344401041666,-1.499886630261317,660,0.2,-0.02921675704419613,-0.008679491827103144,0.67441267,0.8411169350147247
15616,68,1372.6584,435.74,535,8355840,0.0003,0.0673509190241263,0.6069303385416667,-1.4909856963902712,670,0.2,-0.05505753308534622,-0.007582105644463203,0.69304246,0.8254467993974686
15858,69,1378.1282,445.56,534,8478720,0.0003,0.07307337732874052,0.6052864583333334,-1.517860015295446,680,0.2,-0.052304357290267944,-0.008008804434745494,0.65032023,0.82270647585392
16111,70,1338.1506,432.06,533,8601600,0.0003,0.0688965125461012,0.6045939127604166,-1.473083917722106,690,0.2,0.002788268029689789,-0.007060671724833204,0.7025005,0.8100082874298096
16353,71,1383.0016,440.42,533,8724480,0.0003,0.0735167364111112,0.5977815755208333,-1.4892493277726073,700,0.2,-0.02793354168534279,-0.010072133376609903,0.68902993,0.8245519250631332
16595,72,1365.2428,431.98,533,8847360,0.0003,0.06405743872528546,0.5959749348958333,-1.4917923568064968,710,0.2,-0.06461553275585175,-0.006696110225736144,0.7299105,0.8364845365285873
16836,73,1371.6898,439.86,532,8970240,0.0003,0.07251015491817574,0.5919881184895833,-1.449250621329993,720,0.2,-0.04258786141872406,-0.007912629567839152,0.65777045,0.8438751250505447
17078,74,1373.2155,435.72,532,9093120,0.0003,0.06612915431920556,0.5873282877604167,-1.45500331915915,730,0.2,0.03136192262172699,-0.008882466105775772,0.66456085,0.8441772907972336
17320,75,1322.9683,414.46,532,9216000,0.0003,0.06910200847021769,0.5817529296875,-1.4610003262975564,740,0.2,0.0048954077064991,-0.005361125173197555,0.6700563,0.8402989953756332
17562,76,1396.1633,440.44,531,9338880,0.0003,0.07134060817300147,0.5794620768229166,-1.4153086341700207,750,0.2,-0.06446769088506699,-0.005799107954280771,0.6889395,0.8506311178207397
17804,77,1277.7585,408.3,531,9461760,0.0003,0.06464466137273121,0.5726057942708334,-1.3906887301492195,760,0.2,-0.03591747581958771,-0.007285281792161792,0.69109434,0.8328515142202377
18046,78,1357.7114,428.5,531,9584640,0.0003,0.06503523463582193,0.5723893229166667,-1.3794229779858143,770,0.2,-0.03817403316497803,-0.0068133192937420975,0.71067154,0.845652386546135
18286,79,1383.0177,445.44,530,9707520,0.0003,0.06404960604898709,0.56496337890625,-1.3803385013869653,780,0.2,-0.037551604211330414,-0.007664927300502313,0.7006331,0.8358878046274185
18528,80,1381.9968,439.68,530,9830400,0.0003,0.06787242024753747,0.5692415364583333,-1.3843315146925548,790,0.2,-0.028908926993608475,-0.00753750176150182,0.7040493,0.815216675400734
18771,81,1376.7231,434.66,530,9953280,0.0003,0.07659898618614534,0.5654475911458333,-1.4501032933592797,800,0.2,-0.025944095104932785,-0.008813414202795683,0.64235234,0.80672387778759
19013,82,1359.9296,432.12,529,10076160,0.0003,0.06862682965375522,0.5729256184895833,-1.473701429249098,810,0.2,-0.0142285767942667,-0.006612445403437354,0.6757769,0.8138838112354279
19256,83,1379.4576,437.72,529,10199040,0.0003,0.06504949933189588,0.5584749348958333,-1.3615761734327922,820,0.2,0.01913505047559738,-0.006155270222164593,0.687492,0.8273123055696487
19497,84,1379.9487,446.32,529,10321920,0.0003,0.06290184710460987,0.5548274739583333,-1.3240303209610282,830,0.2,-0.026339754462242126,-0.005597844317799172,0.7116337,0.8272302150726318
19738,85,1382.278,440.76,529,10444800,0.0003,0.06599986273373361,0.5487288411458333,-1.3545320755491654,840,0.2,-0.02769392356276512,-0.005983457281314865,0.7325067,0.8335983008146286
19978,86,1317.513,421.86,528,10567680,0.0003,0.07404500770256467,0.5521858723958334,-1.3913439265762766,850,0.2,-0.007690544240176678,-0.004257036629805953,0.6757476,0.8273913264274597
20222,87,1378.4996,438.3,528,10690560,0.0003,0.060634391381560515,0.5467146809895833,-1.345149078387767,860,0.2,-0.03980552405118942,-0.006523460043305628,0.7166835,0.8350339531898499
20478,88,1387.4122,443.2,528,10813440,0.0003,0.05690740630045184,0.54043212890625,-1.3050713361985982,870,0.2,-0.0596955269575119,-0.00254959935249038,0.81121635,0.8461339026689529
20750,89,1395.7886,443.48,527,10936320,0.0003,0.06723132436183125,0.54521728515625,-1.3782288577966393,880,0.2,-0.047976527363061905,-0.006813662016199184,0.68694395,0.8117961883544922
20994,90,1396.7113,437.38,526,11059200,0.0003,0.06560620055786179,0.5388720703125,-1.3093992632472267,890,0.2,-0.03453684598207474,-0.0030347135300447313,0.7015471,0.805887833237648
21237,91,1374.9346,434.26,526,11182080,0.0003,0.059392963527158525,0.5349568684895833,-1.3008859105935942,900,0.2,-0.036074381321668625,-0.0038735353154667486,0.71669877,0.8157573640346527
21477,92,1397.231,437.98,526,11304960,0.0003,0.06949084044021826,0.54122802734375,-1.405226759966463,910,0.2,-0.050643593072891235,-0.00643489330623197,0.6830028,0.823037251830101
21721,93,1400.4825,438.94,526,11427840,0.0003,0.07306290824587146,0.53390869140625,-1.370314564872533,920,0.2,0.007340896874666214,-0.0029755206497672285,0.6940005,0.8252028822898865
21965,94,1373.163,426.26,525,11550720,0.0003,0.0754822336116437,0.5374462890625,-1.4489723801023016,930,0.2,-0.04275035858154297,-0.006677159823666443,0.66254085,0.8100154995918274
22209,95,1402.9286,442.12,525,11673600,0.0003,0.08532198243148742,0.5377473958333333,-1.4614339644648136,940,0.2,-0.04528133571147919,-0.007835542843325433,0.6640426,0.7934228926897049
22451,96,1397.684,438.32,525,11796480,0.0003,0.06872054447987466,0.53569580078125,-1.4284254637733103,950,0.2,-0.011736592277884483,-0.004896675787780017,0.6782266,0.8045004308223724
22690,97,1397.8608,436.84,525,11919360,0.0003,0.07646503433939264,0.5290584309895834,-1.445288699027151,960,0.2,0.010664660483598709,-0.004383592168396717,0.6753093,0.8189461082220078
22930,98,1420.4332,444.3,525,12042240,0.0003,0.0645841856871266,0.5344710286458333,-1.4365304144782325,970,0.2,-0.004766467027366161,-0.00605254833985479,0.66334826,0.8212738633155823
23173,99,1443.1101,449.44,524,12165120,0.0003,0.07503716036866535,0.5304264322916666,-1.3964778279047458,980,0.2,-0.01918519288301468,-0.00476851564330597,0.6765878,0.7930110543966293
23414,100,1417.4614,433.94,524,12288000,0.0003,0.08150585466840615,0.5285831705729167,-1.425846163680156,990,0.2,-0.020953673869371414,-0.006005493559569004,0.73529744,0.7955292165279388
23694,101,1441.9548,439.9,523,12410880,0.0003,0.07349014737381367,0.5276953125,-1.402021652519082,1000,0.2,-0.017039775848388672,-0.007347210261274692,0.6790075,0.8058004379272461
23941,102,1413.61,439.58,523,12533760,0.0003,0.08479722302562247,0.5248844401041667,-1.3792075278641036,1010,0.2,-0.014897707849740982,-0.004212037560907144,0.6800678,0.8160200417041779
24188,103,1410.5592,433.12,523,12656640,0.0003,0.08823484487239815,0.52469970703125,-1.392961855387936,1020,0.2,0.0023871883749961853,-0.004379068346012597,0.6248563,0.7975614964962006
24435,104,1428.165,442.3,522,12779520,0.0003,0.08178330498776631,0.5192618815104166,-1.3844416383747011,1030,0.2,0.03253501281142235,-0.006633610872440841,0.77192724,0.82475546002388
24678,105,1389.2703,432.4,522,12902400,0.0003,0.07704341082154618,0.5189640299479167,-1.3506078411421427,1040,0.2,-0.030035628005862236,-0.005089749472172116,0.6488906,0.8120474964380264
24925,106,1397.1304,430.1,522,13025280,0.0003,0.07912358208952355,0.5064095052083334,-1.2852963899541647,1050,0.2,-0.03482796251773834,-0.0030626846650314596,0.6739247,0.8098572045564651
25166,107,1389.1719,425.46,522,13148160,0.0003,0.07443654363455911,0.5101302083333333,-1.281865692632273,1060,0.2,-0.03310476616024971,-0.0032317793338794824,0.6837813,0.8071075230836868
25408,108,1398.8938,431.72,522,13271040,0.0003,0.08532254149695898,0.5113753255208333,-1.352021773721402,1070,0.2,0.041601330041885376,-0.0037693057834925032,0.6497495,0.824769139289856
25687,109,1416.9971,439.68,521,13393920,0.0003,0.07892445598753207,0.5144091796875,-1.3649813315986346,1080,0.2,-0.022121679037809372,-0.00470779100771324,0.6668647,0.8366000950336456
25929,110,1420.809,442.26,521,13516800,0.0003,0.07905336310514637,0.5097615559895833,-1.303585262124737,1090,0.2,-0.014191478490829468,-0.0035675638990566466,0.7233514,0.8261203765869141
26175,111,1383.1835,430.78,521,13639680,0.0003,0.07441479135377449,0.5092537434895833,-1.3396776207598546,1100,0.2,0.011374445632100105,-0.006102260369019253,0.69952667,0.8258261233568192
26421,112,1406.1232,433.28,520,13762560,0.0003,0.07392643074791219,0.5117431640625,-1.3333898371395965,1110,0.2,-0.03320367634296417,-0.00648689154654979,0.62855417,0.825946718454361
26670,113,1426.3801,443.46,520,13885440,0.0003,0.07842616423392125,0.5045589192708333,-1.3348149383657921,1120,0.2,-0.053161755204200745,-0.004525949155516476,0.6274517,0.8184767067432404
26917,114,1454.2358,448.84,520,14008320,0.0003,0.08072045920571934,0.5039835611979167,-1.3326602866283308,1130,0.2,-0.01853029429912567,-0.003867981890871306,0.62718576,0.8057185411453247
27161,115,1376.4156,429.54,520,14131200,0.0003,0.07961333473479802,0.5047517903645833,-1.3712689734064043,1140,0.2,-0.00022770464420318604,-0.006918941719507832,0.61097604,0.8057879060506821
27407,116,1408.7946,434.6,520,14254080,0.0003,0.08908991775334774,0.4978181966145833,-1.3134951097890735,1150,0.2,-0.058340851217508316,-0.004240318018352506,0.6661212,0.807402029633522
27652,117,1393.7708,430.58,519,14376960,0.0003,0.08464068827141698,0.49534993489583334,-1.3137895117606968,1160,0.2,-0.008243750780820847,-0.0046320769851323955,0.63405925,0.7990908622741699
27899,118,1452.4766,441.48,519,14499840,0.0003,0.07933012767879215,0.49505696614583333,-1.3125814775253335,1170,0.2,-0.06113043799996376,-0.004869227203489573,0.6526683,0.8153408616781235
28145,119,1438.2003,439.06,519,14622720,0.0003,0.09310463296812183,0.49336669921875,-1.373879626551643,1180,0.2,-0.017073487862944603,-0.007140733014275611,0.60296005,0.7858760803937912
28390,120,1424.2975,437.1,519,14745600,0.0003,0.0749414047691486,0.48928629557291664,-1.273882243682941,1190,0.2,-0.019252818077802658,-0.0042720410013619885,0.68338007,0.8007565885782242
28635,121,1387.3593,435.84,519,14868480,0.0003,0.0825200431709527,0.48717366536458334,-1.363862371450911,1200,0.2,0.007766116410493851,-0.001976602450570984,0.6634979,0.8133039474487305
28888,122,1450.6968,441.26,518,14991360,0.0003,0.0805078914585465,0.48796875,-1.299149076876541,1210,0.2,-0.031228989362716675,-0.0033362113118770745,0.8648103,0.8249229192733765
29133,123,1439.1012,443.4,518,15114240,0.0003,0.0898099337828171,0.48919108072916667,-1.3178401454476019,1220,0.2,-0.013826660811901093,-0.0025301143846778967,0.64602333,0.7858629673719406
29379,124,1429.2343,432.06,518,15237120,0.0003,0.08832113530836068,0.48905843098958335,-1.337598416954279,1230,0.2,-0.021972335875034332,-0.005802979806685471,0.64703315,0.8030488789081573
29623,125,1426.0914,431.52,518,15360000,0.0003,0.08971631936530078,0.4913199869791667,-1.420306394668296,1240,0.2,0.08644276857376099,-0.00514000860842619,0.6186409,0.7859873622655869
29867,126,1412.2578,430.38,518,15482880,0.0003,0.07443128438928398,0.4784464518229167,-1.2831036235640447,1250,0.2,0.0025134682655334473,-0.002358155524252652,1.9633288,0.811942458152771
30111,127,1430.2695,438.2,518,15605760,0.0003,0.07233387549727922,0.48143961588541667,-1.2778208816579233,1260,0.2,0.0385810062289238,-0.00545809123335251,0.6602745,0.8194507211446762
30359,128,1385.7645,426.0,518,15728640,0.0003,0.08461652823641391,0.4709765625,-1.239739645558099,1270,0.2,-0.025823453441262245,-0.0035952651147272262,0.63999045,0.8140944838523865
30603,129,1408.2524,434.5,517,15851520,0.0003,0.08443257582131385,0.4737548828125,-1.2335938275853793,1280,0.2,0.03608904778957367,-0.0032519013406817976,0.62419724,0.8082736879587173
30848,130,1417.473,427.82,517,15974400,0.0003,0.08263185235472822,0.47406656901041666,-1.2934744185923288,1290,0.2,-0.0022421367466449738,-0.004137662442844885,0.6411954,0.824339285492897
31093,131,1439.375,432.12,517,16097280,0.0003,0.08202300160647913,0.47759358723958334,-1.2646229940094054,1300,0.2,-0.02041030488908291,-0.005286223950643034,0.6476067,0.7980374395847321
31337,132,1412.2327,432.84,517,16220160,0.0003,0.07312466243859186,0.4671931966145833,-1.1703174122453979,1310,0.2,-0.03984619677066803,-0.0022533056647807827,0.78696847,0.8255434930324554
31581,133,1407.8953,426.54,517,16343040,0.0003,0.07619365914312463,0.4733740234375,-1.2184832772395262,1320,0.2,-0.0070603396743535995,-0.0030473090125875996,0.7127262,0.8130849301815033
31824,134,1434.8243,435.34,517,16465920,0.0003,0.07737135159331957,0.46601318359375,-1.2374515195532392,1330,0.2,0.03673847019672394,-0.0053435002786621525,0.64980966,0.8290442377328873
32069,135,1444.305,445.68,517,16588800,0.0003,0.07434025871227884,0.46830159505208335,-1.1986821161800374,1340,0.2,0.01916298270225525,-0.0023216351344975314,0.6721132,0.8146397918462753
32313,136,1365.7439,419.46,517,16711680,0.0003,0.07426454190805089,0.4695939127604167,-1.201443510024498,1350,0.2,-0.025813665241003036,-0.0032577126345313444,0.67036694,0.8398776948451996
32558,137,1386.5054,428.46,517,16834560,0.0003,0.0742210196221519,0.46590738932291664,-1.1681927416815112,1360,0.2,-0.026506636291742325,-0.0034312861599331275,0.70643216,0.8094862252473831
32804,138,1398.0966,429.46,516,16957440,0.0003,0.08051701753827123,0.46574788411458334,-1.158708321582526,1370,0.2,-0.0011848844587802887,-0.0010278406765731538,0.6983983,0.8181956559419632
33052,139,1393.38,432.2,516,17080320,0.0003,0.07461133419938658,0.4665576171875,-1.1548252813114475,1380,0.2,-0.03842788189649582,-0.003989133234663314,0.6824034,0.8126284331083298
33296,140,1422.0713,441.5,516,17203200,0.0003,0.0765386557932652,0.46524495442708336,-1.1963667362835257,1390,0.2,-0.056253254413604736,-0.004958681421533886,0.7577771,0.8315559476613998
33542,141,1495.8445,447.2,516,17326080,0.0003,0.07269380501374446,0.46594889322916666,-1.1554368401163568,1400,0.2,-0.03219442814588547,-0.0034773515070022163,0.6803079,0.8221853077411652
33785,142,1444.6201,436.0,516,17448960,0.0003,0.09653758867857201,0.47024169921875,-1.3135263982291023,1410,0.2,-0.009656368754804134,-0.005656260590585589,0.593391,0.7825370132923126
34031,143,1433.8766,434.98,516,17571840,0.0003,0.11067156224133214,0.4765755208333333,-1.374512637813265,1420,0.2,-0.007142914459109306,-0.004964954935476271,0.5668212,0.769601583480835
34279,144,1435.0062,434.98,516,17694720,0.0003,0.0926002506854032,0.46516357421875,-1.2295687324864168,1430,0.2,-0.053779322654008865,-0.004544522399974085,0.6117829,0.7791595011949539
34524,145,1447.4194,438.9,516,17817600,0.0003,0.09172902238584356,0.46534912109375,-1.2594780237196634,1440,0.2,0.004822529852390289,-0.004673007770112841,0.591831,0.7660117298364639
34769,146,1403.0743,425.56,515,17940480,0.0003,0.09722578665527787,0.46540934244791665,-1.2749159445861975,1450,0.2,-0.0011901119723916054,-0.00331314445773387,0.6130455,0.7855095714330673
35015,147,1453.9747,445.86,515,18063360,0.0003,0.10385321020187499,0.46531982421875,-1.257557273392255,1460,0.2,-0.018636658787727356,-0.004574975701725634,0.61614233,0.7641046643257141
35264,148,1454.1439,435.38,515,18186240,0.0003,0.08426926828634654,0.4610872395833333,-1.1815151050748924,1470,0.2,0.09642597287893295,-0.003742998954257928,1.1839173,0.7807223498821259
35514,149,1446.4165,442.54,515,18309120,0.0003,0.08503905060924201,0.4620849609375,-1.256441214522347,1480,0.2,-0.03907337784767151,-0.007497849542123731,0.6153397,0.7994225770235062
35762,150,1449.8074,436.34,515,18432000,0.0003,0.08327729302880471,0.46223388671875,-1.1857186185692747,1490,0.2,-0.008983869105577469,-0.003051255786752639,0.6366816,0.8196992129087448
36012,151,1391.2535,427.64,515,18554880,0.0003,0.07646770437650655,0.45672526041666667,-1.150514138378203,1500,0.2,-0.0370870977640152,-0.0025420662812272593,0.6488746,0.8204128444194794
36259,152,1483.1909,448.02,515,18677760,0.0003,0.09337126506211159,0.45496500651041666,-1.1511093379960706,1510,0.2,0.10855576395988464,-0.0027554994439257523,0.5966558,0.8274780362844467
36505,153,1453.7188,432.18,515,18800640,0.0003,0.07763320856097077,0.45542561848958335,-1.100917690489441,1520,0.2,0.0534246526658535,-0.003354299586868971,0.72396237,0.7847813665866852
36753,154,1441.3623,442.14,514,18923520,0.0003,0.09643516834068577,0.45347249348958335,-1.1700738082112123,1530,0.2,0.009550370275974274,-0.0061060276767481506,0.624734,0.8159457147121429
37003,155,1452.7261,440.52,514,19046400,0.0003,0.08068780897612063,0.45998291015625,-1.178477185604473,1540,0.2,0.03782796859741211,-0.0032626253310687994,0.58784217,0.8367644846439362
37252,156,1494.3906,446.06,514,19169280,0.0003,0.08481165727246359,0.45897542317708334,-1.1620857821560155,1550,0.2,-0.04436600208282471,-0.005823841400530607,0.60192275,0.8148089647293091
37501,157,1397.6118,418.48,514,19292160,0.0003,0.09600803491145295,0.46050374348958334,-1.178194166601946,1560,0.2,-0.0035643428564071655,-0.004586794808219565,1.0871317,0.7955090999603271
37751,158,1445.0956,429.78,514,19415040,0.0003,0.09194022368741571,0.4583512369791667,-1.1299062360823156,1570,0.2,-0.0375387966632843,-0.0030656665266117974,0.6190843,0.7968944758176804
37998,159,1481.7256,439.96,514,19537920,0.0003,0.07781250207888661,0.4527880859375,-1.0884351844216387,1580,0.2,-0.015615358017385006,-0.0027839066326608495,0.60546863,0.8036901205778122
38242,160,1474.4563,439.52,514,19660800,0.0003,0.09095835850486765,0.45300374348958333,-1.1439509225295235,1590,0.2,0.001219034194946289,-0.003356591390899363,0.54886913,0.8152536600828171
38487,161,1445.1735,438.44,514,19783680,0.0003,0.09375113012235185,0.45511962890625,-1.1155948710472634,1600,0.2,-0.009782612323760986,-0.0036032563880386685,0.6694209,0.777624100446701
38732,162,1495.4792,444.66,513,19906560,0.0003,0.09903680020982089,0.45389729817708335,-1.1601744508867462,1610,0.2,-0.016672829166054726,-0.0035087607725351215,0.5360812,0.8171707540750504
38980,163,1448.9995,434.88,513,20029440,0.0003,0.08974143477961964,0.4527693684895833,-1.1234117625840008,1620,0.2,-0.009751960635185242,-0.003831483430518953,0.57643545,0.8011079430580139
39230,164,1431.8611,437.74,513,20152320,0.0003,0.0926610469435885,0.4512890625,-1.1434080757852643,1630,0.2,-0.007572729140520096,-0.004726712714806733,0.5505728,0.8112848997116089
39476,165,1471.42,440.98,513,20275200,0.0003,0.08968280578391083,0.4451163736979167,-1.0731752997947235,1640,0.2,-0.06576801836490631,-0.0041850762669309914,0.5713804,0.8198121637105942
39723,166,1474.0414,446.22,513,20398080,0.0003,0.0909958621263407,0.45055013020833334,-1.1489670992611598,1650,0.2,-0.0011285021901130676,-0.0005651980506930462,0.5369636,0.7898697406053543
39972,167,1494.1606,438.4,513,20520960,0.0003,0.0905498010997447,0.44586588541666666,-1.084323011978219,1660,0.2,-0.014950379729270935,-0.0003422050055572375,0.58983266,0.8091325461864471
40219,168,1501.379,450.0,513,20643840,0.0003,0.0922794002512334,0.44780598958333334,-1.0684950087498875,1670,0.2,-0.04349205642938614,-0.005695511987153926,0.61159796,0.7798615992069244
40467,169,1468.4862,443.14,513,20766720,0.0003,0.08698773473210167,0.44232177734375,-1.0636236402019859,1680,0.2,0.07387606799602509,-0.0032211909383659076,0.62063694,0.7641180902719498
40711,170,1481.2567,449.08,513,20889600,0.0003,0.08743891498156396,0.44775634765625,-1.0979429887483518,1690,0.2,0.014215264469385147,-0.0023318224870187503,0.58275515,0.7786252200603485
40978,171,1433.8743,428.98,512,21012480,0.0003,0.09006237682925226,0.44845784505208336,-1.1035107046489914,1700,0.2,-0.0014864159747958183,-0.0036707539794527595,0.6502196,0.7736425548791885
41225,172,1397.1652,418.14,512,21135360,0.0003,0.09324470218959807,0.44342936197916666,-1.1006955200961481,1710,0.2,-0.02226581797003746,-0.0036503734315071292,0.5579451,0.8124003857374191
41471,173,1434.8867,430.86,512,21258240,0.0003,0.09260422683107511,0.44255940755208334,-1.0356000314311435,1720,0.2,-0.007048716768622398,-0.005410573062393572,0.58312553,0.8118138164281845
41715,174,1466.6837,437.44,512,21381120,0.0003,0.09103812169516459,0.4497574869791667,-1.1202481602039187,1730,0.2,-0.04193154349923134,-0.0071454423351982165,0.54195774,0.7942661792039871
41960,175,1479.0205,443.68,512,21504000,0.0003,0.09938117806853067,0.44272054036458336,-1.0317952207848429,1740,0.2,-0.03848659247159958,-0.0031118833924301727,0.67550725,0.7976731806993484
42206,176,1427.1045,425.42,512,21626880,0.0003,0.08902344432969889,0.44153483072916666,-1.0308251176712413,1750,0.2,0.007787257432937622,-0.004830254709813744,0.63132125,0.8005827516317368
42453,177,1475.9609,442.82,512,21749760,0.0003,0.08013731919209628,0.4331103515625,-0.9844364330669244,1760,0.2,0.0072296373546123505,-0.003778355901965066,0.59640944,0.8190912306308746
42702,178,1465.4432,431.42,512,21872640,0.0003,0.08300387290413104,0.4427490234375,-1.0179466023513426,1770,0.2,-0.03586079552769661,-0.004327789419973366,0.6614736,0.8017876297235489
42953,179,1432.0703,432.4,512,21995520,0.0003,0.09232873723492957,0.43756103515625,-1.0076695961753528,1780,0.2,0.011762856505811214,-0.002805642728859918,0.5677498,0.7957302182912827
43199,180,1443.8662,432.14,512,22118400,0.0003,0.08788502863841131,0.4351416015625,-0.9813205469803263,1790,0.2,0.049499258399009705,0.0007141258883711999,0.596404,0.8118810951709747
43448,181,1446.3561,433.28,511,22241280,0.0003,0.08309337620943552,0.43269775390625,-0.9803402442733447,1800,0.2,-0.0065019503235816956,-0.0036324941288148694,0.610973,0.7806941270828247
43730,182,1496.5018,443.68,511,22364160,0.0003,0.08218259531650499,0.433486328125,-0.9856727463472634,1810,0.2,-0.03695371747016907,-0.003989853508204154,0.6297386,0.8133976608514786
43974,183,1483.4072,439.76,511,22487040,0.0003,0.08669654731221575,0.4327392578125,-0.9546399940612416,1820,0.2,-0.01762549951672554,-0.004549260887045724,0.5895728,0.780187800526619
44239,184,1497.7573,443.52,511,22609920,0.0003,0.08132302042140509,0.43793212890625,-0.9917796442316225,1830,0.2,0.09762256592512131,-0.0027382255479521216,0.5659589,0.8077856302261353
44487,185,1451.0845,428.1,510,22732800,0.0003,0.10956904145898685,0.443271484375,-1.0847908530198038,1840,0.2,0.1385967880487442,-0.005636905062310689,0.57980174,0.7780374884605408
44736,186,1478.4764,441.64,510,22855680,0.0003,0.10590257196468883,0.44115315755208334,-1.050156765288363,1850,0.2,-0.028188347816467285,-0.00560303386458448,0.52852905,0.7860714346170425
44984,187,1496.5845,440.6,510,22978560,0.0003,0.10580387036689597,0.43722086588541664,-1.065461766316245,1860,0.2,0.10211344808340073,-0.00075797911717018,0.50945586,0.7773192077875137
45231,188,1513.8812,444.82,510,23101440,0.0003,0.10992815911619497,0.4419051106770833,-1.0772787980890521,1870,0.2,-0.0014207717031240463,-0.003741998786857342,0.5311391,0.766770526766777
45483,189,1505.207,439.86,510,23224320,0.0003,0.10800344643600207,0.43504720052083334,-1.078267436682557,1880,0.2,-0.007767997682094574,-0.00409935834701173,0.5110952,0.7804785370826721
45729,190,1408.0692,423.7,510,23347200,0.0003,0.10061613715821295,0.44092447916666666,-1.0442201026777427,1890,0.2,0.04654223844408989,-0.00422189052211858,0.5628254,0.783040001988411
45976,191,1482.4408,433.66,510,23470080,0.0003,0.09931382815581552,0.43640055338541667,-1.0205581216483066,1900,0.2,-0.02464999444782734,-0.003516601424877687,0.5782298,0.8044342547655106
46222,192,1474.0975,440.98,510,23592960,0.0003,0.09227124433561888,0.43587158203125,-1.0469525984767825,1910,0.2,0.026958903297781944,-0.005958837927470692,0.6380197,0.7776773273944855
46468,193,1443.1311,423.02,510,23715840,0.0003,0.10753432828409132,0.43407470703125,-1.0434973722044378,1920,0.2,0.027652310207486153,-0.003448639442613057,0.50537205,0.8063318729400635
46714,194,1491.0916,440.4,510,23838720,0.0003,0.09479035883826631,0.43354248046875,-1.0671120469924062,1930,0.2,-0.04453668370842934,-0.006484276749579294,0.5396649,0.8148432075977325
46958,195,1515.3224,449.76,510,23961600,0.0003,0.10520632641554888,0.4323909505208333,-1.0400604254752397,1940,0.2,0.03814691677689552,-0.0003881051696286401,0.51984817,0.7742123156785965
47205,196,1537.6047,447.9,510,24084480,0.0003,0.1046742451057556,0.43479248046875,-1.0334855450938145,1950,0.2,0.11413893103599548,-0.004879879241161689,0.52531284,0.7700984179973602
47453,197,1429.8472,424.84,510,24207360,0.0003,0.10097043618821772,0.4284847005208333,-0.9953215168043971,1960,0.2,-0.0019665807485580444,-0.0042456602534124005,0.5518716,0.7918116748332977
47701,198,1469.3834,436.96,510,24330240,0.0003,0.09910196103766794,0.42737386067708333,-0.9592923903185874,1970,0.2,-0.006011420860886574,-0.0035117898361446956,0.58584046,0.8020836710929871
47949,199,1498.9077,439.38,509,24453120,0.0003,0.10425638353956553,0.42343587239583336,-1.0024269162087391,1980,0.2,0.0032255854457616806,-0.004545418175433345,0.5390196,0.7764062881469727
48197,200,1497.6178,435.78,509,24576000,0.0003,0.1100891794996763,0.42842447916666665,-0.9783083184839537,1990,0.2,0.00988810881972313,-0.004310522026353283,0.5219677,0.7541120052337646
48444,201,1507.1396,439.92,509,24698880,0.0003,0.10325658103713067,0.4252115885416667,-1.0121756392344832,2000,0.2,0.025586029514670372,-0.004654338377537594,0.5237427,0.7852493524551392
48692,202,1414.1914,418.8,509,24821760,0.0003,0.10070583396096482,0.42523844401041666,-0.9862912142835557,2010,0.2,0.025284074246883392,-0.004309546817439696,0.5282977,0.7902341187000275
48939,203,1466.0579,423.42,509,24944640,0.0003,0.10576659294233347,0.42632568359375,-0.9925348487092803,2020,0.2,-0.03702392801642418,-0.00312114078640055,0.57882524,0.8122264444828033
49188,204,1443.3818,422.38,509,25067520,0.0003,0.10602284984415747,0.424462890625,-0.956555983585616,2030,0.2,-0.022918468341231346,-0.0023385209526077234,0.5297286,0.7963943034410477
49437,205,1480.598,436.7,509,25190400,0.0003,0.1150161438898552,0.4254231770833333,-0.9694639161291222,2040,0.2,0.02601657062768936,-0.0034725953101193835,0.5448307,0.7936464250087738
49687,206,1441.438,428.64,509,25313280,0.0003,0.12578951478106318,0.42800699869791664,-1.0273161915348221,2050,0.2,-0.03498636931180954,-0.0024607885582251282,0.50603575,0.7728755474090576
49933,207,1423.6748,423.08,509,25436160,0.0003,0.11490382962084066,0.4258854166666667,-0.9863641378314545,2060,0.2,0.06128663197159767,0.00043148442449819413,0.60188955,0.7860070317983627
50181,208,1488.2734,435.56,509,25559040,0.0003,0.1222603128788372,0.422568359375,-1.0537714000108342,2070,0.2,0.03756965696811676,-0.0035018229899530223,0.5191574,0.7787604033946991
50424,209,1509.0569,442.58,509,25681920,0.0003,0.1031070445231065,0.42054117838541666,-0.976349785560742,2080,0.2,0.005987224169075489,-0.003845736602197576,0.6167184,0.8200218826532364
50675,210,1427.6914,428.04,509,25804800,0.0003,0.11063272898551077,0.4201912434895833,-0.9059780504523466,2090,0.2,-0.02322825789451599,-0.0024057964914451684,0.57783157,0.7873016148805618
50919,211,1456.1754,434.6,509,25927680,0.0003,0.10051309425927078,0.41807942708333334,-0.9787128093869736,2100,0.2,-0.022660434246063232,-0.004215287472240258,0.5725002,0.7694280743598938
51167,212,1510.693,443.6,509,26050560,0.0003,0.1156508538305449,0.41956787109375,-0.997185380027319,2110,0.2,-0.021799471229314804,-0.0030945263583998894,0.63884175,0.808107540011406
51411,213,1404.2649,414.52,509,26173440,0.0003,0.10060241805806679,0.415751953125,-0.9183037089804809,2120,0.2,-0.008233800530433655,-0.0015455904759498176,0.58235943,0.8047050535678864
51655,214,1503.0071,441.98,509,26296320,0.0003,0.1230400751636868,0.42065592447916667,-0.9863644369877875,2130,0.2,-0.013247651979327202,-0.002140124235878223,1.0650914,0.7816571146249771
51902,215,1422.4702,426.44,509,26419200,0.0003,0.12758057772599082,0.4227376302083333,-0.9970736918846766,2140,0.2,-0.03642775118350983,-0.0010639670130149171,0.5420571,0.7519412040710449
52146,216,1423.3901,426.16,508,26542080,0.0003,0.10943303295741012,0.41436848958333333,-1.036182846709465,2150,0.2,-0.035916756838560104,-0.004449541142093949,0.49784517,0.8048678040504456
52393,217,1438.0537,424.76,508,26664960,0.0003,0.09731339113689803,0.4113362630208333,-0.927756937937811,2160,0.2,0.008892767131328583,-0.0006296485482744174,0.59223694,0.8212270736694336
52638,218,1505.4263,440.08,508,26787840,0.0003,0.09758466163441577,0.41317057291666665,-0.9171090542680274,2170,0.2,-0.035253629088401794,-0.0009605942365063432,0.5648926,0.81142258644104
52887,219,1432.8767,420.26,508,26910720,0.0003,0.10227480743521786,0.40963541666666664,-0.920627187260737,2180,0.2,0.016060814261436462,-0.0021209686115525985,0.57925785,0.8023160696029663
53132,220,1429.6818,426.18,508,27033600,0.0003,0.10407634642086729,0.41361409505208335,-0.9589870912550638,2190,0.2,-0.04546525329351425,-0.0032557084172246203,0.570423,0.8182200938463211
53377,221,1486.6034,435.32,508,27156480,0.0003,0.10562461102303738,0.40795817057291667,-0.9181066561148813,2200,0.2,-0.0008540116250514984,-0.0021274492171990764,0.5755883,0.7673695385456085
53626,222,1507.6646,440.02,508,27279360,0.0003,0.11516536109770338,0.41277913411458333,-1.036942298753808,2210,0.2,-0.017012570053339005,-0.0016264106368665428,0.5027596,0.7839837372303009
53871,223,1418.6469,427.16,508,27402240,0.0003,0.11096418820447676,0.4089884440104167,-0.960942416874071,2220,0.2,0.05757796764373779,-0.002571005567594208,0.5260783,0.7611070722341537
54120,224,1451.8566,429.24,508,27525120,0.0003,0.10222726664961859,0.41521077473958334,-1.0060251567636926,2230,0.2,0.02753070555627346,-0.005880780881695197,0.5483752,0.7753631770610809
54365,225,1506.2744,443.18,508,27648000,0.0003,0.10613603090620018,0.4052400716145833,-0.9736303082449983,2240,0.2,0.03841587156057358,-0.0012389736588071778,0.58143,0.8012062311172485
54613,226,1467.9156,433.6,508,27770880,0.0003,0.10623237224989376,0.40794514973958335,-0.9361488025821746,2250,0.2,-0.017219647765159607,-0.003570319553424876,0.55233586,0.7806585431098938
54861,227,1417.9637,430.66,508,27893760,0.0003,0.11157847329949921,0.4082918294270833,-0.9971297370052586,2260,0.2,-0.027151798829436302,-0.003002871314653627,0.52759,0.7626060545444489
55110,228,1465.8522,430.42,508,28016640,0.0003,0.11599715797773873,0.41033528645833334,-1.020167338643223,2270,0.2,0.002220345661044121,0.0009550267526841101,0.56070673,0.7695593535900116
55356,229,1483.8595,442.66,508,28139520,0.0003,0.11276546041010685,0.40767822265625,-0.9849350925876449,2280,0.2,0.0016430355608463287,-0.0019801958249384675,0.5687874,0.7726337909698486
55604,230,1419.5774,415.66,508,28262400,0.0003,0.11437957883958007,0.4085009765625,-1.010191282791396,2290,0.2,0.025327790528535843,-0.003186591440298798,0.52998555,0.7775061279535294
55851,231,1421.3906,421.2,508,28385280,0.0003,0.11368944233637497,0.40876708984375,-0.9648566606206198,2300,0.2,0.017061863094568253,-0.0038549090650849393,0.5610154,0.8039596676826477
56096,232,1428.9858,425.62,508,28508160,0.0003,0.11488428495804935,0.40392903645833333,-1.026736563500017,2310,0.2,0.0006998004391789436,-0.004600099254730594,0.51034856,0.7504941076040268
56341,233,1395.1136,411.28,508,28631040,0.0003,0.12349170114049533,0.40579345703125,-0.9839470082055777,2320,0.2,-0.006944239139556885,-0.005149185857480916,0.5377046,0.7935811877250671
56589,234,1445.2914,425.0,508,28753920,0.0003,0.11475814194835644,0.4033284505208333,-0.9417444268148393,2330,0.2,0.008303690701723099,-0.003201767116067155,0.5457669,0.8016108721494675
56834,235,1332.0267,398.14,508,28876800,0.0003,0.1171470446321958,0.4075187174479167,-0.9875899675333252,2340,0.2,-0.00014499947428703308,-0.0026844575297218396,0.5942948,0.7798914015293121
57079,236,1444.735,429.12,508,28999680,0.0003,0.1267731327721655,0.40245198567708335,-0.9417010097453992,2350,0.2,0.03932039439678192,-0.003790244581735654,0.5431479,0.7937153875827789
57325,237,1386.4697,417.64,508,29122560,0.0003,0.10931548403542062,0.40536051432291664,-0.8874159066503247,2360,0.2,0.010879646986722946,-0.003584726458915005,0.6000751,0.7684775441884995
57574,238,1368.0952,400.64,507,29245440,0.0003,0.10499508473556489,0.39074462890625,-0.8669882401886085,2370,0.2,0.020072802901268005,-0.0037035318542742363,0.5840492,0.8053481429815292
57819,239,1393.8774,418.56,507,29368320,0.0003,0.1151590412655302,0.39600992838541665,-0.9687361400667578,2380,0.2,-0.014064531773328781,-0.0018162101265503832,0.5125064,0.7993977963924408
58065,240,1488.8549,439.54,507,29491200,0.0003,0.11262206636645715,0.39515299479166666,-0.903442167636628,2390,0.2,-0.0023345667868852615,-0.0024752680612800757,0.57126963,0.7961888909339905
58310,241,1419.7495,421.82,507,29614080,0.0003,0.09987955298507586,0.3945182291666667,-0.926690744239216,2400,0.2,-0.015039429068565369,0.0035918058488944855,0.54105943,0.807402178645134
58556,242,1426.5167,423.5,507,29736960,0.0003,0.10089519621571526,0.39120361328125,-0.8922525309181462,2410,0.2,0.05397786572575569,-0.0020977097912449,0.56613255,0.8211329281330109
58802,243,1454.7312,429.6,507,29859840,0.0003,0.1150534548520227,0.3946638997395833,-0.9347500344179571,2420,0.2,-0.02337867021560669,-0.00163267729938525,0.57171804,0.7818755805492401
59048,244,1459.4675,432.48,507,29982720,0.0003,0.1135317105615104,0.3936946614583333,-0.9971672314343353,2430,0.2,0.010295500978827477,-0.0027015589102423595,0.5755357,0.7938356250524521
59296,245,1339.9532,402.64,507,30105600,0.0003,0.09964571137490566,0.38935791015625,-0.9041302966295431,2440,0.2,-0.009776582941412926,-0.002191617619137105,0.57351774,0.8237226158380508
59544,246,1428.4694,424.56,507,30228480,0.0003,0.11175731183723353,0.38746256510416666,-0.9369378939270974,2450,0.2,0.024479687213897705,-0.0007590885597225375,0.56754416,0.8190533071756363
59790,247,1269.701,379.42,507,30351360,0.0003,0.12951339233773373,0.3945841471354167,-0.9617482467523466,2460,0.2,-0.0030926913022994995,-0.003418769521000892,0.5843847,0.8015268296003342
60036,248,1394.5328,414.24,507,30474240,0.0003,0.12196420504973503,0.393359375,-0.939374371956413,2470,0.2,0.016057085245847702,-0.0022302112393663264,0.5630638,0.8184008747339249
60283,249,1446.3004,425.62,507,30597120,0.0003,0.11722884264144037,0.39127766927083335,-0.9373407795031865,2480,0.2,-0.014577586203813553,-0.0018032128604196867,0.5962376,0.7988415211439133
60526,250,1482.1228,430.1,507,30720000,0.0003,0.12302264995387911,0.39090657552083335,-1.040791778077061,2490,0.2,-0.011503644287586212,-0.0029470027569671706,0.5457134,0.7800919860601425
60772,251,1461.9392,426.12,507,30842880,0.0003,0.1145903115713736,0.38966064453125,-1.0262231250697127,2500,0.2,0.0022803358733654022,-0.0037302317585999846,0.58247113,0.809354156255722
61043,252,1373.688,411.98,507,30965760,0.0003,0.11836095462844241,0.39309895833333336,-1.0248143303549537,2510,0.2,0.009512055665254593,-0.0029355966607424004,0.5091852,0.7903636246919632
61290,253,1479.3539,438.46,507,31088640,0.0003,0.12175301269540796,0.3905908203125,-0.9486034979143491,2520,0.2,0.044282056391239166,-0.0011527382115779498,0.544348,0.8133771419525146
61537,254,1432.795,421.38,507,31211520,0.0003,0.10379686848682468,0.38944173177083335,-0.9567028311267495,2530,0.2,-0.020723409950733185,-0.0034771679055847927,0.5242102,0.7844331413507462
61782,255,1488.131,437.1,507,31334400,0.0003,0.11751823945620951,0.3876806640625,-0.9808843881792079,2540,0.2,0.026172496378421783,-0.0026807682080955903,0.5036787,0.7911463230848312
62031,256,1484.7842,434.76,507,31457280,0.0003,0.11325752971131199,0.39149576822916665,-0.9751741067506373,2550,0.2,0.002277153544127941,-0.003091856799267892,0.5544193,0.7852868586778641
62280,257,1505.7828,438.76,507,31580160,0.0003,0.0957438817107565,0.38836344401041667,-0.9581346253088365,2560,0.2,-0.019571127369999886,-0.004336303651465035,0.5584469,0.783701166510582
62527,258,1424.4503,413.5,507,31703040,0.0003,0.10183817440852484,0.391396484375,-0.9965484297275543,2570,0.2,-0.03711152821779251,-0.004900183205075639,0.5029889,0.7924389541149139
62774,259,1508.3632,432.82,506,31825920,0.0003,0.10276689426842495,0.38963623046875,-0.9782709351244072,2580,0.2,-0.039066385477781296,-0.003707693520154862,0.50781125,0.8016221821308136
63021,260,1444.4498,422.28,506,31948800,0.0003,0.10066923557795235,0.3847176106770833,-1.0505912519277383,2590,0.2,-0.014255961403250694,-0.0036057823850569547,0.48143834,0.8088101297616959
63271,261,1471.6273,421.12,506,32071680,0.0003,0.10921806730446405,0.3867488606770833,-1.1423414350580423,2600,0.2,0.03127197548747063,-0.0037424271381132712,0.47250775,0.7958040982484818
63517,262,1484.7067,421.34,506,32194560,0.0003,0.11247180861634358,0.3823486328125,-1.2115650542080403,2610,0.2,-0.005115926265716553,-0.004041191187837588,0.41257393,0.8173392713069916
63762,263,1516.375,431.4,506,32317440,0.0003,0.108071245921019,0.3814900716145833,-1.19958350531136,2620,0.2,0.06652083247900009,-0.002065299303255112,0.4209563,0.8014252781867981
64011,264,1526.06,426.26,506,32440320,0.0003,0.11259212304435398,0.37639404296875,-1.3111402072074512,2630,0.2,8.089281618595123e-05,-0.0031789551708182747,0.4984155,0.8128710985183716
64256,265,1595.4507,442.74,506,32563200,0.0003,0.13888447027629203,0.38262044270833334,-1.3434461042098702,2640,0.2,-0.033928774297237396,-0.0015273023886038573,0.36137888,0.8067557662725449
64503,266,1562.6982,441.78,506,32686080,0.0003,0.1346156371513401,0.3796590169270833,-1.3503773807144412,2650,0.2,0.01755569502711296,-0.001461311259214805,0.38392696,0.7470180690288544
64753,267,1536.7827,430.22,506,32808960,0.0003,0.12424348823687371,0.374052734375,-1.3632528685685248,2660,0.2,-0.025730494409799576,-0.0033448358692536807,0.38818184,0.7675815969705582
65000,268,1533.4719,438.98,506,32931840,0.0003,0.12701138834454467,0.37623046875,-1.3941524961187193,2670,0.2,0.05837990716099739,-0.0019411916384160577,0.37822163,0.7865602225065231
65247,269,1497.5311,425.44,506,33054720,0.0003,0.1226575451544583,0.3700992838541667,-1.375771955503151,2680,0.2,0.08337640762329102,-0.003304979775227063,0.38474166,0.7554747313261032
65495,270,1546.6555,438.12,506,33177600,0.0003,0.12898691458263783,0.37787353515625,-1.3013457881348829,2690,0.2,-0.0022033564746379852,-0.003204387000917753,0.40089163,0.7844395041465759
65744,271,1517.6481,441.0,506,33300480,0.0003,0.13580841868960608,0.3770849609375,-1.3116036420750121,2700,0.2,-0.0039877332746982574,-0.0013985296515420487,0.4530389,0.7650027275085449
65992,272,1574.0739,442.48,506,33423360,0.0003,0.12738411904632813,0.36631184895833335,-1.3494192604813724,2710,0.2,0.01017853245139122,-0.0013041832373770982,0.39312777,0.7858347147703171
66241,273,1533.2053,431.02,506,33546240,0.0003,0.13952639045290804,0.37161458333333336,-1.4325042039869975,2720,0.2,0.05800337344408035,-0.0014344282276518546,0.37174276,0.726425290107727
66491,274,1534.3813,437.74,506,33669120,0.0003,0.15716264110305928,0.3646931966145833,-1.6234436699437598,2730,0.2,0.20921313762664795,-0.0029731212129991036,0.2979119,0.7179809808731079
66740,275,1590.2158,445.64,506,33792000,0.0003,0.15182866220697178,0.37158121744791667,-1.5615853387427827,2740,0.2,0.051524948328733444,-0.0014403398877887714,0.33737862,0.722590833902359
66990,276,1558.8015,448.72,506,33914880,0.0003,0.1453730877111957,0.37161051432291664,-1.503184880030652,2750,0.2,0.02643212489783764,-0.00124589212802069,0.3366881,0.7458765506744385
67238,277,1589.1235,445.4,506,34037760,0.0003,0.16445425790385343,0.36468831380208333,-1.5539061552286149,2760,0.2,-0.005547594279050827,-0.00031301939516652054,0.40497062,0.6905036568641663
67486,278,1514.5208,442.22,506,34160640,0.0003,0.14559283652643595,0.36408040364583333,-1.5375267698181172,2770,0.2,0.06642459332942963,-0.0011431536118834628,0.34620264,0.704244464635849
67734,279,1457.5548,429.18,506,34283520,0.0003,0.1567967522366962,0.36596354166666667,-1.551453667761137,2780,0.2,0.007872052490711212,-0.0019198832511877603,0.3675059,0.7323332130908966
67983,280,1466.6183,430.2,506,34406400,0.0003,0.13867229361489686,0.36558430989583335,-1.3690633938771983,2790,0.2,-0.004048287868499756,-0.0021953471953232414,0.40571398,0.7608652859926224
68232,281,1521.9436,434.58,506,34529280,0.0003,0.12803407265023756,0.3653263346354167,-1.365366439986974,2800,0.2,0.03397265076637268,-0.0019534359218414464,0.3864947,0.7829755544662476
68482,282,1469.847,433.9,505,34652160,0.0003,0.14553961784472147,0.36699300130208334,-1.3910841638439646,2810,0.2,0.043353620916604996,-0.00314323976397039,0.36888182,0.7416965067386627
68733,283,1479.6692,424.24,505,34775040,0.0003,0.13217693947609707,0.37102132161458334,-1.3776222602309038,2820,0.2,0.05954120308160782,-0.0020572573490426293,0.41230962,0.7412034571170807
68982,284,1500.0342,431.38,505,34897920,0.0003,0.14804572465975072,0.36918782552083335,-1.4326129223126918,2830,0.2,-0.00752481073141098,-0.00177238197838354,0.509608,0.7535947412252426
69230,285,1389.0345,405.52,505,35020800,0.0003,0.12977996666440353,0.3664501953125,-1.4535217141763617,2840,0.2,0.025582265108823776,-0.0009905135408674445,0.38784143,0.7549099177122116
