time/fps,rollout/ep_len_mean,rollout/ep_rew_mean,time/iterations,time/total_timesteps,time/time_elapsed,train/value_loss,train/learning_rate,train/entropy_loss,train/clip_range,train/approx_kl,train/clip_fraction,train/loss,train/policy_gradient_loss,train/n_updates,train/explained_variance
5933,349.3333333333333,896.9067,1,122880,20,,,,,,,,,,
1074,423.4,1110.1049,2,245760,228,0.2249955023957106,0.0002,-0.5590089953799422,0.2,0.077223815,0.18422119140625,0.01624177396297455,-0.0036697732776762373,9280,0.5156192183494568
853,400.1333333333333,883.0862,3,368640,431,0.05344446819348377,0.0002,-0.5844553379233306,0.2,0.21629445,0.190703125,0.0002301931381225586,-0.0068138462356243205,9290,0.7922137230634689
772,389.0,996.4932,4,491520,635,0.05705112729308894,0.0002,-0.5909200695591669,0.2,0.06941231,0.18421956380208335,0.00935886986553669,-0.006652858665453702,9300,0.8562879860401154
730,375.53333333333336,1004.4479,5,614400,840,0.07557474750467615,0.0002,-0.5869429392879829,0.2,0.06750868,0.184755859375,0.03458959236741066,-0.0064986782839696385,9310,0.8514091819524765
705,421.2,993.5732,6,737280,1045,0.05418769021120776,0.0002,-0.6019097894104197,0.2,0.07106133,0.18712890625,0.05446472018957138,-0.007505334843293288,9320,0.8568965643644333
687,382.53333333333336,1002.7602,7,860160,1250,0.07150647034509651,0.0002,-0.6170373987406492,0.2,0.076190904,0.19715494791666666,0.02855154499411583,-0.007140465611961797,9330,0.8643049150705338
676,374.0,969.68176,8,983040,1454,0.058690584196592684,0.0002,-0.6084081436973066,0.2,0.07284288,0.19383544921875,-0.003491843119263649,-0.00852707684382646,9340,0.8763156086206436
666,402.2,1038.4368,9,1105920,1658,0.06667391509967274,0.0002,-0.609560308107175,0.2,0.078476764,0.19426920572916667,0.017446668818593025,-0.007267898269168048,9350,0.8318634331226349
659,391.8666666666667,1101.1653,10,1228800,1861,0.06508586315215022,0.0002,-0.6138778375042603,0.2,0.08504994,0.19922119140625,0.07139222323894501,-0.008310359698668132,9360,0.8385894745588303
654,409.1333333333333,1083.4165,11,1351680,2065,0.06936757249975926,0.0002,-0.6299683780952667,0.2,0.079274766,0.19875813802083334,0.010358382016420364,-0.008294248327656533,9370,0.8848575949668884
649,410.3333333333333,1114.5577,12,1474560,2270,0.07851777522882912,0.0002,-0.6172290826309472,0.2,0.083196685,0.19806477864583333,0.022162122651934624,-0.007129387350159959,9380,0.8359420448541641
646,392.2,1104.171,13,1597440,2471,0.06339564318957855,0.0002,-0.6270110423117876,0.2,0.07629748,0.19951904296875,-0.009415172040462494,-0.008616073627787652,9390,0.8658252209424973
643,368.06666666666666,1084.8478,14,1720320,2675,0.06553886149680087,0.0002,-0.6268762244284153,0.2,0.080761075,0.20430338541666668,0.011858100071549416,-0.008389434542259551,9400,0.8660793304443359
640,403.1333333333333,1081.4773,15,1843200,2877,0.09541471090177463,0.0002,-0.6374078793637454,0.2,0.08067267,0.20343587239583333,0.039201341569423676,-0.007365257415425125,9410,0.7950541526079178
638,402.8666666666667,1107.6213,16,1966080,3081,0.0614492652870346,0.0002,-0.6423415657117342,0.2,0.08548765,0.20457194010416666,-0.026309248059988022,-0.006360066760231954,9420,0.8547210246324539
635,387.26666666666665,1174.0404,17,2088960,3285,0.08732051957107614,0.0002,-0.6421905545331538,0.2,0.09913035,0.20537679036458334,-0.0007251910865306854,-0.007852713486227004,9430,0.8495633006095886
634,420.3333333333333,1303.07,18,2211840,3487,0.07118655659651267,0.0002,-0.6395591686526313,0.2,0.0856096,0.2041455078125,0.014554593712091446,-0.007919055536888967,9440,0.8486500233411789
632,377.46666666666664,1152.0835,19,2334720,3691,0.06126576930522181,0.0002,-0.6391835418607419,0.2,0.0870342,0.20674072265625,-0.009169114753603935,-0.007931354267272279,9450,0.8443029224872589
631,404.46666666666664,1210.541,20,2457600,3893,0.07082006486093936,0.0002,-0.6234142890603592,0.2,0.18177655,0.20385009765625,-0.015115735121071339,-0.007807996374267532,9460,0.8419140577316284
629,422.2,1298.3167,21,2580480,4096,0.07182463204337788,0.0002,-0.624199255577599,0.2,0.08171589,0.205322265625,0.00411439873278141,-0.007846565136163311,9470,0.8482684046030045
628,419.06666666666666,1305.1023,22,2703360,4300,0.06216416636641952,0.0002,-0.6367814186153312,0.2,0.0822159,0.20490559895833332,0.040444210171699524,-0.008436665235415907,9480,0.870819091796875
627,394.73333333333335,1214.5122,23,2826240,4506,0.06575459620789237,0.0002,-0.6447585435879106,0.2,0.08136444,0.21035237630208334,-0.00571052823215723,-0.007731436433453685,9490,0.8465212732553482
626,441.8,1358.447,24,2949120,4710,0.0758159582138372,0.0002,-0.6277053728916993,0.2,0.08881419,0.21319173177083334,-0.0016302652657032013,-0.008182534066402998,9500,0.8443533182144165
625,375.73333333333335,1165.8656,25,3072000,4914,0.06215157756344221,0.0002,-0.6387598516015957,0.2,0.08786299,0.21009440104166666,0.017337054014205933,-0.008869493066292004,9510,0.8768880143761635
624,423.06666666666666,1342.8938,26,3194880,5118,0.0671844973070741,0.0002,-0.6338624273069824,0.2,0.08710931,0.21061197916666666,-0.0118293147534132,-0.00769271644669061,9520,0.827729344367981
623,414.53333333333336,1346.3248,27,3317760,5323,0.07740944275617949,0.0002,-0.6311597798252478,0.2,0.089575514,0.20986165364583334,0.011779677122831345,-0.007695377763781532,9530,0.860596314072609
622,425.4,1353.5697,28,3440640,5525,0.07411109123640927,0.0002,-0.6335633423489829,0.2,0.08472457,0.21397705078125,-0.0020039603114128113,-0.00766046378340737,9540,0.8391576409339905
621,427.8,1329.2283,29,3563520,5730,0.2647821362253065,0.0002,-0.6370914493780583,0.2,0.086800985,0.21185953776041666,-0.00996614620089531,-0.007900827134296075,9550,0.3877716660499573
621,410.0,1308.0286,30,3686400,5932,0.07875916982986382,0.0002,-0.6432119729292268,0.2,0.08719909,0.2151904296875,-0.029758082702755928,-0.007900427140636263,9560,0.8315403610467911
620,424.73333333333335,1420.433,31,3809280,6134,0.07643374317330502,0.0002,-0.6462162131133179,0.2,0.09258833,0.21304524739583333,-0.01345003955066204,-0.007886409404751854,9570,0.8482135087251663
620,424.6,1389.5637,32,3932160,6336,0.05945513259692234,0.0002,-0.6434324849691863,0.2,0.08733503,0.21254964192708334,0.10345159471035004,-0.008235454882051272,9580,0.8476362079381943
620,429.0,1437.3622,33,4055040,6539,0.07676807050253652,0.0002,-0.6425285746529699,0.2,0.092456505,0.2179248046875,0.10606392472982407,-0.007229148999043294,9590,0.8660763949155807
619,373.26666666666665,1245.7866,34,4177920,6744,0.07300800916496276,0.0002,-0.6505392847582698,0.2,0.0890704,0.21762369791666666,-0.00882142037153244,-0.007952631599970724,9600,0.8595709651708603
618,410.46666666666664,1432.0273,35,4300800,6948,0.0726399851583119,0.0002,-0.6495694728350888,0.2,0.0847983,0.214423828125,-0.0017622560262680054,-0.007790705283744804,9610,0.8766518533229828
618,439.1333333333333,1480.6594,36,4423680,7152,0.06716838333809089,0.0002,-0.6489211944428583,0.2,0.084973805,0.21479736328125,-0.0017482824623584747,-0.0077416491043732095,9620,0.8747591525316238
617,408.2,1432.2893,37,4546560,7358,0.08237748215857815,0.0002,-0.6467351262535279,0.2,0.094161555,0.22060139973958334,0.04347265139222145,-0.006650213722641638,9630,0.8365908265113831
617,384.4,1363.099,38,4669440,7562,0.0671373303902025,0.0002,-0.6393051028329259,0.2,0.095889345,0.21717447916666666,0.007076818495988846,-0.007287681961873508,9640,0.8425131589174271
616,416.06666666666666,1419.1945,39,4792320,7768,0.0802998127589429,0.0002,-0.643259938081416,0.2,0.09000028,0.22038492838541668,0.048628225922584534,-0.005225345930988018,9650,0.8504196554422379
616,428.1333333333333,1422.4479,40,4915200,7971,0.07862923525821922,0.0002,-0.6462799534900114,0.2,0.096081495,0.2185009765625,0.022378448396921158,-0.007417826023299009,9660,0.8700847923755646
616,450.0,1549.4304,41,5038080,8176,0.07578726662070645,0.0002,-0.6512834877831241,0.2,0.088423364,0.21984537760416667,0.01271197572350502,-0.007592153531989728,9670,0.8578448593616486
615,387.06666666666666,1369.1271,42,5160960,8380,0.08095650449788082,0.0002,-0.6487277351785451,0.2,0.09438643,0.22061197916666667,0.019861716777086258,-0.007775495188137332,9680,0.8558748513460159
615,423.2,1460.8788,43,5283840,8585,0.0684580456057544,0.0002,-0.6455675848620013,0.2,0.100505546,0.21933837890625,-0.0022889450192451477,-0.007934566007297689,9690,0.8729755580425262
615,430.3333333333333,1487.1392,44,5406720,8787,0.06325170757894133,0.0002,-0.6511035996349528,0.2,0.09839838,0.22119303385416667,0.0598461776971817,-0.008081471135398411,9700,0.8946187347173691
614,432.8666666666667,1517.2576,45,5529600,8993,0.0666790293965217,0.0002,-0.6463849992413695,0.2,0.092458755,0.22078450520833334,-0.002800252288579941,-0.008126058050341575,9710,0.8674441128969193
614,390.6666666666667,1412.7993,46,5652480,9196,0.07665123736534345,0.0002,-0.6473231921376039,0.2,0.08934111,0.22358642578125,-0.0021148864179849625,-0.006821249295583887,9720,0.8399976044893265
614,378.8666666666667,1370.5508,47,5775360,9402,0.0788044562357633,0.0002,-0.6471225530002266,0.2,0.09538662,0.22308919270833333,0.023389112204313278,-0.006830795550467883,9730,0.8782379552721977
614,374.6,1332.7014,48,5898240,9606,0.07429467463351709,0.0002,-0.6535062086504574,0.2,0.090173535,0.22351969401041666,0.011750366538763046,-0.006824519336790521,9740,0.874494656920433
613,432.0,1534.9762,49,6021120,9808,0.0788486102662379,0.0002,-0.6480648839380592,0.2,0.09110001,0.22242350260416666,0.022323977202177048,-0.007261714802013254,9750,0.8759666532278061
613,417.2,1521.4487,50,6144000,10011,0.07840116671660023,0.0002,-0.6648860037419945,0.2,0.09184947,0.22192789713541666,-0.00436168909072876,-0.006346113533818425,9760,0.8027692437171936
613,392.26666666666665,1411.6036,51,6266880,10216,0.07232016463914381,0.0002,-0.6566397855368753,0.2,0.09184926,0.21958821614583332,-0.010989509522914886,-0.007159856734700346,9770,0.853009819984436
613,427.1333333333333,1548.9523,52,6389760,10419,0.06585905489948346,0.0002,-0.65526866616526,0.2,0.09159512,0.22246744791666667,0.01606270670890808,-0.006854606898098912,9780,0.8614203184843063
613,400.0,1417.6914,53,6512640,10622,0.07191642938511601,0.0002,-0.6613660473298902,0.2,0.09117829,0.22428792317708332,0.02375955693423748,-0.006709624320392322,9790,0.8270872533321381
612,409.8666666666667,1466.4504,54,6635520,10825,0.06706121872678826,0.0002,-0.6613360679196194,0.2,0.09102586,0.22268391927083334,-0.008196014910936356,-0.006913624022145086,9800,0.8610294908285141
612,364.73333333333335,1338.8676,55,6758400,11028,0.0639917179482048,0.0002,-0.6694527092917512,0.2,0.09354495,0.22420817057291667,-0.006754383444786072,-0.0069184366166518884,9810,0.8850574344396591
612,367.6666666666667,1323.6438,56,6881280,11231,0.06971086091492908,0.0002,-0.6651893540502837,0.2,0.08661738,0.22298583984375,-0.0020545199513435364,-0.0066538799541316015,9820,0.883787140250206
612,420.46666666666664,1511.2722,57,7004160,11433,0.08336762148239359,0.0002,-0.6776704095086704,0.2,0.091647506,0.22981770833333334,0.013674982823431492,-0.0072889909524140725,9830,0.8927578330039978
612,450.0,1591.9274,58,7127040,11636,0.06692405612171569,0.0002,-0.6657848541562756,0.2,0.089221016,0.22449137369791666,0.3117286264896393,-0.007067668523444202,9840,0.8859332278370857
612,388.8666666666667,1400.7997,59,7249920,11840,0.0613177851397874,0.0002,-0.6804690574466561,0.2,0.09304431,0.23025390625,0.020411789417266846,-0.007491854741789818,9850,0.8676970601081848
612,426.0,1511.1775,60,7372800,12046,0.08219724738553244,0.0002,-0.6648109818669036,0.2,0.09341126,0.22604166666666667,-0.028034010902047157,-0.007312582850421071,9860,0.8783998414874077
611,448.73333333333335,1650.8749,61,7495680,12250,0.06048402800811649,0.0002,-0.6813303960176805,0.2,0.09272285,0.22732584635416667,0.014805536717176437,-0.006933430558862407,9870,0.8708386570215225
611,375.26666666666665,1361.6012,62,7618560,12455,0.06277095595753053,0.0002,-0.6766485686413943,0.2,0.09211262,0.2285400390625,0.002288319170475006,-0.007994135007265868,9880,0.8636053502559662
611,437.8666666666667,1598.746,63,7741440,12658,0.06454489010781496,0.0002,-0.6709167063748463,0.2,0.09169866,0.22354817708333333,-0.006268460303544998,-0.006822641562381856,9890,0.8711598813533783
611,352.4,1325.4048,64,7864320,12864,0.0638812287441154,0.0002,-0.6795484001422301,0.2,0.0932499,0.22855224609375,0.000165536068379879,-0.006985070807550073,9900,0.8645068556070328
611,419.4,1547.087,65,7987200,13070,0.08200068879222575,0.0002,-0.6872690529205526,0.2,0.09217633,0.22981201171875,-0.0036374200135469437,-0.006894747802198254,9910,0.8290290087461472
610,324.46666666666664,1222.1827,66,8110080,13275,0.07324697425288226,0.0002,-0.6718342189118266,0.2,0.10533387,0.22394775390625,-0.04206957668066025,-0.0069301116728335424,9920,0.9021455943584442
610,438.73333333333335,1642.3613,67,8232960,13481,0.09971451241881975,0.0002,-0.6837805668388803,0.2,0.10884582,0.22924641927083333,0.014533116482198238,-0.00606624113882693,9930,0.863659143447876
610,429.6666666666667,1557.8247,68,8355840,13684,0.07847258984222814,0.0002,-0.6751899073754127,0.2,0.09243805,0.22509765625,0.019014757126569748,-0.00687122468078087,9940,0.8293475210666656
610,346.4,1290.1699,69,8478720,13889,0.08079577068633323,0.0002,-0.670667042445081,0.2,0.090986006,0.2248388671875,-0.0038683749735355377,-0.005911868016197938,9950,0.8785508424043655
610,440.26666666666665,1618.3362,70,8601600,14095,0.0685684793194135,0.0002,-0.6773008425533772,0.2,0.09574597,0.22829020182291668,0.0020843129605054855,-0.0067544511188377026,9960,0.8783610463142395
610,395.8666666666667,1485.0969,71,8724480,14297,0.06730618802573493,0.0002,-0.6792518353291477,0.2,0.097165614,0.22954915364583334,0.015147415921092033,-0.007597818698013725,9970,0.8872148022055626
610,402.6666666666667,1495.3981,72,8847360,14498,0.0711192831431011,0.0002,-0.683757824144947,0.2,0.095521845,0.22876383463541666,0.010737603530287743,-0.007485125671767795,9980,0.893599346280098
609,388.06666666666666,1444.4781,73,8970240,14705,0.07408054055272563,0.0002,-0.6873514748318121,0.2,0.09258755,0.22754557291666666,0.020693590864539146,-0.006577948009047153,9990,0.8732276409864426
609,396.2,1507.6697,74,9093120,14908,0.07253347847048038,0.0002,-0.6765620141771311,0.2,0.088334,0.227294921875,0.03554036468267441,-0.0059924056203938866,10000,0.86959308385849
609,399.3333333333333,1484.8871,75,9216000,15115,0.06896083166594812,0.0002,-0.6932959203375504,0.2,0.090819255,0.23003255208333334,0.03606430068612099,-0.007132522510158499,10010,0.8514488339424133
608,422.06666666666666,1595.4215,76,9338880,15353,0.07381782418121778,0.0002,-0.7067407908538977,0.2,0.09425848,0.23080891927083333,0.027807733044028282,-0.006602027643924278,10020,0.8544753193855286
607,402.1333333333333,1513.4818,77,9461760,15565,0.07153476977803318,0.0002,-0.7029684877488762,0.2,0.08712485,0.22775553385416666,-0.015805277973413467,-0.006840494286482984,10030,0.8363918215036392
607,362.4,1405.9833,78,9584640,15769,0.06992766452417223,0.0002,-0.688518834648033,0.2,0.09384106,0.2283544921875,0.0008121039718389511,-0.006346703227306231,10040,0.8843010514974594
607,392.6,1550.4467,79,9707520,15974,0.08894891070507584,0.0002,-0.6893432906735688,0.2,0.094157025,0.22888427734375,-0.01000850647687912,-0.006346777981282988,10050,0.8685344904661179
607,402.4,1563.5603,80,9830400,16177,0.08900298084452515,0.0002,-0.6956936612911523,0.2,0.09219656,0.229638671875,0.03693348914384842,-0.005573165107844034,10060,0.8690079003572464
607,380.73333333333335,1447.2911,81,9953280,16378,0.13273379292952692,0.0002,-0.6935602899050961,0.2,0.09584107,0.23116861979166667,0.018138103187084198,-0.005645777579287217,10070,0.8620463311672211
607,396.2,1542.7965,82,10076160,16583,0.08130882794803862,0.0002,-0.6977355341318374,0.2,0.092022054,0.22936116536458334,-0.006410729140043259,-0.0062275764911040215,10080,0.8784448578953743
607,434.6666666666667,1648.6722,83,10199040,16789,0.06838663826415238,0.0002,-0.6991071103932336,0.2,0.094101824,0.23175944010416666,-0.004469620063900948,-0.006541800898921792,10090,0.8512735962867737
607,433.6666666666667,1662.6973,84,10321920,16993,0.062107360105898506,0.0002,-0.7051038282907879,0.2,0.08792062,0.22758707682291668,0.02078651636838913,-0.006241064073255984,10100,0.843708947300911
607,382.26666666666665,1485.7048,85,10444800,17197,0.06182245508610019,0.0002,-0.7101490671203161,0.2,0.0861383,0.22699625651041666,0.008344355970621109,-0.006579464772521533,10110,0.8490359336137772
607,447.46666666666664,1678.0686,86,10567680,17399,0.0790817640129535,0.0002,-0.7161858253957083,0.2,0.092237286,0.23127278645833332,0.02023547887802124,-0.005919925132569309,10120,0.8444074392318726
607,337.1333333333333,1306.5717,87,10690560,17601,0.07601986305657192,0.0002,-0.7130776568719497,0.2,0.09859594,0.23122477213541667,0.04028768837451935,-0.00639750979257163,10130,0.8684863448143005
607,411.93333333333334,1616.5714,88,10813440,17806,0.09621386293089017,0.0002,-0.7220769512389477,0.2,0.10329639,0.23725016276041666,-0.009592285379767418,-0.006165785607766642,10140,0.8509033173322678
607,437.2,1688.8939,89,10936320,18009,0.07637839518133357,0.0002,-0.7227456540769587,0.2,0.09431274,0.23279541015625,0.015939146280288696,-0.006459844125950743,10150,0.8913829922676086
607,414.2,1628.6604,90,11059200,18214,0.08819195050765605,0.0002,-0.7166665974088634,0.2,0.09477775,0.23114176432291667,0.014642584137618542,-0.006189795709912384,10160,0.8769471868872643
607,431.8,1675.9556,91,11182080,18417,0.0877959391849193,0.0002,-0.7141588068567216,0.2,0.09575498,0.23336507161458334,0.025648124516010284,-0.005552093087941709,10170,0.841880738735199
607,397.6,1530.3151,92,11304960,18622,0.07953963262106602,0.0002,-0.7150704419364532,0.2,0.0913128,0.23472574869791665,-0.011534644290804863,-0.0062834892872888305,10180,0.8674682676792145
606,349.06666666666666,1396.9445,93,11427840,18829,0.07546482013361432,0.0002,-0.7148185680822159,0.2,0.09320743,0.23058024088541668,0.01508032064884901,-0.007243683821961895,10190,0.8833093792200089
606,397.6666666666667,1543.8296,94,11550720,19036,0.09127898531873749,0.0002,-0.7060763547771299,0.2,0.08974584,0.23098876953125,-0.00413754116743803,-0.005773085328734548,10200,0.8606676757335663
605,367.6666666666667,1425.1036,95,11673600,19276,0.08918754457685281,0.0002,-0.7108501778698216,0.2,0.09095268,0.22865966796875,-0.011100240983068943,-0.005587443093057421,10210,0.8494730889797211
605,396.93333333333334,1528.3301,96,11796480,19482,0.09305808765517819,0.0002,-0.7018723822198808,0.2,0.095138066,0.23355875651041666,0.029967037960886955,-0.005308350843370136,10220,0.8619590699672699
605,408.06666666666666,1588.3865,97,11919360,19688,0.07732688740201411,0.0002,-0.7095059516715506,0.2,0.0925451,0.23131184895833334,0.05959919095039368,-0.006615747517771524,10230,0.8666242510080338
605,420.0,1615.6,98,12042240,19891,0.09095240895471458,0.0002,-0.6974576733618354,0.2,0.09632259,0.23307942708333335,0.009463999420404434,-0.00565027773270837,10240,0.8613522052764893
605,410.4,1615.0625,99,12165120,20098,0.09002048706422405,0.0002,-0.7003857167360062,0.2,0.1121387,0.23392252604166666,-0.003780599683523178,-0.005900754253325431,10250,0.8620177507400513
605,386.6,1530.1829,100,12288000,20302,0.08173752232512925,0.0002,-0.7043668726831674,0.2,0.09327836,0.23076904296875,0.05429857224225998,-0.005730138697357082,10260,0.8743383437395096
605,411.06666666666666,1617.6953,101,12410880,20507,0.07076635705651521,0.0002,-0.7062380956563478,0.2,0.08859868,0.2297119140625,0.023256132379174232,-0.006230542722281219,10270,0.864324614405632
605,428.4,1675.3438,102,12533760,20712,0.08499937080402258,0.0002,-0.7013797939894721,0.2,0.09052285,0.23277018229166666,0.015187905170023441,-0.005467775396367263,10280,0.872791662812233
605,406.0,1600.7124,103,12656640,20917,0.07264155825958975,0.0002,-0.7166817336389795,0.2,0.091830336,0.23225016276041666,0.029018040746450424,-0.005433929599791251,10290,0.8574690520763397
605,367.73333333333335,1457.1339,104,12779520,21119,0.07263752125940906,0.0002,-0.7246398845097671,0.2,0.0904588,0.23020263671875,0.018732689321041107,-0.006021218137484539,10300,0.8644860237836838
605,373.8666666666667,1478.9276,105,12902400,21325,0.08810481718159281,0.0002,-0.7188489917401846,0.2,0.09439591,0.23347574869791668,0.013099666684865952,-0.004959197810045832,10310,0.8988510146737099
604,374.6666666666667,1485.4445,106,13025280,21529,0.0888848265621588,0.0002,-0.7260149530352403,0.2,0.08950437,0.231455078125,0.015565551817417145,-0.006364343295275224,10320,0.8843270018696785
604,408.46666666666664,1581.7329,107,13148160,21735,0.09457835462274185,0.0002,-0.7124791760308047,0.2,0.09670585,0.23232096354166668,0.039396733045578,-0.0051684071060238545,10330,0.8927279338240623
604,427.4,1641.2743,108,13271040,21938,1.9324167242166974,0.0002,-0.7112510308995843,0.2,0.091863506,0.22843343098958332,0.05045713856816292,-0.005127303984463652,10340,-0.8151954412460327
604,449.3333333333333,1731.598,109,13393920,22141,0.0842842985617123,0.0002,-0.7247953591573363,0.2,0.100663766,0.23539794921875,0.02658522129058838,-0.004644317698409092,10350,0.8314603418111801
604,423.8666666666667,1745.2557,110,13516800,22346,0.07852199296151714,0.0002,-0.7307451789717501,0.2,0.10172174,0.24085367838541666,0.005199529230594635,-0.005154339920924637,10360,0.8622990250587463
604,424.53333333333336,1686.914,111,13639680,22551,0.08854133255546913,0.0002,-0.7210237286395083,0.2,0.09244592,0.23217936197916667,0.028639134019613266,-0.004563262598752165,10370,0.8584508299827576
604,391.3333333333333,1558.5377,112,13762560,22758,0.09466952163022749,0.0002,-0.7270640560984611,0.2,0.090592355,0.23287272135416667,0.0026851780712604523,-0.005544123827451889,10380,0.8042635470628738
604,386.73333333333335,1518.8563,113,13885440,22962,0.08089427826826674,0.0002,-0.7316871137963608,0.2,0.09184514,0.23353841145833334,0.0031466707587242126,-0.005766843855371917,10390,0.8584289848804474
604,387.1333333333333,1548.7805,114,14008320,23169,0.10145496176643064,0.0002,-0.7382463947714617,0.2,0.1094965,0.23798665364583332,0.030981745570898056,-0.005882889446723614,10400,0.8362778425216675
604,385.8,1535.3601,115,14131200,23376,0.10587097742803356,0.0002,-0.7326555769580106,0.2,0.10883131,0.23743408203125,0.009988587349653244,-0.005126282081710088,10410,0.8634763658046722
604,417.6,1712.017,116,14254080,23582,0.08610238912786979,0.0002,-0.735190434261846,0.2,0.08805494,0.23275716145833333,0.03264038264751434,-0.0051371075617801885,10420,0.8604275584220886
604,386.2,1536.3456,117,14376960,23787,0.08449176847158621,0.0002,-0.7400657680847993,0.2,0.08907398,0.23119791666666667,0.012497128918766975,-0.005011069748576726,10430,0.884095586836338
604,402.93333333333334,1657.6016,118,14499840,23994,0.07900979274779578,0.0002,-0.7526236098399386,0.2,0.08593241,0.23404215494791666,-0.008266419172286987,-0.005931731836990366,10440,0.8845464363694191
604,388.06666666666666,1560.8593,119,14622720,24201,0.09257696333375255,0.0002,-0.7512767798065518,0.2,0.08892895,0.23593668619791666,0.090007483959198,-0.004632236709288312,10450,0.8536327630281448
604,377.3333333333333,1541.9409,120,14745600,24405,0.10406496705043537,0.0002,-0.7475711439767232,0.2,0.09979682,0.23760498046875,0.012611787766218185,-0.005192888356641561,10460,0.871751993894577
604,381.26666666666665,1533.7689,121,14868480,24610,0.10198241558352795,0.0002,-0.7489988109174495,0.2,0.09881837,0.23645914713541666,-0.016876084730029106,-0.0055538598846214884,10470,0.8804937675595284
604,405.53333333333336,1633.232,122,14991360,24816,0.09336723929280803,0.0002,-0.7503780349654456,0.2,0.09045338,0.23512776692708334,0.005349062383174896,-0.0060304836498835356,10480,0.8757756501436234
604,386.93333333333334,1582.6882,123,15114240,25020,0.07792708722661094,0.0002,-0.7436311133888861,0.2,0.09098639,0.23500244140625,0.06615940481424332,-0.005423483577105799,10490,0.8746892511844635
603,431.73333333333335,1761.174,124,15237120,25227,0.09521931321306813,0.0002,-0.7466091509039203,0.2,0.08897483,0.23795328776041666,0.03172658756375313,-0.005830484540583711,10500,0.8588035255670547
603,371.53333333333336,1524.0126,125,15360000,25431,0.07558888702789167,0.0002,-0.7427738776089002,0.2,0.08895818,0.23285807291666666,0.013049371540546417,-0.00543832980691756,10510,0.8735967427492142
603,378.46666666666664,1512.3075,126,15482880,25634,0.10686868665832056,0.0002,-0.7457295936904847,0.2,0.0940416,0.23741861979166667,0.0077377185225486755,-0.004907633730266146,10520,0.7822331488132477
603,384.2,1583.1486,127,15605760,25841,0.0840200904761635,0.0002,-0.7378263894390936,0.2,0.09501613,0.23545084635416666,0.03501373901963234,-0.005463192319330119,10530,0.8965205252170563
603,353.6,1426.5087,128,15728640,26055,0.08432415001593957,0.0002,-0.7507774731051177,0.2,0.09229824,0.23670817057291665,0.02887577749788761,-0.005554904416476348,10540,0.868648111820221
603,409.93333333333334,1657.8468,129,15851520,26258,0.08392710478103255,0.0002,-0.7463427305563043,0.2,0.10267304,0.23571614583333333,0.05951423943042755,-0.005962279113009572,10550,0.8885909914970398
603,409.06666666666666,1724.8538,130,15974400,26460,0.09149578096073431,0.0002,-0.7341628554308166,0.2,0.09140342,0.23597086588541666,0.004475796595215797,-0.005338469970611186,10560,0.8332768380641937
602,383.1333333333333,1541.7399,131,16097280,26699,0.08409888138252426,0.0002,-0.7462692573061213,0.2,0.09196422,0.23595865885416667,0.0039724018424749374,-0.005183146435241118,10570,0.8756916746497154
602,384.06666666666666,1533.0432,132,16220160,26901,0.09210737878391229,0.0002,-0.7538006553736826,0.2,0.084441684,0.23368326822916666,-0.0034516658633947372,-0.00473563584289271,10580,0.8582325577735901
602,384.46666666666664,1588.9299,133,16343040,27103,0.10006357851772918,0.0002,-0.7428622862696648,0.2,0.08949124,0.23653645833333334,0.061841268092393875,-0.0052225123243624695,10590,0.8553894311189651
602,414.3333333333333,1654.0691,134,16465920,27320,0.08336122909895494,0.0002,-0.7342200487634788,0.2,0.091066815,0.23435221354166666,-0.0005539171397686005,-0.004193724082476062,10600,0.8635227084159851
602,401.6,1642.7511,135,16588800,27523,0.1187096741258089,0.0002,-0.7275070533420269,0.2,0.09418266,0.23723470052083334,0.20235294103622437,-0.004441325748751599,10610,0.8156998008489609
602,450.0,1859.2238,136,16711680,27730,0.08053051734634209,0.0002,-0.7364218766211221,0.2,0.07993822,0.23166829427083332,0.0036093825474381447,-0.003799585698188821,10620,0.8725748956203461
602,363.73333333333335,1502.6066,137,16834560,27936,0.08612912090946338,0.0002,-0.7309014742138485,0.2,0.08312117,0.23061767578125,-0.006368046626448631,-0.004874235415354633,10630,0.8526144623756409
602,373.1333333333333,1513.9546,138,16957440,28143,0.11082321693359215,0.0002,-0.7367138846451416,0.2,0.08525642,0.23475260416666666,0.0187637098133564,-0.0040490973615366485,10640,0.847492516040802
601,391.4,1593.6364,139,17080320,28382,0.09798946449972087,0.0002,-0.7353509264765308,0.2,0.088103384,0.23739339192708334,0.03780422359704971,-0.0052322371761298805,10650,0.8432981669902802
601,384.93333333333334,1552.5837,140,17203200,28588,0.08975508915216779,0.0002,-0.7368934022511046,0.2,0.08947893,0.23847330729166666,0.00486108660697937,-0.004740637891800361,10660,0.8471980094909668
601,423.53333333333336,1773.7556,141,17326080,28792,0.09700030636600179,0.0002,-0.7435282921449592,0.2,0.08217813,0.2338037109375,0.027461647987365723,-0.0052893938950001025,10670,0.8600135296583176
601,370.06666666666666,1540.6779,142,17448960,29008,0.10045752985048845,0.0002,-0.73477388796707,0.2,0.085910544,0.23486490885416667,-0.03577297925949097,-0.0038282670359270315,10680,0.8452336639165878
601,394.2,1609.8928,143,17571840,29220,0.8496635289026017,0.0002,-0.7398574522556737,0.2,0.08463944,0.23445556640625,0.0641212984919548,-0.0031998054426003366,10690,-0.004846453666687012
601,402.46666666666664,1652.7129,144,17694720,29426,0.0852488307666014,0.0002,-0.7411564717472842,0.2,0.09146878,0.23648681640625,0.03370041772723198,-0.004511336222931277,10700,0.8389364182949066
601,400.06666666666666,1567.6598,145,17817600,29632,0.08944179434688218,0.0002,-0.7382092485530302,0.2,0.08536827,0.23320393880208334,0.00624319352209568,-0.004813734836285827,10710,0.8470811992883682
601,398.2,1660.0455,146,17940480,29838,0.08274952362771729,0.0002,-0.7454895013182734,0.2,0.09394104,0.23899251302083332,0.04878445714712143,-0.0055214318111090205,10720,0.8741376101970673
601,400.1333333333333,1687.1244,147,18063360,30043,0.09158882072884202,0.0002,-0.7336931378766894,0.2,0.09157382,0.23455485026041667,0.043099578469991684,-0.005627646507030779,10730,0.8825606480240822
601,382.4,1560.0614,148,18186240,30246,0.12992143394544353,0.0002,-0.73328304630549,0.2,0.08573385,0.23830403645833334,0.0057279206812381744,-0.004055513052874934,10740,0.7047588527202606
601,367.8,1548.3059,149,18309120,30453,0.08701548624114366,0.0002,-0.7404041268738607,0.2,0.081180915,0.23436279296875,0.06648924946784973,-0.004734725328798959,10750,0.8759311884641647
601,364.46666666666664,1546.0957,150,18432000,30655,7.645178705261642,0.0002,-0.7447091346901531,0.2,0.08748873,0.23814290364583332,0.022862926125526428,-0.0034172508126296937,10760,-0.872819185256958
600,387.8666666666667,1598.6941,151,18554880,30886,0.15730181340753915,0.0002,-0.7349984082005298,0.2,0.092806354,0.24001546223958334,0.00019477680325508118,-0.003883250191302068,10770,0.6657370924949646
600,390.6,1570.453,152,18677760,31092,0.1184914400500808,0.0002,-0.7488156225439161,0.2,0.087834455,0.23740152994791666,0.006774855777621269,-0.00437842270241769,10780,0.8590289056301117
600,385.1333333333333,1616.8054,153,18800640,31299,0.09538444776640972,0.0002,-0.7521898096427322,0.2,0.08584045,0.235107421875,-0.03929024189710617,-0.004747940416133739,10790,0.8906359300017357
600,358.06666666666666,1431.3054,154,18923520,31503,0.09850515159661882,0.0002,-0.7549325475950415,0.2,0.08618066,0.23617594401041667,0.06801970303058624,-0.004667849977134514,10800,0.8898875564336777
600,349.46666666666664,1411.1488,155,19046400,31707,0.10023190107827153,0.0002,-0.7469992862393459,0.2,0.08622345,0.23592692057291667,0.06443896889686584,-0.00400397347945424,10810,0.9019845798611641
600,416.93333333333334,1708.5957,156,19169280,31910,13.349957889211947,0.0002,-0.7440226002270356,0.2,0.09328823,0.23767903645833333,-0.024417951703071594,-0.003236678475705048,10820,0.36585885286331177
600,391.8666666666667,1664.3538,157,19292160,32113,0.10791138858330669,0.0002,-0.7567283431130151,0.2,0.08849402,0.23675455729166667,0.014348775148391724,-0.005152873619035745,10830,0.8649326860904694
600,394.6666666666667,1663.5171,158,19415040,32315,0.09599289529578528,0.0002,-0.7508931106204788,0.2,0.08545293,0.23667887369791665,-0.015132347121834755,-0.004963419279338268,10840,0.8913198783993721
600,424.3333333333333,1768.2206,159,19537920,32520,0.12380323882340842,0.0002,-0.7467529934411868,0.2,0.08940147,0.23689290364583335,0.046763431280851364,-0.0037907876444872577,10850,0.8608285486698151
600,342.2,1419.5201,160,19660800,32726,0.09985232048197455,0.0002,-0.7562934629650165,0.2,0.08207932,0.23618408203125,-0.00045125000178813934,-0.004647395505674771,10860,0.8713572919368744
600,373.3333333333333,1561.4054,161,19783680,32931,0.5240042700226089,0.0002,-0.7559673345570143,0.2,0.09401508,0.23979736328125,0.015082847326993942,-0.004125391410331455,10870,0.2735944390296936
600,393.06666666666666,1652.1686,162,19906560,33134,0.10186067305170582,0.0002,-0.7635176611195008,0.2,0.089488015,0.23719563802083332,0.004259591922163963,-0.005338870220545383,10880,0.8786746263504028
600,413.46666666666664,1682.1364,163,20029440,33338,0.0997195096774279,0.0002,-0.763831377622361,0.2,0.08288443,0.232275390625,0.03638409078121185,-0.004963070840567525,10890,0.8799188509583473
600,373.93333333333334,1520.2361,164,20152320,33543,0.10115343415636743,0.0002,-0.7675668232205013,0.2,0.08259919,0.23532633463541666,0.01519575621932745,-0.005090911061064011,10900,0.8632214516401291
600,356.2,1505.9866,165,20275200,33747,0.10403360120544676,0.0002,-0.7613296422548592,0.2,0.078702025,0.232607421875,0.014347993768751621,-0.003677885648727776,10910,0.8607167899608612
600,332.0,1399.3923,166,20398080,33950,0.10143202085780406,0.0002,-0.7620152513869107,0.2,0.08211648,0.23347900390625,0.0023692697286605835,-0.004721355393558042,10920,0.8756762370467186
600,393.73333333333335,1593.5737,167,20520960,34153,0.09668258610220315,0.0002,-0.7738708672486245,0.2,0.08328348,0.23669921875,0.016319943591952324,-0.005331134926248827,10930,0.8704545497894287
600,339.8,1402.576,168,20643840,34356,0.12922871496819424,0.0002,-0.7782907600452502,0.2,0.08073816,0.23657145182291667,0.02234242483973503,-0.004281887577387049,10940,0.7843395471572876
600,411.2,1726.5502,169,20766720,34561,0.09835168036690448,0.0002,-0.779504895126447,0.2,0.07717128,0.23299723307291667,0.0015562642365694046,-0.0047774360318120065,10950,0.9031858891248703
600,362.53333333333336,1523.9293,170,20889600,34765,0.10694673076548497,0.0002,-0.7671449384155373,0.2,0.080754235,0.23412190755208334,0.002971254289150238,-0.004593248973172498,10960,0.8772750794887543
600,402.6,1679.6877,171,21012480,34971,0.14349715595836945,0.0002,-0.7708566962508485,0.2,0.082489006,0.23323893229166667,0.06777971237897873,-0.004428219694254949,10970,0.6591552793979645
600,373.8666666666667,1562.2224,172,21135360,35177,0.08781958291343471,0.0002,-0.7683482998919984,0.2,0.08510217,0.23517415364583333,0.03423863276839256,-0.005215140496942088,10980,0.897291287779808
600,411.93333333333334,1702.7988,173,21258240,35379,0.1088688732169976,0.0002,-0.7720525752163182,0.2,0.08817951,0.234619140625,-0.0036270879209041595,-0.004163975791325356,10990,0.8500406295061111
600,413.8666666666667,1722.2579,174,21381120,35583,0.11060856863216031,0.0002,-0.7781541902665049,0.2,0.081747666,0.23352701822916666,-0.02042286843061447,-0.004833647822433704,11000,0.8455821573734283
600,401.2,1656.0406,175,21504000,35789,0.09393209872786731,0.0002,-0.776240577812617,0.2,0.08158231,0.23341878255208334,0.012733107432723045,-0.0045789731700764,11010,0.856663778424263
600,369.46666666666664,1542.7487,176,21626880,35991,0.08940946866556866,0.0002,-0.7732867748088513,0.2,0.08293923,0.23228841145833334,-0.007117457687854767,-0.004598960842986344,11020,0.8767270445823669
600,431.6,1836.0144,177,21749760,36194,0.11630184007032464,0.0002,-0.7668803079643597,0.2,0.08659261,0.23442952473958334,0.040598634630441666,-0.005041207864930281,11030,0.8567951768636703
600,380.73333333333335,1540.5292,178,21872640,36397,0.11649850122829472,0.0002,-0.7724408753899237,0.2,0.07846657,0.2321142578125,0.02113610878586769,-0.005129316190365595,11040,0.8428121656179428
600,334.0,1392.6967,179,21995520,36603,0.08917078178817367,0.0002,-0.7784349905358007,0.2,0.0867819,0.2357666015625,0.05982808768749237,-0.004982718926415449,11050,0.873087927699089
600,388.53333333333336,1596.8007,180,22118400,36807,0.0897565133155634,0.0002,-0.7766060770365099,0.2,0.07736434,0.23351806640625,0.0033695362508296967,-0.005837690736570949,11060,0.859331339597702
600,353.4,1484.1464,181,22241280,37013,0.10336359882043325,0.0002,-0.7759849455052366,0.2,0.0814513,0.23488037109375,-0.005118062719702721,-0.005705655743728736,11070,0.8671715259552002
600,414.06666666666666,1666.5665,182,22364160,37216,0.23159064287494402,0.0002,-0.7766119588973621,0.2,0.081261955,0.23642740885416666,-0.0017108824104070663,-0.004582242073890181,11080,0.7642275393009186
600,380.53333333333336,1562.8892,183,22487040,37421,4.229461035367276,0.0002,-0.7719361140703161,0.2,0.089354865,0.23575846354166666,0.0378156453371048,-0.003986421294112006,11090,-0.6237822771072388
600,409.8,1729.462,184,22609920,37624,0.10428633375864592,0.0002,-0.7648675833797703,0.2,0.08473968,0.2364599609375,-0.006194965913891792,-0.005025430184144473,11100,0.8874184116721153
600,374.3333333333333,1511.0299,185,22732800,37834,0.14572834519965303,0.0002,-0.7817019281939914,0.2,0.07925821,0.23292724609375,-0.01406916230916977,-0.005892903047000194,11110,0.7572928667068481
600,384.53333333333336,1627.8815,186,22855680,38039,0.5257268874525228,0.0002,-0.7757144562744845,0.2,0.092551276,0.24042317708333333,0.05270269140601158,-0.005301802321755531,11120,0.0946165919303894
600,421.6,1718.5493,187,22978560,38239,8.96004365947311,0.0002,-0.7718144382288059,0.2,0.0826632,0.23611328125,0.0076462263241410255,-0.004060139313007009,11130,-0.4411410093307495
600,399.6666666666667,1630.9569,188,23101440,38441,0.09605360577588726,0.0002,-0.7756984776320557,0.2,0.08208325,0.2361572265625,0.012624111026525497,-0.005461174100892094,11140,0.8686201721429825
600,389.2,1611.7844,189,23224320,38646,0.10154051473383637,0.0002,-0.7728381720635419,0.2,0.08606268,0.23514241536458333,-0.005161453038454056,-0.005691188192531627,11150,0.8696969449520111
600,346.53333333333336,1430.0132,190,23347200,38847,0.12430913125062944,0.0002,-0.769794267071411,0.2,0.085066445,0.23788167317708334,0.028369400650262833,-0.005396093017504123,11160,0.8355997204780579
600,417.4,1695.0409,191,23470080,39052,0.10886842164642682,0.0002,-0.7788783241591106,0.2,0.07922322,0.2323779296875,0.026544662192463875,-0.005145017402555823,11170,0.8018780797719955
601,385.26666666666665,1593.0804,192,23592960,39255,0.09066102125618879,0.0002,-0.78296321650967,0.2,0.080699764,0.23391764322916667,0.03140048310160637,-0.0059031358408022545,11180,0.8932249173521996
601,348.93333333333334,1460.5062,193,23715840,39457,0.2571945106839606,0.0002,-0.7865654636205485,0.2,0.080096945,0.23570068359375,0.0163478571921587,-0.004208710475425808,11190,0.8496154844760895
601,368.8666666666667,1508.9637,194,23838720,39660,0.11691476896298506,0.0002,-0.7869213576956342,0.2,0.07948993,0.23258382161458332,0.019549787044525146,-0.0058655654757027754,11200,0.8619643151760101
601,309.6666666666667,1291.8796,195,23961600,39864,0.10154121159071414,0.0002,-0.7960337406521042,0.2,0.07522594,0.23181640625,0.02691979520022869,-0.004751051767501243,11210,0.8709914684295654
601,345.06666666666666,1437.5781,196,24084480,40065,0.12898360818823373,0.0002,-0.7978277371327083,0.2,0.08239594,0.23588704427083335,0.014543437398970127,-0.005531478909764094,11220,0.7468899488449097
601,432.93333333333334,1786.6307,197,24207360,40267,0.1119937281406601,0.0002,-0.7850418790771315,0.2,0.077898026,0.23463053385416666,0.03480692207813263,-0.005446893852016122,11230,0.8832025602459908
601,397.6,1635.4824,198,24330240,40472,0.10047781640697698,0.0002,-0.7945086047270645,0.2,0.07891626,0.23432861328125,0.02716626040637493,-0.005612312826536557,11240,0.8211954236030579
601,385.8666666666667,1644.576,199,24453120,40676,0.09554235500380552,0.0002,-0.7922278688320269,0.2,0.07691646,0.23189371744791668,0.02562551200389862,-0.006219687035190873,11250,0.8471600115299225
601,374.4,1535.8207,200,24576000,40883,0.09412099337239245,0.0002,-0.796434327053527,0.2,0.07747719,0.23064860026041667,0.023345232009887695,-0.006070841367109097,11260,0.8689228743314743
601,443.2,1850.6434,201,24698880,41090,0.112091427482034,0.0002,-0.7893196866692355,0.2,0.07931625,0.234794921875,0.14766141772270203,-0.006192069785126175,11270,0.8524893224239349
601,343.4,1467.5952,202,24821760,41294,0.11510068869533521,0.0002,-0.7816632907666887,0.2,0.084429115,0.23499837239583332,0.10387067496776581,-0.0052293073392320364,11280,0.8565386533737183
601,371.3333333333333,1557.2126,203,24944640,41500,0.08657803506321216,0.0002,-0.7783345000476887,0.2,0.07962945,0.2307275390625,-0.036931972950696945,-0.006375029688921737,11290,0.9000086560845375
601,384.1333333333333,1610.0281,204,25067520,41707,0.10445197538220478,0.0002,-0.7781537332044294,0.2,0.081305,0.23373046875,0.011437030509114265,-0.006335313164557496,11300,0.8606468439102173
601,392.6666666666667,1628.1451,205,25190400,41910,0.09904494802370513,0.0002,-0.7833118340310951,0.2,0.07966046,0.23358317057291667,0.011676909402012825,-0.004771831722215817,11310,0.8600160479545593
601,368.73333333333335,1568.971,206,25313280,42117,0.09371761233225698,0.0002,-0.7761857518212248,0.2,0.07969269,0.23016845703125,0.016500070691108704,-0.005526878404628709,11320,0.8810843974351883
601,400.6,1641.1698,207,25436160,42322,0.10451573111485535,0.0002,-0.7738280940769862,0.2,0.07638124,0.23308756510416667,0.059126511216163635,-0.005111399172844055,11330,0.8820635676383972
601,364.6666666666667,1540.502,208,25559040,42526,0.09101060089674623,0.0002,-0.7765984951456388,0.2,0.08386131,0.23285563151041666,0.005299046635627747,-0.005279401347045981,11340,0.897612638771534
601,382.8,1668.1998,209,25681920,42731,0.484853259982483,0.0002,-0.778381345992287,0.2,0.07599637,0.23221272786458333,0.024892017245292664,-0.0046611983822610155,11350,0.2184920310974121
601,391.2,1649.4078,210,25804800,42934,0.11497689718589148,0.0002,-0.7948404151201248,0.2,0.080641665,0.23825602213541666,0.0070833470672369,-0.004915327017485349,11360,0.8632948100566864
601,374.6,1614.8381,211,25927680,43138,0.08974367929544921,0.0002,-0.7897112071700394,0.2,0.07381431,0.23112386067708332,0.011293146759271622,-0.005354026858288611,11370,0.8859238922595978
600,404.0,1701.2556,212,26050560,43345,0.08864290493133012,0.0002,-0.7862223063906034,0.2,0.07817524,0.23230794270833333,0.039980653673410416,-0.0050529948965777295,11380,0.8829948902130127
600,424.8666666666667,1814.6919,213,26173440,43552,0.10600261549048204,0.0002,-0.7897515489968161,0.2,0.074724965,0.22783528645833334,0.03353463113307953,-0.0052947694733969305,11390,0.8659010231494904
600,383.26666666666665,1562.0968,214,26296320,43755,0.09823598939886627,0.0002,-0.7783081070861468,0.2,0.07848403,0.23047200520833333,-0.00742732360959053,-0.005551198049573334,11400,0.8566341549158096
601,419.93333333333334,1668.7126,215,26419200,43958,0.10323301569243389,0.0002,-0.7820588524670651,0.2,0.07769378,0.23204020182291665,-0.019023489207029343,-0.006311857812725066,11410,0.8857892081141472
600,408.26666666666665,1747.2279,216,26542080,44183,1.6917830214471905,0.0002,-0.7895413360837847,0.2,0.083508186,0.22990478515625,0.018499698489904404,-0.005014984471457259,11420,-0.5245215892791748
600,390.3333333333333,1581.0923,217,26664960,44387,0.14381565596040066,0.0002,-0.7860624788422137,0.2,0.080284,0.23196451822916667,0.0386824794113636,-0.0049808865779292924,11430,0.7721703499555588
600,393.8,1624.0454,218,26787840,44590,0.23349598546289296,0.0002,-0.7811695327454558,0.2,0.08492576,0.23217610677083333,0.07434319704771042,-0.00440957301131372,11440,0.17632144689559937
600,385.26666666666665,1632.8396,219,26910720,44794,1.0298417110611142,0.0002,-0.7864980106242001,0.2,0.080465525,0.23389078776041666,-0.0027239397168159485,-0.0052950610777831265,11450,0.5484524071216583
600,397.73333333333335,1581.9137,220,27033600,44994,0.1082421350115328,0.0002,-0.7696279229177162,0.2,0.08555045,0.23337239583333333,0.011951487511396408,-0.005092631181819343,11460,0.8919950425624847
600,345.2,1423.6124,221,27156480,45213,0.09512200857435042,0.0002,-0.7744106147283067,0.2,0.08049083,0.22893147786458334,0.07124868780374527,-0.005159560377984841,11470,0.88186464458704
600,380.53333333333336,1589.6661,222,27279360,45416,0.7412505954318719,0.0002,-0.7745824960960697,0.2,0.07970484,0.23309895833333333,0.0022834762930870056,-0.004740593743463251,11480,0.1451728343963623
600,391.06666666666666,1678.9283,223,27402240,45619,0.1906061131246194,0.0002,-0.777868020820121,0.2,0.08106076,0.23292399088541665,0.014153238385915756,-0.004321006342330899,11490,0.7603463977575302
600,399.73333333333335,1623.8212,224,27525120,45823,0.11123181080790043,0.0002,-0.7624706942588091,0.2,0.100429446,0.23059407552083333,-0.010525872930884361,-0.00524004964126713,11500,0.8708800822496414
600,400.53333333333336,1668.0013,225,27648000,46031,0.11579673286478889,0.0002,-0.7856852050311863,0.2,0.082468964,0.23642008463541667,0.011829184368252754,-0.004735104937644792,11510,0.8583393096923828
600,431.3333333333333,1793.4486,226,27770880,46234,0.0956806177837522,0.0002,-0.7796397623606026,0.2,0.08178965,0.23178629557291666,-0.004039395600557327,-0.005313928079519125,11520,0.8459552824497223
600,430.3333333333333,1795.9089,227,27893760,46438,0.11165287591240486,0.0002,-0.7797172580317905,0.2,0.08122644,0.23184651692708333,0.01697196066379547,-0.005609515636955015,11530,0.8483918458223343
600,401.6666666666667,1680.6842,228,28016640,46640,0.2135709771507148,0.0002,-0.7822556805113952,0.2,0.0821837,0.23195149739583334,-0.022825375199317932,-0.004687551803150806,11540,0.6570048928260803
600,364.6,1495.8613,229,28139520,46844,0.07949314568264526,0.0002,-0.7886639610646914,0.2,0.07553123,0.227255859375,0.02479572221636772,-0.005399512171497918,11550,0.8757628723978996
600,398.4,1688.4232,230,28262400,47051,0.09294741468892122,0.0002,-0.7856173574924469,0.2,0.07844157,0.23047770182291666,0.009428774937987328,-0.005877113402343639,11560,0.8690817505121231
600,380.6,1613.204,231,28385280,47256,0.10041133747149919,0.0002,-0.7782296794218322,0.2,0.07876796,0.22902018229166668,-0.022454585880041122,-0.0047977934115867055,11570,0.8825140818953514
600,375.93333333333334,1530.18,232,28508160,47462,0.12478879842024374,0.0002,-0.7742954181941847,0.2,0.079235874,0.23166341145833333,-0.00028354302048683167,-0.004977740999199037,11580,0.8470600843429565
600,371.8666666666667,1524.8633,233,28631040,47666,0.11168106652611944,0.0002,-0.7810335354600102,0.2,0.0767216,0.23041341145833333,-0.004069821909070015,-0.0049188637623168085,11590,0.8642292618751526
600,335.1333333333333,1462.6285,234,28753920,47885,0.12483935876080068,0.0002,-0.7762626560684294,0.2,0.08221291,0.23329752604166668,0.01695428043603897,-0.004608505012232248,11600,0.8640638589859009
600,385.4,1603.1917,235,28876800,48091,0.11430342321099791,0.0002,-0.7741603948393215,0.2,0.08325085,0.23131429036458334,0.01400342583656311,-0.004969989826349774,11610,0.8770011439919472
600,430.8666666666667,1861.998,236,28999680,48296,0.10654639115164173,0.0002,-0.7846263426976899,0.2,0.07881224,0.2327587890625,0.025661902502179146,-0.005225880141160814,11620,0.8807462528347969
600,349.4,1543.0812,237,29122560,48502,0.09807889835989045,0.0002,-0.7926748058075707,0.2,0.0777572,0.22950032552083333,0.0014482643455266953,-0.005593558325526829,11630,0.8914751186966896
600,367.1333333333333,1575.1102,238,29245440,48705,0.09872749025310137,0.0002,-0.7812356117709229,0.2,0.07838407,0.22818033854166667,0.038141168653964996,-0.00505122677980277,11640,0.9052301645278931
600,402.73333333333335,1731.7047,239,29368320,48917,0.09662701276819764,0.0002,-0.7786584365274757,0.2,0.0771612,0.22802327473958334,0.030638791620731354,-0.005551646089649391,11650,0.8822155892848969
600,372.26666666666665,1555.548,240,29491200,49123,0.09493599054214429,0.0002,-0.7934797594696283,0.2,0.078217454,0.22887044270833334,0.049815043807029724,-0.0054832497052969605,11660,0.8731708377599716
600,390.8666666666667,1590.58,241,29614080,49331,0.09540369354869957,0.0002,-0.79012934009855,0.2,0.07741346,0.23177164713541668,-0.009230069816112518,-0.00533875133471156,11670,0.8786954581737518
600,411.26666666666665,1744.8367,242,29736960,49536,0.12194005956402786,0.0002,-0.791316872506092,0.2,0.104134634,0.234580078125,0.020720187574625015,-0.004215524442406604,11680,0.8638520389795303
600,352.46666666666664,1520.8181,243,29859840,49743,0.09278809409889315,0.0002,-0.7876007870398462,0.2,0.08173303,0.23205729166666667,0.0034264251589775085,-0.004552364339494185,11690,0.8815131634473801
600,368.6666666666667,1601.8512,244,29982720,49947,0.09214075292101673,0.0002,-0.7945023057454577,0.2,0.08110111,0.23343343098958333,0.03620253503322601,-0.005117594022655491,11700,0.8947289809584618
600,373.73333333333335,1546.0565,245,30105600,50151,0.10735286180880697,0.0002,-0.7804942024126649,0.2,0.09757789,0.23087158203125,0.037477754056453705,-0.0043190695216950795,11710,0.892981544137001
600,398.73333333333335,1714.5475,246,30228480,50355,0.1111944563446741,0.0002,-0.7913484465982765,0.2,0.07901022,0.23270670572916666,0.007700476795434952,-0.00578562467884088,11720,0.8958810195326805
600,420.2,1784.2758,247,30351360,50563,0.11658255325174348,0.0002,-0.7791721475931506,0.2,0.07559673,0.229853515625,0.021931398659944534,-0.004858478670463834,11730,0.8862291425466537
600,364.26666666666665,1540.5746,248,30474240,50767,0.10765663467585303,0.0002,-0.7774363621572653,0.2,0.08700854,0.23260823567708333,0.03240291401743889,-0.00488935616984539,11740,0.849030613899231
600,414.46666666666664,1770.6664,249,30597120,50974,0.09949757269583642,0.0002,-0.7704859013389797,0.2,0.09844895,0.22975423177083334,0.038426414132118225,-0.0044622653954259775,11750,0.8836279585957527
600,393.6,1715.2394,250,30720000,51179,0.105499648207818,0.0002,-0.7686752935374777,0.2,0.09177416,0.22990641276041668,-0.0020083440467715263,-0.0046646041235726445,11760,0.8948663771152496
600,287.1333333333333,1243.1472,251,30842880,51385,0.1069277576225674,0.0002,-0.7661957758587474,0.2,0.077639185,0.22740152994791665,0.05118667706847191,-0.0049151411030531255,11770,0.8990624845027924
600,366.4,1591.6832,252,30965760,51591,0.16850803423444935,0.0002,-0.7608701781493922,0.2,0.07734353,0.22549397786458333,0.03646058961749077,-0.004263877619177947,11780,0.8004700541496277
600,366.06666666666666,1595.6011,253,31088640,51798,0.10186742712826041,0.0002,-0.7626454054952289,0.2,0.07121016,0.22262369791666667,0.014087997376918793,-0.004200752157648821,11790,0.8889443352818489
600,350.26666666666665,1469.3785,254,31211520,52005,0.10676821652426345,0.0002,-0.758917905370084,0.2,0.07659537,0.22570231119791667,0.04878617823123932,-0.005127409655327332,11800,0.8877062872052193
600,372.46666666666664,1583.9498,255,31334400,52209,0.09768150763067145,0.0002,-0.7428934102660666,0.2,0.08404182,0.225400390625,0.08214094489812851,-0.005090342159558834,11810,0.8890556022524834
600,360.0,1518.2484,256,31457280,52414,0.10558661943432526,0.0002,-0.7442718811628098,0.2,0.07771195,0.22540445963541667,0.05792155861854553,-0.004394722616986352,11820,0.8993863090872765
600,388.53333333333336,1667.6335,257,31580160,52617,0.10414615418138662,0.0002,-0.7457852492388338,0.2,0.0768935,0.22373942057291665,0.02753417193889618,-0.004120539968732071,11830,0.89952552318573
600,361.2,1507.7747,258,31703040,52825,0.1142126875485701,0.0002,-0.7544065087443839,0.2,0.07519885,0.22566975911458334,0.008843839168548584,-0.004516245622289717,11840,0.8824650421738625
600,391.0,1641.2357,259,31825920,53033,0.10461146622090989,0.0002,-0.7508691820595413,0.2,0.07504053,0.22263102213541666,0.7695501446723938,-0.0044962417554415875,11850,0.8875357583165169
600,365.6666666666667,1619.8297,260,31948800,53237,0.08767764861438385,0.0002,-0.7563047503773123,0.2,0.07959571,0.22389078776041665,0.00296793133020401,-0.0043414320429019425,11860,0.9112314060330391
600,360.06666666666666,1576.131,261,32071680,53445,0.09767080993818429,0.0002,-0.7517986989828448,0.2,0.0739344,0.22083821614583332,0.004948453977704048,-0.004247953030511174,11870,0.8965761885046959
600,373.26666666666665,1626.4956,262,32194560,53654,0.09336377726339075,0.0002,-0.7543196530609081,0.2,0.07529804,0.22496256510416668,-0.0005473624914884567,-0.0041876841765527695,11880,0.8938709646463394
600,413.93333333333334,1790.8508,263,32317440,53859,0.08917667758685033,0.0002,-0.7445754170371219,0.2,0.07704122,0.22033040364583334,-0.013229276053607464,-0.004590818209259548,11890,0.9011886417865753
600,400.73333333333335,1760.3396,264,32440320,54063,0.11284331056041992,0.0002,-0.7461477976587291,0.2,0.07637926,0.2216943359375,0.0318889394402504,-0.005067805355414142,11900,0.9043391942977905
600,389.6666666666667,1642.5701,265,32563200,54270,0.09274100480785516,0.0002,-0.7398585659281041,0.2,0.076476425,0.22421468098958333,0.05342910438776016,-0.004553437920543122,11910,0.8930031582713127
600,400.53333333333336,1697.7919,266,32686080,54475,0.10726383460671059,0.0002,-0.7410380440267423,0.2,0.07948867,0.22496175130208335,-0.024847647175192833,-0.004262906032599858,11920,0.8923177719116211
600,364.73333333333335,1585.7104,267,32808960,54680,0.09919154821366344,0.0002,-0.7484859265930329,0.2,0.077024676,0.22557210286458335,0.0197082981467247,-0.002398347265643679,11930,0.8906944170594215
599,386.1333333333333,1708.2238,268,32931840,54886,0.1006931055051003,0.0002,-0.7499069609244664,0.2,0.07424917,0.22739501953125,0.018662104383111,-0.003698120775798088,11940,0.8936602622270584
599,342.4,1518.1666,269,33054720,55094,0.09801647178692899,0.0002,-0.7542976438843956,0.2,0.08074987,0.22981201171875,0.04855182766914368,-0.005069600425422323,11950,0.8892601728439331
599,395.46666666666664,1730.2555,270,33177600,55299,0.11706645857959908,0.0002,-0.7682125671238949,0.2,0.07675342,0.22688395182291668,0.019241388887166977,-0.004071323316696483,11960,0.8734315484762192
599,354.8666666666667,1505.6957,271,33300480,55506,0.09765531710121043,0.0002,-0.7627105388728281,0.2,0.07772691,0.23011393229166666,-0.011109622195363045,-0.004244199859422224,11970,0.8985306397080421
599,393.53333333333336,1697.1156,272,33423360,55713,0.12309673863618324,0.0002,-0.7645552217743049,0.2,0.0759823,0.23101236979166667,-0.010989747941493988,-0.004963247338952594,11980,0.8593140095472336
599,378.8666666666667,1672.0759,273,33546240,55920,0.09083674648175172,0.0002,-0.7578344546724111,0.2,0.075996995,0.22376871744791665,0.029003087431192398,-0.005342702305106286,11990,0.8727646172046661
599,378.73333333333335,1624.7645,274,33669120,56128,0.0932059838384157,0.0002,-0.7546149533909435,0.2,0.07537777,0.22489095052083333,-0.0041411276906728745,-0.004196458480752578,12000,0.8878219127655029
599,398.0,1726.2095,275,33792000,56332,0.08613530568463224,0.0002,-0.7551004808830718,0.2,0.0767635,0.22173258463541667,0.019857782870531082,-0.004371782312418872,12010,0.8829945176839828
599,387.3333333333333,1615.3064,276,33914880,56538,0.09208593342099144,0.0002,-0.7578828876651823,0.2,0.07495179,0.2218701171875,-0.0117490254342556,-0.005080021009016491,12020,0.9064314737915993
599,416.1333333333333,1849.7258,277,34037760,56743,0.09860601414329721,0.0002,-0.7617593867937102,0.2,0.08042106,0.227568359375,0.1027127131819725,-0.002917839546917094,12030,0.8865645080804825
599,413.1333333333333,1716.0402,278,34160640,56952,0.2278999577932215,0.0002,-0.7595661268228044,0.2,0.080644466,0.22852701822916666,6.509977340698242,-0.003919151720140993,12040,0.08621835708618164
599,401.6,1775.5569,279,34283520,57158,0.08112775514452854,0.0002,-0.7615154565451667,0.2,0.074283294,0.22383138020833335,-0.010591475293040276,-0.0049280175534174,12050,0.8991563841700554
599,404.4,1759.0723,280,34406400,57364,0.09308298390208317,0.0002,-0.7663994648928444,0.2,0.08117153,0.22759928385416667,0.018805701285600662,-0.004777964887828906,12060,0.894860029220581
599,399.1333333333333,1728.1119,281,34529280,57571,0.0764426873359965,0.0002,-0.763847570894286,0.2,0.079615556,0.22471761067708335,0.07386679947376251,-0.004904621859398806,12070,0.8921550437808037
599,355.8666666666667,1539.2736,282,34652160,57775,0.6289859434889028,0.0002,-0.7752755060015867,0.2,0.084802635,0.22678466796875,0.03271985426545143,-0.004237354321503517,12080,0.3924655318260193
599,406.2,1738.0015,283,34775040,57979,0.09006963743949503,0.0002,-0.7690858589919904,0.2,0.07855628,0.22929850260416668,-0.013381648808717728,-0.004943195637433746,12090,0.8935878276824951
599,359.6666666666667,1559.3773,284,34897920,58187,0.10149405603840327,0.0002,-0.7729294609200831,0.2,0.08227563,0.22770914713541668,0.009882384911179543,-0.004551608510925386,12100,0.8365752547979355
599,450.0,1894.2413,285,35020800,58394,0.09801931713911471,0.0002,-0.7636413451128949,0.2,0.08187205,0.22500244140625,0.05987733602523804,-0.0051505550672482055,12110,0.9031047523021698
599,359.26666666666665,1540.5979,286,35143680,58598,0.09343542687919883,0.0002,-0.7663298467469091,0.2,0.07916877,0.22799397786458334,-0.021432219073176384,-0.004630113127647443,12120,0.8858731612563133
599,348.6,1559.9705,287,35266560,58805,0.10786692776401954,0.0002,-0.7729892815214893,0.2,0.082722336,0.228916015625,0.015260443091392517,-0.004539556152046013,12130,0.8824970722198486
599,385.6666666666667,1638.5726,288,35389440,59012,0.09262310546699154,0.0002,-0.7733765666652471,0.2,0.0783598,0.22743815104166668,-0.023246359080076218,-0.004329789553030423,12140,0.88021220266819
599,341.2,1472.3616,289,35512320,59215,0.09532530224161746,0.0002,-0.7824993672656516,0.2,0.08107066,0.22887858072916667,0.010345065966248512,-0.004021830600175538,12150,0.8871055021882057
