rollout/ep_rew_mean,time/fps,time/total_timesteps,time/time_elapsed,time/iterations,rollout/ep_len_mean,train/explained_variance,train/n_updates,train/clip_range,train/value_loss,train/approx_kl,train/policy_gradient_loss,train/clip_fraction,train/entropy_loss,train/learning_rate,train/loss
696.0083,6358,122880,19,1,438.96,,,,,,,,,,
715.1294,1669,245760,147,2,446.9,0.013473868370056152,10,0.2,0.2646868441690458,0.008862267,-0.006535269813151293,0.077822265625,-4.26957425105075,0.0003,0.022524211555719376
730.01294,1347,368640,273,3,422.56,0.5588736534118652,20,0.2,0.055530795871454756,0.010014037,-0.010054755871199935,0.09855143229166667,-4.25992157317698,0.0003,0.034503430128097534
761.2371,1230,491520,399,4,443.22,0.7039631307125092,30,0.2,0.07226602513934874,0.010897442,-0.011073651739643538,0.11477376302083334,-4.24644318866233,0.0003,0.018430529162287712
805.9403,1171,614400,524,5,444.24,0.6992354691028595,40,0.2,0.08372735591159047,0.011751238,-0.012508553768717926,0.13375569661458334,-4.2319980587313575,0.0003,0.006636986508965492
839.7537,1135,737280,649,6,445.26,0.6883106231689453,50,0.2,0.08956664262048435,0.012492997,-0.012567195561241534,0.1419091796875,-4.216709019591411,0.0003,-0.01421927660703659
845.3622,1109,860160,775,7,432.72,0.6706109344959259,60,0.2,0.10996997198167567,0.013564492,-0.01305528905907219,0.15242024739583335,-4.200582135518392,0.0003,0.005292803049087524
881.94366,1089,983040,901,8,445.02,0.668058305978775,70,0.2,0.11829330701303357,0.014367223,-0.012998557927409516,0.16217366536458333,-4.182958311711748,0.0003,0.05693976581096649
875.3682,1075,1105920,1028,9,430.44,0.6555820405483246,80,0.2,0.1192365025402978,0.014646823,-0.012497133820591746,0.16765543619791667,-4.163402592067917,0.0003,0.03056078404188156
1015.3426,1037,1228800,1183,10,436.18,0.6778365969657898,90,0.2,0.12098234325647354,0.015729848,-0.0130468419165724,0.17741455078125,-4.14756344417731,0.0003,0.07016223669052124
981.9773,1032,1351680,1308,11,429.04,0.6517889201641083,100,0.2,0.1306802113891657,0.01580787,-0.01255158935074481,0.18238525390625,-4.13613003047804,0.0003,0.026102513074874878
1042.3604,1029,1474560,1432,12,448.5,0.6727319657802582,110,0.2,0.12606045772185703,0.016670128,-0.012660064303151254,0.19348876953125,-4.1115295640379195,0.0003,0.048034168779850006
1054.6012,1025,1597440,1557,13,435.32,0.6659127473831177,120,0.2,0.12287668629995703,0.017360747,-0.012550993215372728,0.1959423828125,-4.097929655537009,0.0003,0.01631210371851921
1099.2592,1021,1720320,1683,14,434.56,0.6660424172878265,130,0.2,0.12473404583948043,0.017393116,-0.01248422441427465,0.19904459635416666,-4.08803663002948,0.0003,-0.008211668580770493
1162.684,1019,1843200,1807,15,441.66,0.7102559804916382,140,0.2,0.1327811280816483,0.017646186,-0.011869851305667301,0.20406168619791668,-4.0687781288102265,0.0003,0.02940259501338005
1168.9773,1017,1966080,1932,16,443.12,0.7467465102672577,150,0.2,0.1190281142591266,0.018247366,-0.011730372643651208,0.20971110026041667,-4.053066047417621,0.0003,0.05941237881779671
1186.016,1014,2088960,2058,17,446.34,0.7754942774772644,160,0.2,0.10743098466453375,0.019327488,-0.012257424069290816,0.21607828776041665,-4.030423380161325,0.0003,0.00883723795413971
1212.4047,1013,2211840,2182,18,450.0,0.7877399027347565,170,0.2,0.10392897601384903,0.01936726,-0.012197230982455948,0.22108968098958334,-4.012729170930882,0.0003,0.03022904135286808
1176.2155,1011,2334720,2307,19,429.82,0.7542464584112167,180,0.2,0.09880574911182824,0.019814117,-0.01156411451641058,0.22446533203125,-3.9981962612892192,0.0003,0.0270884670317173
1245.1431,1009,2457600,2434,20,444.74,0.7869675755500793,190,0.2,0.10858622663508868,0.019986205,-0.011345936305315264,0.22408365885416667,-3.980978460088372,0.0003,-0.01276562549173832
1253.5842,1008,2580480,2559,21,445.9,0.7884555906057358,200,0.2,0.1004978170482597,0.019761395,-0.011371394300391937,0.22433268229166667,-3.9747237556303543,0.0003,0.025926712900400162
1231.7028,1006,2703360,2685,22,433.16,0.7905435413122177,210,0.2,0.10018030054100867,0.020655155,-0.011218663880087357,0.22993733723958334,-3.9539107947051524,0.0003,0.043320316821336746
1252.5203,1004,2826240,2812,23,439.8,0.778374046087265,220,0.2,0.11488413428072818,0.021091258,-0.011065964620332427,0.23312825520833333,-3.9443659022822977,0.0003,0.04951715096831322
1284.4211,1004,2949120,2937,24,439.58,0.7839209735393524,230,0.2,0.10592070925292016,0.021494584,-0.011255951099798645,0.23862874348958332,-3.935924785733223,0.0003,0.028892535716295242
1271.9569,1003,3072000,3061,25,443.14,0.7871120125055313,240,0.2,0.10030667660369848,0.021472922,-0.01171212041532878,0.23915608723958334,-3.928063384058575,0.0003,0.009830059483647346
1321.131,1002,3194880,3186,26,448.42,0.7881346344947815,250,0.2,0.1004793776574661,0.02179239,-0.010832853860629257,0.23947265625,-3.917328764349222,0.0003,-0.0046934522688388824
1268.2268,1001,3317760,3312,27,432.66,0.8048653602600098,260,0.2,0.09308642285109575,0.022153078,-0.011079564870888134,0.24073649088541665,-3.8996272921438018,0.0003,0.03950193151831627
1277.8445,999,3440640,3440,28,436.66,0.8184681385755539,270,0.2,0.09278276769454048,0.021558968,-0.009873550462410396,0.23677164713541668,-3.883315395079553,0.0003,0.049073077738285065
1238.1849,999,3563520,3565,29,413.66,0.8200610727071762,280,0.2,0.09513556791159014,0.022715572,-0.010603616483034178,0.24558837890625,-3.8638719269136588,0.0003,-0.0163264237344265
1310.3701,998,3686400,3691,30,437.34,0.8232016116380692,290,0.2,0.100269339933778,0.022047905,-0.010579448166323951,0.24322184244791667,-3.8687902708475788,0.0003,0.004467617720365524
1353.9194,998,3809280,3816,31,440.22,0.8421127647161484,300,0.2,0.08913748808651387,0.022801016,-0.01082663218506544,0.24693603515625,-3.8488720683008433,0.0003,0.1332666426897049
1306.2102,997,3932160,3943,32,434.02,0.8337327837944031,310,0.2,0.0952439225439836,0.02343425,-0.010677927831220586,0.24827392578125,-3.837591435474654,0.0003,-0.0035819504410028458
1360.1416,989,4055040,4098,33,449.2,0.825936958193779,320,0.2,0.09330140167168187,0.022700198,-0.010357846474034886,0.24948160807291667,-3.818435999577244,0.0003,0.023685380816459656
1351.422,988,4177920,4225,34,435.42,0.824254959821701,330,0.2,0.08833654581171382,0.023327312,-0.010421911191873126,0.2507828776041667,-3.813971251981954,0.0003,0.026090577244758606
1390.5575,988,4300800,4352,35,444.64,0.841713085770607,340,0.2,0.09993322026799432,0.023604684,-0.010378709970412577,0.2526676432291667,-3.798331032904486,0.0003,0.026354080066084862
1342.7623,987,4423680,4479,36,433.62,0.8015124350786209,350,0.2,0.1041104754601838,0.023661578,-0.009686863879396697,0.25410563151041665,-3.7863297944143413,0.0003,0.0199352465569973
1390.6641,986,4546560,4606,37,448.7,0.8331009745597839,360,0.2,0.09541773918987019,0.023928713,-0.00991247736575436,0.2535172526041667,-3.7779824915279945,0.0003,0.005638614296913147
1379.6366,986,4669440,4734,38,438.5,0.8386755436658859,370,0.2,0.08967606599956829,0.024111466,-0.010103827439152155,0.25873942057291666,-3.7542939049750568,0.0003,0.011694934219121933
1388.3344,986,4792320,4859,39,440.04,0.8302811235189438,380,0.2,0.09516859471594216,0.024838269,-0.010247343235335696,0.26093180338541666,-3.7431812189146876,0.0003,0.005815964192152023
1418.2444,986,4915200,4984,40,444.1,0.8224316537380219,390,0.2,0.09589047057592931,0.024697827,-0.009877791734500837,0.26150309244791664,-3.731132747915884,0.0003,0.06397315114736557
1387.854,985,5038080,5111,41,432.12,0.7911067754030228,400,0.2,0.10672672944900113,0.025290294,-0.009421077984889052,0.26368326822916666,-3.723067255914211,0.0003,0.04662057012319565
1395.6187,985,5160960,5236,42,441.46,0.8467144966125488,410,0.2,0.10276857248463785,0.025318762,-0.009734802605838316,0.26338623046875,-3.720986151956022,0.0003,0.014676906168460846
1419.721,985,5283840,5361,43,442.72,0.8135247677564621,420,0.2,0.10930264718704469,0.025383584,-0.009783360368868064,0.26640462239583335,-3.7098944395780564,0.0003,0.035525478422641754
1385.0411,984,5406720,5489,44,430.04,0.7802405804395676,430,0.2,0.10890187626282569,0.02491767,-0.008773801036362177,0.26342692057291667,-3.7018055769676965,0.0003,0.0211176797747612
1384.0596,984,5529600,5616,45,436.7,0.8079877942800522,440,0.2,0.10614772732102816,0.025746187,-0.009595424197244332,0.2673722330729167,-3.6890698531766732,0.0003,-0.0028807949274778366
1370.5763,984,5652480,5741,46,426.9,0.7946786731481552,450,0.2,0.11287408986613931,0.025307596,-0.009452197216608813,0.2656526692708333,-3.6725896953667205,0.0003,0.056250449270009995
1398.4741,984,5775360,5866,47,433.22,0.8256735950708389,460,0.2,0.10700586863022181,0.026152994,-0.009623104371621593,0.26821451822916664,-3.669559938882788,0.0003,0.020380903035402298
1417.067,984,5898240,5993,48,440.46,0.8366256207227707,470,0.2,0.0970515907072695,0.025163703,-0.009037129885321822,0.26498860677083336,-3.6494395152231056,0.0003,0.05405521020293236
1411.6362,983,6021120,6120,49,434.38,0.7906528413295746,480,0.2,0.11095395265321713,0.026430577,-0.009250468281934446,0.26983642578125,-3.6409473660588265,0.0003,0.03235333412885666
1444.5693,979,6144000,6273,50,444.22,0.8074198663234711,490,0.2,0.09453113132563885,0.025184404,-0.009125356040300781,0.26419514973958336,-3.6273846387614808,0.0003,0.057705461978912354
1384.6841,979,6266880,6398,51,422.3,0.8025426715612411,500,0.2,0.10086685360748864,0.026458371,-0.009365297702679527,0.2691951497395833,-3.5985229382043085,0.0003,0.013425420969724655
1412.823,979,6389760,6523,52,432.24,0.8321631103754044,510,0.2,0.10700256589276251,0.02579968,-0.008528529816382312,0.26321858723958336,-3.569059240544836,0.0003,0.02608802355825901
1382.6165,979,6512640,6649,53,423.76,0.814715251326561,520,0.2,0.10295414301275742,0.026587896,-0.008580078204637782,0.2699503580729167,-3.5314614331225553,0.0003,0.0030439943075180054
1426.2601,979,6635520,6775,54,439.84,0.8586138039827347,530,0.2,0.10429468718362235,0.025750779,-0.009062572345865192,0.2693912760416667,-3.533484229867657,0.0003,0.025379041209816933
1469.1311,979,6758400,6901,55,441.96,0.8393955379724503,540,0.2,0.09675477083656006,0.02607849,-0.009076752379078243,0.2702303059895833,-3.527115449284514,0.0003,-0.0014179088175296783
1374.4231,979,6881280,7027,56,421.88,0.8380058705806732,550,0.2,0.10843442570631548,0.026170796,-0.008482187730651276,0.2681803385416667,-3.5362926714370646,0.0003,0.05074387043714523
1406.697,978,7004160,7154,57,431.68,0.8132164925336838,560,0.2,0.10770089534358704,0.026796047,-0.008592176510683202,0.27522623697916665,-3.5191863896573583,0.0003,-0.0023834221065044403
1488.1349,978,7127040,7282,58,441.76,0.8269565254449844,570,0.2,0.10752477483348533,0.02637325,-0.008191277008324201,0.26965983072916666,-3.5164991514136394,0.0003,0.03089294582605362
1466.4135,978,7249920,7409,59,436.06,0.7726388573646545,580,0.2,0.11411128031657426,0.027135698,-0.009405369242328258,0.27807047526041667,-3.5157375653957326,0.0003,0.052541691809892654
1417.8059,978,7372800,7536,60,425.92,0.8122486770153046,590,0.2,0.11831695752431794,0.027452739,-0.009542563260559593,0.27474853515625,-3.5212373170504967,0.0003,0.05834750831127167
1427.9604,977,7495680,7664,61,431.98,0.7979792952537537,600,0.2,0.11892761264753063,0.026797539,-0.008817682189019252,0.2746834309895833,-3.5134143073360127,0.0003,0.03499070554971695
1433.5914,977,7618560,7790,62,431.72,0.8217783868312836,610,0.2,0.10629950186383212,0.027350111,-0.008819860061763999,0.2717366536458333,-3.4775265369067587,0.0003,0.005489818751811981
1428.6462,977,7741440,7916,63,425.92,0.8103402107954025,620,0.2,0.1006339766609987,0.027270077,-0.00905106939519707,0.2747623697916667,-3.46374266376098,0.0003,-0.003451686352491379
1422.9524,977,7864320,8043,64,425.86,0.798041433095932,630,0.2,0.11141746589797549,0.026975144,-0.008602573903784409,0.2727360026041667,-3.455547023291389,0.0003,0.009166693314909935
1423.756,977,7987200,8168,65,428.14,0.8126142919063568,640,0.2,0.09586433991450273,0.027296614,-0.008468661747623021,0.27387858072916665,-3.4388309352844955,0.0003,0.008340906351804733
1419.3953,977,8110080,8295,66,422.22,0.7950524389743805,650,0.2,0.10955247445463707,0.02747889,-0.008634198159955607,0.2748974609375,-3.431095783126851,0.0003,0.04078690707683563
1501.5253,977,8232960,8423,67,442.68,0.8032884299755096,660,0.2,0.100110564166777,0.026747253,-0.008871275121637155,0.2726643880208333,-3.443419813675185,0.0003,0.010286854580044746
1485.7214,977,8355840,8550,68,441.16,0.7979110032320023,670,0.2,0.10159913419901083,0.02693521,-0.008439389967970784,0.27164794921875,-3.4268293041860063,0.0003,0.01791897416114807
1477.8152,977,8478720,8676,69,439.66,0.7859165221452713,680,0.2,0.11460285401951599,0.028179381,-0.008317498539411949,0.27356526692708333,-3.405645845644176,0.0003,0.0314163975417614
1386.8639,977,8601600,8802,70,414.04,0.7882124781608582,690,0.2,0.10618618887892808,0.027837906,-0.008483960042467516,0.2767464192708333,-3.4056664288416503,0.0003,-0.004037754610180855
1436.3337,977,8724480,8929,71,426.14,0.7924620807170868,700,0.2,0.10596314122279485,0.027602466,-0.0078010489373446035,0.27544759114583334,-3.3858175937086346,0.0003,0.0288056880235672
1468.8499,977,8847360,9055,72,432.08,0.8366583436727524,710,0.2,0.09579538840955744,0.028507205,-0.008944961209726899,0.27896809895833335,-3.3950305847326914,0.0003,0.04940767213702202
1473.4819,977,8970240,9181,73,442.2,0.8264079391956329,720,0.2,0.09909870430458492,0.028712682,-0.009539366912467812,0.2808333333333333,-3.401259256216387,0.0003,0.006407344713807106
1444.8777,976,9093120,9307,74,432.3,0.784334808588028,730,0.2,0.10214790846444279,0.0284699,-0.008855575743461182,0.2780843098958333,-3.371766980898877,0.0003,0.031495243310928345
1404.7867,976,9216000,9434,75,423.3,0.8155243992805481,740,0.2,0.09525038370940213,0.0281413,-0.008543615388371109,0.27608805338541664,-3.381339244234065,0.0003,-0.006756925955414772
1441.4454,976,9338880,9561,76,433.62,0.8181146681308746,750,0.2,0.09773652367458756,0.028100949,-0.008939192593770713,0.27715413411458334,-3.3603768411527075,0.0003,0.05689935013651848
1443.006,976,9461760,9689,77,432.66,0.8202342838048935,760,0.2,0.09169375047475721,0.028380541,-0.00880642015991422,0.2801920572916667,-3.353794833657642,0.0003,0.015246865339577198
1456.7394,976,9584640,9817,78,432.16,0.8197406679391861,770,0.2,0.09831242326598537,0.028234048,-0.008838027134070217,0.27704264322916666,-3.3555666928490004,0.0003,0.05348827689886093
1444.9353,976,9707520,9943,79,422.02,0.8089072406291962,780,0.2,0.10010603698397366,0.028475039,-0.008305961342781908,0.2775773111979167,-3.362819226520757,0.0003,0.08079519867897034
1501.4307,976,9830400,10070,80,444.8,0.8040328621864319,790,0.2,0.10887493261951021,0.027687628,-0.008258397415681126,0.27496500651041667,-3.3691707161441444,0.0003,0.04762764647603035
1524.9198,976,9953280,10197,81,442.04,0.8093456029891968,800,0.2,0.09357920541219453,0.027624646,-0.008050704509823845,0.2757364908854167,-3.3543768525496125,0.0003,-0.015797924250364304
1505.9233,976,10076160,10322,82,444.6,0.7783048152923584,810,0.2,0.1018732529975629,0.02891665,-0.008799428909223934,0.27994222005208336,-3.3721862341463567,0.0003,0.0244987141340971
1462.8096,975,10199040,10450,83,428.68,0.7856330424547195,820,0.2,0.10439994405009202,0.027925821,-0.008289592928510198,0.271025390625,-3.3727317417909704,0.0003,0.017309054732322693
1475.2903,975,10321920,10576,84,434.78,0.7954931110143661,830,0.2,0.10061051337936078,0.027459797,-0.008603110479956134,0.27053141276041665,-3.3874076405043403,0.0003,0.021367963403463364
1438.8285,975,10444800,10704,85,421.12,0.8123640418052673,840,0.2,0.10188779731106479,0.028143695,-0.008955496820732756,0.273818359375,-3.3692854750156402,0.0003,0.014215986244380474
1558.045,975,10567680,10832,86,449.94,0.8124549984931946,850,0.2,0.10204107293863975,0.02767741,-0.00879890582512265,0.274970703125,-3.365533031138281,0.0003,0.03417102247476578
1523.4667,975,10690560,10958,87,447.14,0.8091179728507996,860,0.2,0.11184234343983311,0.02787379,-0.008425769873368457,0.27417561848958333,-3.3872868304823838,0.0003,0.10043279826641083
1508.4165,975,10813440,11085,88,436.02,0.7888748049736023,870,0.2,0.09924134167085867,0.027406935,-0.008181665983302082,0.27041422526041664,-3.353135507640739,0.0003,0.028528140857815742
1483.0537,975,10936320,11210,89,428.6,0.7957903891801834,880,0.2,0.11831657823165491,0.027885647,-0.008123849126247175,0.27290934244791665,-3.363526484742761,0.0003,0.09361151605844498
1501.8486,975,11059200,11337,90,439.92,0.786240741610527,890,0.2,0.09613284890864937,0.027501453,-0.008656837083478119,0.26691650390625,-3.361593604423106,0.0003,0.02101711742579937
1473.2212,975,11182080,11464,91,429.64,0.7717444598674774,900,0.2,0.10049213916373749,0.028002301,-0.008730365625009047,0.27106282552083333,-3.3298028854032355,0.0003,-0.0011765304952859879
1517.6652,975,11304960,11590,92,436.68,0.7989398539066315,910,0.2,0.10672462615349408,0.028620277,-0.008564093843491112,0.27219807942708335,-3.320760649641355,0.0003,0.05513059347867966
1453.3923,975,11427840,11717,93,420.98,0.7715751677751541,920,0.2,0.09570739545005684,0.027529955,-0.008569599401271262,0.26973876953125,-3.329510621974866,0.0003,0.023570332676172256
1507.6125,975,11550720,11843,94,439.0,0.7829945832490921,930,0.2,0.10067266288902223,0.02851999,-0.009119077199047752,0.2742032877604167,-3.318725490582486,0.0003,0.07083748281002045
1485.4595,974,11673600,11982,95,431.96,0.7654340416193008,940,0.2,0.11300826911518622,0.02833478,-0.00806722004786934,0.27519775390625,-3.303203214320044,0.0003,0.001203395426273346
1564.9332,974,11796480,12108,96,450.0,0.7860849797725677,950,0.2,0.1075288990488237,0.028347353,-0.008607690461370415,0.2712939453125,-3.2940283028284707,0.0003,0.08375430107116699
1513.2249,974,11919360,12234,97,433.56,0.7888300716876984,960,0.2,0.11082301351974214,0.028328955,-0.008439465533989884,0.2731070963541667,-3.304104374249776,0.0003,0.006715670228004456
1553.3469,974,12042240,12361,98,445.8,0.8120623826980591,970,0.2,0.10320320739449623,0.02805301,-0.008139869393447347,0.2706827799479167,-3.2959427933519083,0.0003,0.011418741196393967
1539.571,974,12165120,12489,99,441.94,0.7691680788993835,980,0.2,0.0994385148542157,0.028160254,-0.00816154387805606,0.27114013671875,-3.3056950169429182,0.0003,0.023498572409152985
1512.641,973,12288000,12617,100,431.56,0.7806128114461899,990,0.2,0.1076180764848444,0.027785258,-0.00826139505431153,0.27078450520833336,-3.304066464304924,0.0003,0.022106757387518883
1539.8796,973,12410880,12744,101,443.34,0.7965574264526367,1000,0.2,0.10067755096024485,0.02854811,-0.009006107140794483,0.270791015625,-3.310004114645223,0.0003,0.049594696611166
1415.0007,973,12533760,12870,102,412.56,0.7703108489513397,1010,0.2,0.11971433431943296,0.028645562,-0.00838578081173182,0.27491861979166665,-3.309092659490804,0.0003,0.0608074814081192
1492.3126,973,12656640,12998,103,434.88,0.7840229123830795,1020,0.2,0.11729001334732554,0.027996203,-0.008107606102773085,0.26984049479166666,-3.277060182864467,0.0003,0.062420401722192764
1463.0298,973,12779520,13124,104,425.44,0.8005315363407135,1030,0.2,0.10717093358170435,0.027961647,-0.008538389845759109,0.2697013346354167,-3.2900921908269325,0.0003,0.07541991770267487
1536.4089,973,12902400,13251,105,441.82,0.802366778254509,1040,0.2,0.11286237489470902,0.028740017,-0.008075357552209728,0.27018880208333335,-3.268076125718653,0.0003,0.03538674861192703
1524.0275,973,13025280,13376,106,436.44,0.7826043963432312,1050,0.2,0.10461868517464609,0.027962478,-0.00822309527326676,0.265517578125,-3.2795147849371036,0.0003,0.08770978450775146
1540.0989,973,13148160,13503,107,441.4,0.7684724181890488,1060,0.2,0.1147063153879329,0.028646452,-0.009005527935911839,0.2732796223958333,-3.2712399884064993,0.0003,0.0014460869133472443
1536.4402,973,13271040,13629,108,438.96,0.7778320461511612,1070,0.2,0.10186738256064322,0.027919678,-0.008458019819487768,0.2664314778645833,-3.2714933983857435,0.0003,0.029756765812635422
1471.5999,973,13393920,13755,109,426.8,0.8104885369539261,1080,0.2,0.10101198865677967,0.029136952,-0.00905264966009175,0.27356363932291666,-3.263762891155978,0.0003,0.06904241442680359
1523.8048,973,13516800,13883,110,442.98,0.8064893782138824,1090,0.2,0.10492222943600306,0.02836163,-0.0075956981781928334,0.27062662760416667,-3.224674185278515,0.0003,0.05355780944228172
1511.0604,973,13639680,14010,111,438.58,0.7506308108568192,1100,0.2,0.11659877459906663,0.028459787,-0.007943527136012563,0.2702864583333333,-3.2496452167630197,0.0003,0.004355361685156822
1503.3068,973,13762560,14139,112,432.5,0.777665764093399,1110,0.2,0.09749944377336457,0.028046029,-0.008240949843578467,0.267470703125,-3.2293562900150814,0.0003,0.006255751475691795
1515.5514,971,13885440,14296,113,433.66,0.7712181657552719,1120,0.2,0.10854477373621194,0.029776279,-0.008339684491274965,0.27270345052083333,-3.240737490952015,0.0003,0.05461902543902397
1466.131,971,14008320,14424,114,418.94,0.7626568377017975,1130,0.2,0.11849147210513668,0.029328529,-0.007795616218500072,0.27218424479166664,-3.233409016740819,0.0003,0.04338588938117027
1486.6724,971,14131200,14551,115,429.46,0.7709172368049622,1140,0.2,0.11773714224322854,0.028498378,-0.00830806287028281,0.2710367838541667,-3.2407113472372293,0.0003,0.016962770372629166
1473.0863,969,14254080,14708,116,425.1,0.7961142808198929,1150,0.2,0.10798634449243158,0.029043214,-0.0077775619530681675,0.2714461263020833,-3.182864425542454,0.0003,-0.00317409448325634
1491.4531,969,14376960,14835,117,432.3,0.7694876343011856,1160,0.2,0.11026873050044135,0.029214974,-0.008326568241421532,0.271875,-3.1811181977018714,0.0003,0.09232010692358017
1415.2141,969,14499840,14962,118,416.34,0.7668253183364868,1170,0.2,0.11857523523183772,0.029952945,-0.007880277515444808,0.27554931640625,-3.1539260221024352,0.0003,0.031851328909397125
1425.1206,969,14622720,15090,119,414.56,0.7775763720273972,1180,0.2,0.11958433571164884,0.030445999,-0.007747396826010421,0.2784676106770833,-3.1328335411225754,0.0003,0.04013749212026596
1513.4224,967,14745600,15243,120,436.02,0.769868329167366,1190,0.2,0.12737987647065893,0.029716088,-0.00796725872504491,0.2768212890625,-3.1414716093117994,0.0003,0.0701231136918068
1450.4742,967,14868480,15370,121,422.8,0.7576393783092499,1200,0.2,0.10948601766159603,0.02939849,-0.007992192912849229,0.27339518229166665,-3.1453758653998376,0.0003,0.08936826139688492
1423.0643,967,14991360,15498,122,415.78,0.7712308168411255,1210,0.2,0.13393406429939206,0.030353596,-0.008076132395238649,0.2781803385416667,-3.1180404505630333,0.0003,0.009443189948797226
1472.7947,967,15114240,15626,123,429.74,0.7927916944026947,1220,0.2,0.12869479799866287,0.02952236,-0.007371075554680526,0.27482421875,-3.11865028064698,0.0003,0.0007572732865810394
1512.5319,967,15237120,15755,124,438.72,0.7760702818632126,1230,0.2,0.11438664647881523,0.030250045,-0.008097513415395951,0.2757039388020833,-3.1048522801945606,0.0003,0.045152440667152405
1483.635,967,15360000,15883,125,424.0,0.7514023333787918,1240,0.2,0.11436169869179139,0.029167322,-0.007965307830090751,0.2759122721354167,-3.1236017913122973,0.0003,0.003345062956213951
1520.3505,967,15482880,16010,126,435.52,0.8056100457906723,1250,0.2,0.1181679977447493,0.029202938,-0.007894851195239123,0.27463704427083335,-3.0966527696326374,0.0003,0.062030307948589325
1523.0509,967,15605760,16137,127,440.54,0.7760694772005081,1260,0.2,0.11015028163092211,0.029630098,-0.007633164447582506,0.2743896484375,-3.095696989397208,0.0003,0.15308699011802673
1439.843,965,15728640,16289,128,418.42,0.7832442373037338,1270,0.2,0.10693909739367276,0.029281728,-0.0075419344442161675,0.27366048177083335,-3.1198509335145355,0.0003,0.035902731120586395
1488.9436,964,15851520,16430,129,429.08,0.8080810159444809,1280,0.2,0.1148398529929303,0.030544307,-0.0076602159285418265,0.27953125,-3.0707746890808143,0.0003,0.012009639292955399
1530.7972,964,15974400,16560,130,443.46,0.7987120002508163,1290,0.2,0.11533109013257975,0.03024179,-0.007446686404940313,0.27622884114583335,-3.1059896526361506,0.0003,0.09140284359455109
1478.1891,964,16097280,16687,131,427.52,0.7773387283086777,1300,0.2,0.11849177183583379,0.029807508,-0.00795404066545719,0.278017578125,-3.1038547718773284,0.0003,0.02318393811583519
1478.4814,964,16220160,16814,132,423.88,0.7400029599666595,1310,0.2,0.12047558532862847,0.030205218,-0.007831538663485843,0.27893391927083333,-3.108589735267063,0.0003,0.03523695096373558
1483.1814,964,16343040,16943,133,426.24,0.7810493856668472,1320,0.2,0.12427502885218322,0.029642452,-0.007417831470781191,0.2772298177083333,-3.097861118565003,0.0003,0.15752945840358734
1452.2948,964,16465920,17071,134,414.94,0.7245532274246216,1330,0.2,0.11901250013625637,0.029425198,-0.006878152266635879,0.27466145833333333,-3.078372782878578,0.0003,0.006380217149853706
1496.9922,964,16588800,17201,135,429.36,0.8112604916095734,1340,0.2,0.1291322995108203,0.030385403,-0.007552611425762734,0.27855550130208334,-3.0889475617061057,0.0003,0.02620522864162922
1522.7277,964,16711680,17328,136,438.64,0.8094759583473206,1350,0.2,0.10434651387787501,0.02993424,-0.007663023167588108,0.2754182942708333,-3.089496364456912,0.0003,0.06616032868623734
1547.5597,964,16834560,17457,137,439.14,0.8049249202013016,1360,0.2,0.10358130050677573,0.030404808,-0.007483961632145413,0.27708333333333335,-3.083737451955676,0.0003,0.001126810908317566
1508.7957,962,16957440,17615,138,432.36,0.805365651845932,1370,0.2,0.11348393306082774,0.030155659,-0.007298457084022327,0.27533121744791667,-3.0618005511909723,0.0003,0.03806693106889725
1481.2512,962,17080320,17744,139,423.28,0.7840363681316376,1380,0.2,0.10577561969490488,0.029952886,-0.007602165609096118,0.2743212890625,-3.0722186938797433,0.0003,0.031849779188632965
1550.5476,962,17203200,17873,140,442.62,0.8042760342359543,1390,0.2,0.11102240191530048,0.03014888,-0.00783463536143851,0.2726847330729167,-3.087355266660452,0.0003,0.0024480093270540237
1500.3717,962,17326080,18001,141,427.5,0.7781572192907333,1400,0.2,0.11385997184833589,0.030395938,-0.007796086241887679,0.27467203776041665,-3.071432539001107,0.0003,0.05725885182619095
1487.1377,962,17448960,18130,142,424.7,0.782762736082077,1410,0.2,0.1052916228940012,0.030119224,-0.007783822945517992,0.27692301432291666,-3.0927864227195583,0.0003,0.044972531497478485
1524.7762,962,17571840,18260,143,434.52,0.7783594280481339,1420,0.2,0.1298806822077798,0.03033127,-0.007386063485018895,0.2754288736979167,-3.0692216812198363,0.0003,0.009760543704032898
1530.6525,962,17694720,18391,144,432.14,0.7810629904270172,1430,0.2,0.12032957649435654,0.029808301,-0.007446514380690133,0.27452229817708335,-3.0596965739006796,0.0003,0.09482599794864655
1475.8679,962,17817600,18519,145,422.82,0.7946851551532745,1440,0.2,0.11757840710532036,0.030327952,-0.008064477020294968,0.27513916015625,-3.0687318470825753,0.0003,0.1207277774810791
1535.9326,962,17940480,18648,146,437.08,0.7926017343997955,1450,0.2,0.1250209942185514,0.030587105,-0.007260672810662072,0.27737874348958336,-3.0383801401654877,0.0003,0.06098319590091705
1545.6045,961,18063360,18779,147,437.86,0.7914733290672302,1460,0.2,0.11147934209885231,0.030120105,-0.007741543464589995,0.2735823567708333,-3.0494504053518177,0.0003,0.0129111148416996
1516.2677,961,18186240,18908,148,431.62,0.7905789166688919,1470,0.2,0.12018798057441017,0.030503793,-0.0076225394607172346,0.27637125651041666,-3.0657763347774742,0.0003,0.010267151519656181
1469.2683,961,18309120,19037,149,419.16,0.7734203487634659,1480,0.2,0.11681305110284787,0.030267788,-0.007401906568823809,0.270849609375,-3.032626871739825,0.0003,-0.007654344663023949
1501.5793,961,18432000,19165,150,433.24,0.8076919615268707,1490,0.2,0.11190310253645293,0.030798452,-0.0072234211579052495,0.2749267578125,-2.9940402259429297,0.0003,0.03691033646464348
1519.2504,960,18554880,19321,151,431.18,0.812525749206543,1500,0.2,0.10787429481579845,0.030165574,-0.007206775258973721,0.2697224934895833,-3.0026215509325267,0.0003,0.011628741398453712
1521.2465,959,18677760,19456,152,435.4,0.7490934729576111,1510,0.2,0.1315360406205097,0.030898092,-0.007775678760996622,0.2710294596354167,-3.0591836108267305,0.0003,0.18818238377571106
1489.4086,959,18800640,19586,153,430.72,0.789725199341774,1520,0.2,0.11021700647630496,0.02964947,-0.007563529592847166,0.26929117838541666,-3.030392045180003,0.0003,0.015827365219593048
1536.0116,959,18923520,19714,154,440.28,0.7863359302282333,1530,0.2,0.10961327399845079,0.030046677,-0.0075187226347770775,0.2652815755208333,-3.043000553312401,0.0003,0.027836255729198456
1392.8447,959,19046400,19843,155,401.38,0.7946179211139679,1540,0.2,0.10029541523147296,0.029725142,-0.007642454102757862,0.2661336263020833,-3.0469246462235846,0.0003,0.015042278915643692
1429.7976,959,19169280,19973,156,408.46,0.7972879558801651,1550,0.2,0.12436696554223696,0.030040808,-0.00739311050277441,0.26909261067708334,-3.023778687156737,0.0003,0.03676416352391243
1458.146,959,19292160,20103,157,419.82,0.8168012499809265,1560,0.2,0.1104944309592247,0.02929973,-0.007835802485724344,0.26806803385416667,-3.031474958471954,0.0003,0.0364522859454155
1545.8264,959,19415040,20231,158,445.74,0.7982787638902664,1570,0.2,0.1186566093598958,0.029162727,-0.007330972056303532,0.2666398111979167,-3.056939862109721,0.0003,0.08689822256565094
1484.336,959,19537920,20358,159,424.88,0.770976260304451,1580,0.2,0.1265981085799285,0.029804247,-0.008070709572251266,0.26884114583333335,-3.038883254763981,0.0003,0.07722613960504532
1462.3069,959,19660800,20486,160,415.94,0.7820765376091003,1590,0.2,0.11960996876344628,0.028872184,-0.006989225974248257,0.2656355794270833,-3.0100881233190497,0.0003,0.062828928232193
1429.3397,959,19783680,20613,161,408.64,0.8038593530654907,1600,0.2,0.11065583277901168,0.029517667,-0.008133127521214192,0.2663142903645833,-2.9988258970404664,0.0003,0.027918538078665733
1526.9572,959,19906560,20741,162,435.46,0.7999886721372604,1610,0.2,0.12752850542465846,0.029872151,-0.007005194144179162,0.27078450520833336,-2.961529945942263,0.0003,0.01018749549984932
1542.5559,959,20029440,20872,163,433.46,0.7966795265674591,1620,0.2,0.10808626206562622,0.029203184,-0.0073631740537014895,0.2654345703125,-2.99052212630709,0.0003,0.008939284831285477
1533.8232,959,20152320,21002,164,434.64,0.7976611405611038,1630,0.2,0.11481384291759847,0.029154586,-0.007559344285591578,0.26601318359375,-3.04046391757826,0.0003,0.018119633197784424
1518.1842,959,20275200,21130,165,428.3,0.7602965980768204,1640,0.2,0.11279612064599254,0.02904964,-0.0073580758782403185,0.26578125,-3.05423941899091,0.0003,0.03381956368684769
1520.1262,959,20398080,21259,166,432.88,0.7922007590532303,1650,0.2,0.12007228304593202,0.0292809,-0.007797292583988261,0.26459716796875,-3.013930187933147,0.0003,0.04669457674026489
1483.9213,959,20520960,21389,167,417.7,0.7862913012504578,1660,0.2,0.1165646066654396,0.029285291,-0.007609525672390495,0.26560791015625,-3.000009201479455,0.0003,0.03387373313307762
1519.265,959,20643840,21520,168,431.38,0.7689051330089569,1670,0.2,0.12593844331073342,0.030367395,-0.006894300877429487,0.26920166015625,-2.9857881312444805,0.0003,0.06287628412246704
1474.0503,959,20766720,21650,169,417.22,0.7861581295728683,1680,0.2,0.12915346150596937,0.030032543,-0.007183187002683553,0.26729248046875,-3.0229186379288633,0.0003,0.024551542475819588
1495.7772,959,20889600,21780,170,421.68,0.7666299939155579,1690,0.2,0.12663345663168002,0.029756835,-0.007509015321878299,0.2692724609375,-2.9860322699695825,0.0003,0.0495404414832592
1500.2675,958,21012480,21911,171,426.44,0.7923867404460907,1700,0.2,0.1160437488242557,0.030104605,-0.0074767243636567095,0.26800944010416666,-3.0116725104674695,0.0003,0.053977079689502716
1518.8844,958,21135360,22041,172,433.06,0.7548477798700333,1710,0.2,0.13149114150030072,0.030511105,-0.006911274343923045,0.26841145833333335,-2.9986335579057535,0.0003,0.04754750430583954
1557.542,958,21258240,22172,173,435.94,0.7812571227550507,1720,0.2,0.12375212897585394,0.029737065,-0.0072264670406942365,0.267197265625,-2.980660775192082,0.0003,0.07045458257198334
1549.9983,958,21381120,22303,174,442.68,0.7848993092775345,1730,0.2,0.11914500411168168,0.029435406,-0.007411504402559027,0.26517171223958336,-2.9967882766574623,0.0003,0.0582268163561821
1516.0327,958,21504000,22432,175,425.74,0.7586090415716171,1740,0.2,0.11359573473494189,0.030162595,-0.007739984036500876,0.265390625,-3.02140209980309,0.0003,0.043988123536109924
1503.2471,958,21626880,22562,176,423.04,0.7734978348016739,1750,0.2,0.1187093834442688,0.029494679,-0.007538146300472969,0.26126220703125,-3.0834714683766165,0.0003,0.009733296930789948
1530.5286,958,21749760,22692,177,432.04,0.7388818860054016,1760,0.2,0.13675280263094464,0.030163642,-0.007838823113776622,0.26966064453125,-3.0559175591294965,0.0003,0.028673021122813225
1569.3345,958,21872640,22823,178,438.56,0.7934184819459915,1770,0.2,0.1091099856007107,0.02980345,-0.007335554795587692,0.26418701171875,-2.9985795463373264,0.0003,0.11491337418556213
1555.822,958,21995520,22951,179,441.62,0.7739638388156891,1780,0.2,0.11856812807862298,0.029402683,-0.00716463585680079,0.26282307942708333,-3.022361322566867,0.0003,0.0529479943215847
1552.1293,958,22118400,23080,180,440.14,0.7876705974340439,1790,0.2,0.11647288653126452,0.02962645,-0.007681764780621355,0.26625895182291665,-2.998019297197461,0.0003,0.029862403869628906
1555.6691,958,22241280,23209,181,439.14,0.7526257485151291,1800,0.2,0.11324494768016545,0.029742073,-0.007477494862729752,0.26456136067708336,-2.9983243772263326,0.0003,0.030830075964331627
1542.5752,958,22364160,23339,182,433.52,0.7625001668930054,1810,0.2,0.1150822598299419,0.029815905,-0.007407640433411871,0.26399576822916665,-2.9730824466794727,0.0003,0.03807997331023216
1563.4954,958,22487040,23469,183,440.7,0.7621777355670929,1820,0.2,0.12163299102893992,0.029324332,-0.007453089987508672,0.2645109049479167,-2.9654886755968133,0.0003,0.034328218549489975
1471.8466,958,22609920,23599,184,418.32,0.794738844037056,1830,0.2,0.11096394754238038,0.030083863,-0.007418217153384224,0.26207763671875,-2.9637427206585802,0.0003,0.08239468932151794
1545.3555,957,22732800,23730,185,436.24,0.8104749172925949,1840,0.2,0.122443038552301,0.029928843,-0.007051390613620849,0.2646785481770833,-2.944797052467863,0.0003,0.09751599282026291
1574.0828,957,22855680,23861,186,445.14,0.7560502737760544,1850,0.2,0.11953434176461694,0.030549554,-0.0076959028426426815,0.2655859375,-2.9335404450073836,0.0003,0.02192254364490509
1549.6017,957,22978560,23990,187,439.8,0.7744407206773758,1860,0.2,0.12507182730837182,0.030249575,-0.006779001258558613,0.2647957356770833,-2.9190247793868185,0.0003,0.056684739887714386
1517.5372,957,23101440,24122,188,433.04,0.7513358145952225,1870,0.2,0.13748429480396832,0.031016743,-0.00795349321887746,0.2698095703125,-2.921129071302712,0.0003,0.02958451211452484
1481.7281,957,23224320,24251,189,428.58,0.7571264356374741,1880,0.2,0.13367189176739583,0.03032279,-0.007077584003703426,0.26639892578125,-2.890669502131641,0.0003,-0.001956697553396225
1428.8392,957,23347200,24381,190,404.82,0.7803104072809219,1890,0.2,0.14199194673409996,0.030593935,-0.006886130418036676,0.26873372395833334,-2.860697764356931,0.0003,0.020514648407697678
1427.2655,957,23470080,24513,191,400.74,0.761128380894661,1900,0.2,0.1331041605930659,0.03148538,-0.007476487191667426,0.2709431966145833,-2.863214743422965,0.0003,0.08502483367919922
1506.5061,957,23592960,24644,192,426.04,0.7927368730306625,1910,0.2,0.14780501473035354,0.030421525,-0.007022352111604657,0.2705485026041667,-2.8869695001468063,0.0003,0.03827318176627159
1502.4751,957,23715840,24776,193,427.28,0.7865736931562424,1920,0.2,0.1346876694361951,0.030456455,-0.006426970964481977,0.26331136067708333,-2.8708784116804598,0.0003,0.06536582112312317
1472.8248,957,23838720,24907,194,423.98,0.7476600110530853,1930,0.2,0.14316344216436847,0.030739177,-0.00742974855544162,0.26736083984375,-2.8799209296082457,0.0003,0.10521533340215683
1439.6323,956,23961600,25038,195,405.3,0.7476387321949005,1940,0.2,0.14972006906590346,0.032332715,-0.006934395619646238,0.2724788411458333,-2.8276868105803925,0.0003,0.08283045887947083
1536.486,955,24084480,25193,196,432.08,0.7717439830303192,1950,0.2,0.14171065228855392,0.030802758,-0.0071695484348614025,0.27001708984375,-2.8395785056923826,0.0003,0.03210625424981117
1522.3921,955,24207360,25323,197,438.34,0.7780463248491287,1960,0.2,0.14048794263789507,0.031769287,-0.007792176416466343,0.27262044270833335,-2.8549533573910595,0.0003,0.019813107326626778
1514.2549,955,24330240,25453,198,430.9,0.7760749161243439,1970,0.2,0.1411884990159888,0.03218292,-0.007149046861826112,0.27291422526041664,-2.8325406813373166,0.0003,0.11450082063674927
1537.068,955,24453120,25585,199,432.8,0.7967286854982376,1980,0.2,0.13131849246778682,0.03136661,-0.007569078693480454,0.27042561848958335,-2.8440373985966048,0.0003,0.013689728453755379
1524.909,955,24576000,25715,200,432.18,0.786504477262497,1990,0.2,0.12113385857713486,0.031147193,-0.00675518519189609,0.27239095052083334,-2.825477953789135,0.0003,0.1219111979007721
1485.7145,955,24698880,25847,201,419.54,0.8134793341159821,2000,0.2,0.12936766419375392,0.032021537,-0.0077996125181683355,0.2717586263020833,-2.8474070911854508,0.0003,-0.001152224838733673
1560.2942,955,24821760,25977,202,441.2,0.8119007647037506,2010,0.2,0.12399334553570952,0.031521186,-0.007310092665581275,0.27170003255208336,-2.8603030073146027,0.0003,0.08494403213262558
1487.6467,955,24944640,26108,203,421.9,0.7847641855478287,2020,0.2,0.1316537268376366,0.030381585,-0.00680136895710954,0.2643098958333333,-2.8210675491392614,0.0003,0.02904597669839859
1546.6775,955,25067520,26239,204,432.88,0.8095658272504807,2030,0.2,0.11967896677466343,0.030057473,-0.0070129528023547515,0.266220703125,-2.841880866413315,0.0003,0.02690912038087845
1547.48,954,25190400,26399,205,437.02,0.7735088765621185,2040,0.2,0.12315515729409526,0.030874925,-0.006638143939417205,0.26760986328125,-2.824417682054142,0.0003,0.007359091192483902
1486.7344,953,25313280,26551,206,420.48,0.7661740481853485,2050,0.2,0.12608970083024662,0.032115597,-0.007089297330664219,0.2698974609375,-2.8206615860760214,0.0003,0.02285270020365715
1563.4056,952,25436160,26713,207,441.62,0.807430237531662,2060,0.2,0.12915603239399692,0.030522486,-0.007041327396879448,0.26777018229166666,-2.8056107254202165,0.0003,0.06800246238708496
1573.2017,952,25559040,26846,208,444.74,0.7982207834720612,2070,0.2,0.12007323526398977,0.030281303,-0.0072382351550913885,0.26619059244791665,-2.8223842752352355,0.0003,0.09661401808261871
1545.7837,951,25681920,26979,209,435.36,0.7871188819408417,2080,0.2,0.11488604879947767,0.031163294,-0.007116134957971857,0.27198893229166665,-2.790602218012015,0.0003,0.011191681027412415
1568.8707,950,25804800,27140,210,438.58,0.7692999392747879,2090,0.2,0.11470986235988676,0.029948413,-0.007172727277411468,0.26544514973958333,-2.8438135347266993,0.0003,0.03210357576608658
1542.7622,950,25927680,27272,211,431.58,0.7568492740392685,2100,0.2,0.11787377386834123,0.029738458,-0.006808594080230251,0.2622176106770833,-2.8312778653452795,0.0003,0.08762586861848831
1518.7281,950,26050560,27403,212,426.04,0.797294870018959,2110,0.2,0.12088116308945852,0.029920125,-0.00707834116728615,0.26004475911458336,-2.8527686397358774,0.0003,0.03784061223268509
1552.788,950,26173440,27534,213,439.02,0.7976949661970139,2120,0.2,0.12351404958894516,0.031498637,-0.006964944354234224,0.26787760416666667,-2.8213973782087365,0.0003,-0.010426044464111328
1516.8717,950,26296320,27665,214,424.4,0.7822471261024475,2130,0.2,0.1142638975122827,0.030315053,-0.007304793402696911,0.26300130208333333,-2.8239230971286693,0.0003,0.04237010329961777
1567.5292,949,26419200,27819,215,435.8,0.7952431589365005,2140,0.2,0.11291929246518218,0.031487666,-0.007806608341788888,0.2682137044270833,-2.810449898603062,0.0003,0.019346456974744797
1550.8092,949,26542080,27949,216,430.98,0.790155902504921,2150,0.2,0.11498550257005263,0.030088158,-0.0069324416206988345,0.26430094401041665,-2.824027092841764,0.0003,0.05123825743794441
1513.5657,949,26664960,28079,217,421.28,0.774693563580513,2160,0.2,0.11671788959113959,0.030698158,-0.007327695682174635,0.26607096354166665,-2.8223753587032356,0.0003,0.061998117715120316
1568.8296,949,26787840,28209,218,434.9,0.7965173125267029,2170,0.2,0.10805812945298385,0.030049974,-0.00781302797176977,0.26365966796875,-2.822977244928479,0.0003,0.11460410058498383
1542.8248,949,26910720,28340,219,431.7,0.7930731326341629,2180,0.2,0.11377202640646525,0.029653193,-0.00737698860846649,0.2594222005208333,-2.8498169845094283,0.0003,0.01331581175327301
1544.0562,949,27033600,28472,220,430.28,0.7560583800077438,2190,0.2,0.12683752429836506,0.030861331,-0.006631618772413883,0.26260579427083336,-2.8184624817594885,0.0003,-0.0020099282264709473
1598.9784,948,27156480,28630,221,449.5,0.7911369651556015,2200,0.2,0.12870268739182697,0.030380968,-0.006685775854724246,0.2634375,-2.8205399027094247,0.0003,0.03376832976937294
1508.9436,948,27279360,28762,222,421.0,0.7584865242242813,2210,0.2,0.12232488206379154,0.03164726,-0.007088396721962151,0.26722574869791665,-2.802235674522817,0.0003,0.04797147959470749
1532.6746,948,27402240,28893,223,432.94,0.7891027331352234,2220,0.2,0.12316867171127038,0.030834606,-0.007102597749526467,0.2670166015625,-2.794090500784417,0.0003,-0.0055747851729393005
1533.5112,948,27525120,29024,224,432.96,0.7595290392637253,2230,0.2,0.13502033066028768,0.03092861,-0.006987035869618315,0.26473063151041665,-2.7834766671061515,0.0003,0.024002952501177788
1501.5769,948,27648000,29155,225,424.02,0.774149090051651,2240,0.2,0.1241929023093932,0.03071615,-0.007125496295257108,0.26833658854166664,-2.7803335599973797,0.0003,0.09397248178720474
1467.0306,948,27770880,29288,226,406.32,0.8003733605146408,2250,0.2,0.12285926379884282,0.032164533,-0.00720920504134483,0.269345703125,-2.740295261206726,0.0003,0.012322595342993736
1518.2896,948,27893760,29420,227,426.6,0.8119760155677795,2260,0.2,0.12327132122416515,0.03140646,-0.007467865026992513,0.26419270833333336,-2.7653042913476624,0.0003,0.11620882153511047
1417.5319,948,28016640,29551,228,394.88,0.7906001955270767,2270,0.2,0.1180085696207243,0.032486312,-0.007594661902797574,0.2697265625,-2.7510478759557007,0.0003,0.010816700756549835
1483.5392,948,28139520,29681,229,416.48,0.8008773624897003,2280,0.2,0.13006719383847667,0.03142747,-0.007230470277627319,0.26524739583333334,-2.7458899683256943,0.0003,0.011036708950996399
1443.6257,948,28262400,29812,230,411.94,0.7603499442338943,2290,0.2,0.12845398013208373,0.030894184,-0.007095531691123445,0.2638631184895833,-2.7381752621009947,0.0003,0.08636915683746338
1484.9386,947,28385280,29943,231,418.76,0.8035259693861008,2300,0.2,0.12930236088781386,0.030719936,-0.006569207990281332,0.2634521484375,-2.6860710162793597,0.0003,0.04537829011678696
1453.4,947,28508160,30073,232,412.56,0.7911580353975296,2310,0.2,0.1385789759316928,0.0318411,-0.0075208114892423815,0.2652718098958333,-2.733389438303808,0.0003,0.13123951852321625
1495.1361,947,28631040,30205,233,421.9,0.7828599363565445,2320,0.2,0.1408809373478289,0.03171463,-0.006767018771955312,0.2641324869791667,-2.719819488860667,0.0003,0.08061056584119797
1504.3777,946,28753920,30367,234,423.14,0.771824985742569,2330,0.2,0.13842764353360204,0.03077009,-0.007012922645244544,0.2656022135416667,-2.730975407833854,0.0003,-0.016374733299016953
1528.0448,945,28876800,30528,235,427.28,0.7793594300746918,2340,0.2,0.1413258873144514,0.03145018,-0.006825862033874728,0.26828206380208336,-2.691190091818571,0.0003,0.009306403808295727
1554.1418,945,28999680,30659,236,441.04,0.7520413845777512,2350,0.2,0.12966322579673337,0.031162333,-0.006505493459905362,0.2646150716145833,-2.710509149854382,0.0003,0.08153754472732544
1545.4667,945,29122560,30791,237,436.82,0.7615100890398026,2360,0.2,0.14601148330577415,0.032088894,-0.007099287504643143,0.26576416015625,-2.6778263030573726,0.0003,0.07597222924232483
1596.453,945,29245440,30922,238,448.4,0.7537940591573715,2370,0.2,0.14235334292704163,0.032351308,-0.006843613452044034,0.26636149088541666,-2.685125720202923,0.0003,0.049345098435878754
1546.5413,945,29368320,31054,239,435.68,0.7760143876075745,2380,0.2,0.1250516429055521,0.031897616,-0.007356698896146554,0.2660603841145833,-2.6960080498208603,0.0003,0.12145645171403885
1521.5842,945,29491200,31184,240,434.52,0.7592795491218567,2390,0.2,0.13775593556201784,0.031910393,-0.007389656475952506,0.26738118489583335,-2.6815526078393064,0.0003,0.049043022096157074
1478.049,945,29614080,31316,241,419.26,0.731867641210556,2400,0.2,0.12564281366222227,0.031503,-0.006684399889012032,0.26443033854166664,-2.627441524428626,0.0003,0.015195488929748535
1518.4694,945,29736960,31447,242,426.96,0.7562108486890793,2410,0.2,0.13729683394223685,0.03223668,-0.007113070695055891,0.26505208333333335,-2.649968664770325,0.0003,0.022214185446500778
1459.6299,945,29859840,31580,243,417.76,0.7917599976062775,2420,0.2,0.13581528654370534,0.030948747,-0.006482103286398342,0.2617317708333333,-2.6740972405299543,0.0003,0.06676380336284637
1494.5905,945,29982720,31711,244,426.46,0.765013188123703,2430,0.2,0.1327058696062886,0.031478588,-0.006800541844404507,0.262392578125,-2.619582510565718,0.0003,0.08227576315402985
1465.4706,945,30105600,31842,245,414.08,0.7657680809497833,2440,0.2,0.14283361462808292,0.032360587,-0.006231898380368269,0.26432210286458335,-2.6010709409664075,0.0003,0.06282705068588257
1508.732,944,30228480,32005,246,423.84,0.7765249311923981,2450,0.2,0.14756098985022012,0.031839278,-0.006747353804003069,0.26357421875,-2.564538988148173,0.0003,0.03968559950590134
1538.8934,944,30351360,32135,247,430.88,0.7855970710515976,2460,0.2,0.1345837510296648,0.032071806,-0.006698948081666458,0.2664314778645833,-2.6004513075823583,0.0003,0.010552694089710712
1480.7555,944,30474240,32267,248,416.66,0.7574386149644852,2470,0.2,0.14328919572988524,0.031696085,-0.007036325434546598,0.26259684244791665,-2.618990525988241,0.0003,0.010996181517839432
1500.8031,944,30597120,32398,249,424.56,0.7895108312368393,2480,0.2,0.14136778523902951,0.031868394,-0.006600416893173436,0.2647298177083333,-2.599268379261096,0.0003,0.04004858061671257
1514.5219,944,30720000,32529,250,423.54,0.7564821839332581,2490,0.2,0.14742735063899695,0.032245502,-0.006700129455405962,0.26384521484375,-2.5905171347161136,0.0003,0.08118213713169098
1480.3452,944,30842880,32660,251,414.78,0.7184625566005707,2500,0.2,0.14527479910146213,0.031775355,-0.006570399529112668,0.26301025390625,-2.614722104134659,0.0003,0.006566692143678665
1502.9608,944,30965760,32791,252,421.3,0.7825043052434921,2510,0.2,0.14158837242129568,0.031355646,-0.006271437824580062,0.2602197265625,-2.624810569124917,0.0003,0.005687078461050987
1442.3254,944,31088640,32924,253,405.66,0.7655677944421768,2520,0.2,0.13055899321460554,0.030567404,-0.006830315536377991,0.2597835286458333,-2.6291171926011643,0.0003,0.07411615550518036
1482.0876,944,31211520,33055,254,415.5,0.7887356728315353,2530,0.2,0.14386508753707555,0.031529926,-0.006900677781140984,0.26102783203125,-2.595026188492775,0.0003,-0.006875108927488327
1541.7332,944,31334400,33188,255,432.42,0.776670292019844,2540,0.2,0.12618657496680194,0.031218708,-0.007459238126557466,0.25812255859375,-2.62371566247195,0.0003,0.027036231011152267
1509.7668,944,31457280,33320,256,417.9,0.7457181811332703,2550,0.2,0.1486273167404579,0.031923536,-0.007100854079259686,0.2628328450520833,-2.6191066787640254,0.0003,0.07051262259483337
1510.813,944,31580160,33451,257,423.22,0.7636497914791107,2560,0.2,0.12717677845900957,0.0306686,-0.007051137821581506,0.25826904296875,-2.625118717973431,0.0003,0.06386544555425644
1572.4598,944,31703040,33582,258,440.48,0.8033395260572433,2570,0.2,0.13952228257112437,0.031193988,-0.006691681434749626,0.2589217122395833,-2.598346094128986,0.0003,0.05138782411813736
1491.8584,944,31825920,33713,259,415.14,0.7919690012931824,2580,0.2,0.13228032464607775,0.031202693,-0.007053741464139117,0.26065999348958335,-2.621348336096853,0.0003,0.0674620270729065
1565.918,943,31948800,33844,260,438.88,0.8016637414693832,2590,0.2,0.13804457142716273,0.0316107,-0.006449655709144887,0.26141764322916666,-2.6220749063044786,0.0003,0.006582535803318024
1565.5295,943,32071680,33976,261,439.6,0.7765155881643295,2600,0.2,0.13211966208356898,0.030117389,-0.006891531948998212,0.25656819661458335,-2.629966894723475,0.0003,0.03001297079026699
1543.4122,943,32194560,34107,262,428.8,0.7709918171167374,2610,0.2,0.13348518442624482,0.030767072,-0.006947827992453312,0.26019694010416666,-2.6177836436157427,0.0003,0.009357701987028122
1527.3549,943,32317440,34237,263,425.74,0.7950287163257599,2620,0.2,0.13650134808723427,0.031526923,-0.0070023722098509706,0.2616796875,-2.66557086682568,0.0003,-0.005691897124052048
1527.1195,943,32440320,34369,264,426.28,0.7657443135976791,2630,0.2,0.13148173874389613,0.030761829,-0.0065050703915949274,0.2588395182291667,-2.6238816234469415,0.0003,0.0341532826423645
1547.581,943,32563200,34501,265,434.08,0.7500708103179932,2640,0.2,0.13663987859773138,0.031172296,-0.006817169504295937,0.26285970052083335,-2.6212370444089172,0.0003,0.049686066806316376
1514.8828,943,32686080,34633,266,426.72,0.7960757464170456,2650,0.2,0.13584074609253244,0.03117959,-0.00681327827790786,0.25825358072916665,-2.607383369145294,0.0003,0.07756968587636948
1491.0681,943,32808960,34766,267,418.66,0.7708372473716736,2660,0.2,0.14472904887603363,0.032216687,-0.006275093212437544,0.25982259114583334,-2.606202912380298,0.0003,0.07033761590719223
1597.8906,943,32931840,34899,268,444.4,0.7976890355348587,2670,0.2,0.1384490970361124,0.031057203,-0.006813805943462891,0.25623046875,-2.6239730104679864,0.0003,0.06588330119848251
1510.5458,943,33054720,35030,269,423.84,0.7672392874956131,2680,0.2,0.1329276088035355,0.030829864,-0.007145059441542496,0.2558138020833333,-2.6888422074665628,0.0003,0.09861528873443604
1536.7965,943,33177600,35161,270,430.04,0.7513528168201447,2690,0.2,0.13957909570832272,0.03246001,-0.007056889582272561,0.26119547526041664,-2.6394580732658506,0.0003,0.05786879360675812
1596.1948,943,33300480,35293,271,445.44,0.8028530776500702,2700,0.2,0.13071575132557578,0.03188719,-0.007250928214846984,0.2594580078125,-2.643739229788383,0.0003,0.1290452480316162
1458.9856,943,33423360,35425,272,407.38,0.7520121037960052,2710,0.2,0.1393196239230262,0.03173413,-0.007258668282356666,0.26556640625,-2.6355110993608832,0.0003,0.05696135014295578
1483.5776,943,33546240,35558,273,412.98,0.7685917615890503,2720,0.2,0.13393008269466614,0.032907404,-0.0059885816283501,0.25913167317708335,-2.606521287014087,0.0003,0.16209301352500916
1530.1715,943,33669120,35690,274,428.32,0.7830212414264679,2730,0.2,0.15365945410516968,0.03186409,-0.007052488955450826,0.26441650390625,-2.6279317294309537,0.0003,-0.009672263637185097
1465.465,943,33792000,35822,275,411.26,0.7959449291229248,2740,0.2,0.14124211952798457,0.030837214,-0.00621832007454941,0.25635416666666666,-2.617144370476405,0.0003,0.07247282564640045
1548.7607,943,33914880,35953,276,432.58,0.8063132613897324,2750,0.2,0.15930379556977034,0.031812225,-0.0068387668986421585,0.2609659830729167,-2.5939135600253937,0.0003,0.00011701509356498718
1502.3633,943,34037760,36087,277,424.34,0.7489835321903229,2760,0.2,0.14596710319863632,0.031861562,-0.00639055528332392,0.26013020833333333,-2.5930608406290414,0.0003,0.1484672576189041
1526.3751,943,34160640,36221,278,431.54,0.7732662558555603,2770,0.2,0.1420748162564511,0.032989208,-0.006694624429552883,0.2620345052083333,-2.5944246214007336,0.0003,0.047613780945539474
1527.1669,943,34283520,36353,279,425.38,0.7776222378015518,2780,0.2,0.1430311042680599,0.031837024,-0.006624580149418762,0.26044352213541666,-2.598516791574657,0.0003,0.05738692730665207
1539.5698,942,34406400,36487,280,426.3,0.7432065010070801,2790,0.2,0.1420517073889884,0.031974506,-0.006789135156304837,0.26239339192708333,-2.601767006876568,0.0003,0.0931084156036377
1504.4396,942,34529280,36619,281,422.52,0.7721828818321228,2800,0.2,0.1355113588104723,0.03215269,-0.006385124349089892,0.26147054036458334,-2.5921021069462102,0.0003,0.012995313853025436
1511.846,942,34652160,36752,282,425.66,0.7923372536897659,2810,0.2,0.14568480123872482,0.032077756,-0.006846354518796336,0.25722086588541665,-2.6049034051100413,0.0003,0.20651204884052277
1517.3126,942,34775040,36915,283,419.2,0.7995235025882721,2820,0.2,0.12865507379795113,0.03132875,-0.006717526127552749,0.25700439453125,-2.6074629302322863,0.0003,0.008803530596196651
1549.049,941,34897920,37077,284,432.94,0.7430034279823303,2830,0.2,0.13500943764122592,0.032119635,-0.0068537080599435285,0.2608447265625,-2.6195893634607397,0.0003,0.11266542971134186
1540.4575,941,35020800,37209,285,427.56,0.7812070101499557,2840,0.2,0.13060730657171613,0.031238826,-0.00688538701152235,0.25555013020833334,-2.6109679390614233,0.0003,0.034660954028367996
