rollout/ep_rew_mean,time/total_timesteps,time/fps,rollout/ep_len_mean,time/time_elapsed,time/iterations,train/clip_fraction,train/learning_rate,train/explained_variance,train/entropy_loss,train/loss,train/n_updates,train/clip_range,train/policy_gradient_loss,train/value_loss,train/approx_kl
691.91876,122880,6535,445.9,18,1,,,,,,,,,,
727.7889,245760,1686,445.14,145,2,0.07556559244791666,0.0003,-0.09835159778594971,-4.2702832618355755,-0.008947664871811867,10,0.2,-0.006325870615255553,0.251331101564477,0.009215512
738.0597,368640,1359,450.0,271,3,0.09925048828125,0.0003,0.5395293533802032,-4.261607799505194,0.01119249314069748,20,0.2,-0.009629852486717331,0.059174483877820115,0.010125155
784.5044,491520,1237,450.0,397,4,0.12273356119791666,0.0003,0.655004233121872,-4.248726791565617,0.032053254544734955,30,0.2,-0.011184745068221673,0.06211782063677674,0.011205644
784.5048,614400,1176,443.96,522,5,0.13470621744791667,0.0003,0.6610860526561737,-4.235884037936727,0.0010689720511436462,40,0.2,-0.011340031036822134,0.07880244833766482,0.011942432
831.27203,737280,1139,443.22,646,6,0.15214192708333332,0.0003,0.6392331123352051,-4.219238857353727,0.0037175752222537994,50,0.2,-0.011439879176141404,0.08882736208965071,0.0131276
850.98065,860160,1114,442.1,771,7,0.158330078125,0.0003,0.6565708816051483,-4.205398229956627,0.0017564110457897186,60,0.2,-0.011872017233993877,0.09706145555654075,0.013678407
867.6619,983040,1070,444.44,918,8,0.16703043619791666,0.0003,0.6966917812824249,-4.188786732430259,-0.02365861088037491,70,0.2,-0.011511265656311782,0.10412282094844462,0.014517481
952.1467,1105920,1061,444.18,1042,9,0.17723225911458335,0.0003,0.7134311497211456,-4.173526338413358,0.047585442662239075,80,0.2,-0.011571500570498756,0.1030198165178687,0.014936735
999.5934,1228800,1053,450.0,1166,10,0.18456868489583333,0.0003,0.6637652516365051,-4.15749445065856,-0.0021822787821292877,90,0.2,-0.011382587812998585,0.11853558765530275,0.016062103
971.1757,1351680,1045,428.08,1292,11,0.19184733072916665,0.0003,0.6630510687828064,-4.145079036429524,0.06506545096635818,100,0.2,-0.011422068637342212,0.13864421589513465,0.016836949
1038.7133,1474560,1039,443.46,1418,12,0.19809814453125,0.0003,0.6276276409626007,-4.128830178330342,0.029883265495300293,110,0.2,-0.010941368733086468,0.13517667802264138,0.017039267
1035.5172,1597440,1033,424.28,1545,13,0.19438069661458332,0.0003,0.6659616529941559,-4.120549829478065,0.057388897985219955,120,0.2,-0.01081112247617663,0.131135929741237,0.016770149
1037.009,1720320,1029,427.62,1670,14,0.19862955729166668,0.0003,0.7271043360233307,-4.110034989664952,0.014544995501637459,130,0.2,-0.010709880527198644,0.13461208508369357,0.017156005
1136.8179,1843200,1025,444.54,1797,15,0.20327392578125,0.0003,0.74737948179245,-4.088401855838796,0.005911149084568024,140,0.2,-0.010385584651745982,0.1374352011367834,0.017891804
1153.0613,1966080,1018,442.08,1930,16,0.20922200520833334,0.0003,0.7452576756477356,-4.071891707504789,0.04146416112780571,150,0.2,-0.010595438567925157,0.12951459984954758,0.018280897
1186.6898,2088960,1016,443.78,2055,17,0.20798177083333333,0.0003,0.7922504991292953,-4.057971989276509,0.09209120273590088,160,0.2,-0.010226627615741866,0.10964231181996487,0.018351309
1180.0029,2211840,1014,442.34,2180,18,0.20949381510416668,0.0003,0.7505575865507126,-4.042706219380101,-0.010918565094470978,170,0.2,-0.009874671894625256,0.11547986339050112,0.018608646
1169.7091,2334720,1011,442.2,2307,19,0.22328776041666668,0.0003,0.7794823795557022,-4.023782834286491,0.0032155942171812057,180,0.2,-0.01030308071788871,0.12154548818070907,0.019609936
1195.1171,2457600,1009,433.38,2434,20,0.22204182942708334,0.0003,0.808429479598999,-4.012826406508684,0.0633896142244339,190,0.2,-0.010426063229454788,0.11033270461087037,0.019999536
1191.295,2580480,1007,440.88,2560,21,0.22243570963541667,0.0003,0.8266041576862335,-3.9964385698363185,0.03339038044214249,200,0.2,-0.009849099946401717,0.10346352201129776,0.019769711
1175.1821,2703360,1005,432.84,2687,22,0.22591878255208334,0.0003,0.8151583075523376,-3.990701819869379,0.00485871359705925,210,0.2,-0.009538451306325442,0.1233604710373523,0.020345863
1223.5122,2826240,1004,435.14,2812,23,0.22488850911458333,0.0003,0.8320622742176056,-3.9828092902277907,-0.012031666934490204,220,0.2,-0.009192108105204776,0.11442559270178511,0.020293213
1255.9137,2949120,1002,437.84,2941,24,0.22789632161458334,0.0003,0.820067822933197,-3.9723863264794153,0.03319066762924194,230,0.2,-0.009679197309809146,0.1081777934267302,0.020716818
1254.1466,3072000,1001,443.98,3067,25,0.23149739583333334,0.0003,0.831041544675827,-3.966318986217181,0.009558010846376419,240,0.2,-0.009488593405403662,0.10497017192605805,0.021286374
1236.3862,3194880,999,440.98,3195,26,0.23544677734375,0.0003,0.8246091902256012,-3.938216845144828,0.11730929464101791,250,0.2,-0.009376066018200315,0.10888230075623141,0.021690998
1301.3037,3317760,999,448.42,3320,27,0.23389811197916666,0.0003,0.801775798201561,-3.9254375656694176,0.04408339411020279,260,0.2,-0.009113994039144018,0.10850211203554257,0.021657256
1277.1558,3440640,997,441.08,3449,28,0.23719889322916668,0.0003,0.8157124370336533,-3.906522585302591,0.05648643150925636,270,0.2,-0.008897461275658618,0.11637277913367143,0.021613486
1280.3368,3563520,996,443.1,3575,29,0.23649739583333335,0.0003,0.8271468281745911,-3.9026520822818083,0.011647935956716537,280,0.2,-0.009013476728299186,0.10280583586446786,0.02193903
1282.7306,3686400,996,438.36,3700,30,0.23777180989583332,0.0003,0.833709180355072,-3.8863821190223096,0.03522178530693054,290,0.2,-0.009050870877196455,0.09516548816910168,0.021685952
1279.5868,3809280,995,432.22,3828,31,0.24548583984375,0.0003,0.8602663725614548,-3.8632096049934628,0.010564696043729782,300,0.2,-0.009291305805557688,0.10155494082466854,0.022969775
1312.7666,3932160,986,435.02,3984,32,0.24641520182291668,0.0003,0.8615779727697372,-3.843315697920819,0.013273272663354874,310,0.2,-0.008501820648834837,0.10163140452893761,0.022957632
1296.1418,4055040,982,434.44,4126,33,0.24705403645833332,0.0003,0.8610333800315857,-3.8381487044195333,0.03550449013710022,320,0.2,-0.008652383310275884,0.1063779673173849,0.02323115
1328.7694,4177920,982,426.76,4253,34,0.2534261067708333,0.0003,0.8660903126001358,-3.818018839582801,0.04890480637550354,330,0.2,-0.009282856572948124,0.10152451113943244,0.02431724
1350.1155,4300800,981,440.26,4380,35,0.2516048177083333,0.0003,0.8660807758569717,-3.815997246329983,0.066753089427948,340,0.2,-0.008839247587384308,0.1017650219378993,0.023715751
1320.0941,4423680,981,433.62,4508,36,0.248388671875,0.0003,0.834817111492157,-3.791639419049025,0.0802680030465126,350,0.2,-0.008400219800635872,0.09963868325920582,0.02335384
1374.343,4546560,980,444.18,4636,37,0.25136962890625,0.0003,0.8602551519870758,-3.7858076393976807,0.05314598232507706,360,0.2,-0.00911126131352527,0.11243820204903993,0.02388108
1357.3822,4669440,979,436.1,4765,38,0.24953450520833334,0.0003,0.8587030619382858,-3.7838240605096023,0.0012643039226531982,370,0.2,-0.008513233187944327,0.09593224497099678,0.023783468
1333.6782,4792320,979,423.72,4891,39,0.24999186197916667,0.0003,0.8287216126918793,-3.786960854654511,-0.029602613300085068,380,0.2,-0.008639957200181621,0.10997421132846891,0.023286423
1414.129,4915200,979,446.46,5018,40,0.25425618489583335,0.0003,0.8479763716459274,-3.773594775100549,-0.009016428142786026,390,0.2,-0.008557765357187842,0.12924423970272378,0.024018276
1428.246,5038080,979,444.34,5144,41,0.25366617838541666,0.0003,0.8306633532047272,-3.767711094133556,-0.014108821749687195,400,0.2,-0.008585980254865717,0.10397561028706453,0.024352722
1338.4872,5160960,979,425.14,5271,42,0.2562687174479167,0.0003,0.819529190659523,-3.7614554959908126,0.045588135719299316,410,0.2,-0.009223498153960463,0.10045493230878492,0.024203774
1406.9183,5283840,978,436.44,5398,43,0.25732421875,0.0003,0.8248298317193985,-3.7579721013704934,0.03211762756109238,420,0.2,-0.008819733417015717,0.10571647532410376,0.024284799
1386.9983,5406720,978,433.08,5526,44,0.25894368489583336,0.0003,0.8355185985565186,-3.7463742249210674,0.040014609694480896,430,0.2,-0.008566573727839567,0.11901062053725278,0.024959125
1388.8861,5529600,978,433.48,5653,45,0.26012776692708334,0.0003,0.8383829146623611,-3.736717961964508,0.09151700139045715,440,0.2,-0.008876471625402095,0.10756989992252784,0.025564278
1451.6686,5652480,977,450.0,5780,46,0.25546875,0.0003,0.7631167769432068,-3.721541918044289,0.07851919531822205,450,0.2,-0.008438895558804992,0.1296129805915795,0.024887599
1384.422,5775360,977,434.5,5908,47,0.25270914713541665,0.0003,0.7741652876138687,-3.7177337321390707,0.04837178811430931,460,0.2,-0.008271052818636236,0.11213395834885886,0.024126697
1431.1681,5898240,977,441.54,6036,48,0.25641520182291666,0.0003,0.8276556134223938,-3.69852087666591,0.02281894162297249,470,0.2,-0.0084848860633853,0.1096481794116941,0.02479379
1446.3002,6021120,976,450.0,6165,49,0.2602311197916667,0.0003,0.8436268717050552,-3.68635253769656,0.034725360572338104,480,0.2,-0.008638901929462008,0.11334119920405404,0.025652928
1406.9723,6144000,976,437.32,6293,50,0.25624755859375,0.0003,0.8349963426589966,-3.681063629798591,-0.02126190811395645,490,0.2,-0.008661301860774984,0.1014215362004082,0.024857556
1380.6865,6266880,975,432.62,6421,51,0.26318603515625,0.0003,0.8182317912578583,-3.6725851032634576,0.02358580194413662,500,0.2,-0.008719020619931446,0.11799091534553251,0.025755176
1370.7681,6389760,975,424.78,6550,52,0.2644474283854167,0.0003,0.8458084166049957,-3.6690107851723828,0.04552263393998146,510,0.2,-0.008432706250344684,0.135177034149771,0.025826367
1430.4086,6512640,975,435.4,6677,53,0.25684733072916666,0.0003,0.8579143285751343,-3.6651211861893533,0.02484092488884926,520,0.2,-0.008337146751809996,0.13228140718672268,0.024912592
1414.4829,6635520,972,443.76,6821,54,0.25616292317708333,0.0003,0.8032552003860474,-3.6736548922831815,0.04346567392349243,530,0.2,-0.008561979896403499,0.12141016456429497,0.024875963
1347.2527,6758400,972,420.38,6948,55,0.257490234375,0.0003,0.8551382422447205,-3.6400199811781446,0.012115508317947388,540,0.2,-0.008430178540511406,0.11976210498939811,0.025297143
1402.1417,6881280,972,439.7,7074,56,0.2619523111979167,0.0003,0.8490260541439056,-3.620895937035481,0.040339335799217224,550,0.2,-0.00880035699160544,0.11950939444019847,0.025293062
1369.1935,7004160,972,421.52,7201,57,0.26059407552083336,0.0003,0.8432648330926895,-3.605524935250481,0.026553574949502945,560,0.2,-0.008066369139335923,0.13292449146130822,0.025310326
1380.8503,7127040,972,431.66,7330,58,0.26006673177083334,0.0003,0.8544080853462219,-3.6063693005467456,0.027721107006072998,570,0.2,-0.00876630572227441,0.11330236020784165,0.0254892
1375.0312,7249920,971,428.12,7458,59,0.25711995442708335,0.0003,0.7866776138544083,-3.599583179963132,0.08622067421674728,580,0.2,-0.008086503330390163,0.11942398072749105,0.025464913
1344.1458,7372800,969,420.72,7602,60,0.262763671875,0.0003,0.8094561845064163,-3.576111356529097,0.03568760305643082,590,0.2,-0.008426903981180657,0.12818465453611377,0.025934493
1398.5747,7495680,969,434.86,7729,61,0.2611971028645833,0.0003,0.8381168693304062,-3.5738383566960694,0.029047563672065735,600,0.2,-0.007652774063529553,0.1391822766851207,0.025342112
1425.9086,7618560,969,438.1,7855,62,0.26360188802083334,0.0003,0.8416652530431747,-3.5621384622777503,0.02485855296254158,610,0.2,-0.008793859537172466,0.12065965378511465,0.025891703
1410.0316,7741440,969,434.84,7983,63,0.262685546875,0.0003,0.8521478176116943,-3.564429869589706,-0.01340678334236145,620,0.2,-0.00880537614617424,0.10992446838082591,0.02599693
1407.8019,7864320,969,437.28,8111,64,0.26193684895833336,0.0003,0.8502817749977112,-3.53606456246227,0.10128268599510193,630,0.2,-0.00833753698407842,0.1175436635215495,0.02651939
1453.1157,7987200,969,447.58,8241,65,0.2648046875,0.0003,0.845949575304985,-3.525971780071656,0.018841706216335297,640,0.2,-0.00897796610492757,0.10363738005481234,0.026978217
1403.8754,8110080,969,430.76,8368,66,0.25934000651041667,0.0003,0.8302045911550522,-3.508337547853589,0.13316883146762848,650,0.2,-0.007878831276520941,0.11484193310684834,0.026100414
1406.342,8232960,968,426.7,8497,67,0.26043863932291667,0.0003,0.7934274524450302,-3.5170034906143943,-0.0018162671476602554,660,0.2,-0.007791050591761935,0.10905626626859885,0.025847863
1408.5084,8355840,968,436.98,8625,68,0.2641072591145833,0.0003,0.8317243307828903,-3.4967712839941183,0.012999151833355427,670,0.2,-0.007924696867230524,0.12053635299361,0.026562754
1431.8762,8478720,968,438.86,8754,69,0.26252848307291665,0.0003,0.7905470579862595,-3.500804777306815,0.008086500689387321,680,0.2,-0.008316942134946052,0.10363369490538996,0.025718527
1407.6083,8601600,968,430.38,8882,70,0.2630485026041667,0.0003,0.789976641535759,-3.486685842486719,0.02069436013698578,690,0.2,-0.007659736913404534,0.12314548525837987,0.02644261
1429.4163,8724480,968,427.0,9011,71,0.2598193359375,0.0003,0.8390524387359619,-3.485246544368565,0.012846999801695347,700,0.2,-0.007625370959837407,0.10696120610722573,0.025882047
1420.2407,8847360,968,431.58,9138,72,0.26655192057291666,0.0003,0.8122572898864746,-3.4744492522378763,0.02871214598417282,710,0.2,-0.007201541176449003,0.13274657050380484,0.027122064
1417.3142,8970240,968,430.04,9265,73,0.27038818359375,0.0003,0.8006250858306885,-3.4827950052792827,0.05513681471347809,720,0.2,-0.00810965582986076,0.12622201922805593,0.027726237
1427.5283,9093120,968,436.22,9392,74,0.26549153645833334,0.0003,0.803156778216362,-3.4547872866690157,0.07734164595603943,730,0.2,-0.007179378567088861,0.12861634287507817,0.026900368
1432.7561,9216000,967,430.84,9520,75,0.2689013671875,0.0003,0.7815307378768921,-3.436414285960297,0.035004131495952606,740,0.2,-0.007881238532869853,0.1347690429132005,0.027359637
1386.466,9338880,968,417.84,9647,76,0.2695947265625,0.0003,0.8456535786390305,-3.4404839459558327,0.021883808076381683,750,0.2,-0.007907614959088581,0.12954986904291824,0.027304163
1408.9224,9461760,968,427.82,9774,77,0.2686897786458333,0.0003,0.7811696529388428,-3.4344679333517947,0.03089035674929619,760,0.2,-0.008012905304428082,0.13283999096636157,0.026912477
1488.1328,9584640,967,445.38,9902,78,0.2673868815104167,0.0003,0.8338766843080521,-3.41871931022654,0.0725555270910263,770,0.2,-0.007930553601599968,0.12090861196668508,0.027120262
1423.5314,9707520,967,426.2,10031,79,0.2650634765625,0.0003,0.8066802024841309,-3.413802832998335,-0.005071211606264114,780,0.2,-0.00766330404421448,0.10546700955582007,0.026954254
1410.6558,9830400,967,426.9,10158,80,0.26858154296875,0.0003,0.8255593180656433,-3.403294461828967,0.24821291863918304,790,0.2,-0.007410364522696303,0.14572634066697598,0.027887648
1358.3036,9953280,967,419.66,10288,81,0.26734537760416666,0.0003,0.8317258954048157,-3.385687413128714,0.04481120780110359,800,0.2,-0.007463929443911183,0.11438878587049355,0.026799265
1420.2734,10076160,967,428.32,10414,82,0.2722062174479167,0.0003,0.8395152240991592,-3.364388524306317,0.01646818034350872,810,0.2,-0.007256683042032819,0.12337823481512411,0.028151043
1441.1764,10199040,967,430.38,10542,83,0.2711661783854167,0.0003,0.8412390500307083,-3.368626298494637,0.019422462210059166,820,0.2,-0.007496459082716077,0.11084710235406722,0.027710116
1449.3811,10321920,967,435.84,10669,84,0.2766007486979167,0.0003,0.8032777458429337,-3.344989062435925,0.038922328501939774,830,0.2,-0.007139263567911863,0.14362388156480543,0.028390199
1399.5535,10444800,967,419.18,10800,85,0.27387044270833333,0.0003,0.8426532596349716,-3.339830230412384,0.06910137832164764,840,0.2,-0.00803191350486183,0.14553824780232388,0.028934415
1379.9778,10567680,966,417.0,10929,86,0.27385904947916667,0.0003,0.8032645732164383,-3.3391470900923013,0.006711948662996292,850,0.2,-0.006888349015362109,0.1527309956258978,0.028673613
1441.46,10690560,966,434.32,11060,87,0.27009440104166665,0.0003,0.8593877851963043,-3.341213943772018,0.034816041588783264,860,0.2,-0.007198974534918913,0.14668816531047923,0.02764115
1403.4474,10813440,966,415.12,11186,88,0.2707421875,0.0003,0.8585674613714218,-3.3545790121580166,0.0382901169359684,870,0.2,-0.007355667642908278,0.13120331116864692,0.027884075
1423.3662,10936320,966,425.94,11314,89,0.26944661458333335,0.0003,0.8443811982870102,-3.3589432062457005,0.004481174051761627,880,0.2,-0.007421249020486963,0.1486905916307781,0.02730847
1427.0632,11059200,966,424.28,11443,90,0.2676570638020833,0.0003,0.8273565918207169,-3.3548926806201536,0.061827436089515686,890,0.2,-0.007423081110234004,0.13500770543236285,0.027474813
1456.5383,11182080,966,435.92,11572,91,0.2687076822916667,0.0003,0.8447158336639404,-3.342492227554321,0.10768783092498779,900,0.2,-0.007450440935899678,0.13898412858921802,0.02806356
1507.2393,11304960,966,443.04,11700,92,0.26885904947916667,0.0003,0.8165602087974548,-3.3227525195727745,0.05133245140314102,910,0.2,-0.007252564891832663,0.11693807510106126,0.027394513
1406.2216,11427840,966,414.64,11827,93,0.26833170572916665,0.0003,0.7623096108436584,-3.3355121562629937,0.07123204320669174,920,0.2,-0.0074445782921429785,0.12281617622085227,0.027661216
1433.1285,11550720,966,427.0,11956,94,0.2667488606770833,0.0003,0.8210569471120834,-3.2909820939103764,0.026667829602956772,930,0.2,-0.00662389732381295,0.12645485915748092,0.027469095
1492.9314,11673600,964,436.32,12100,95,0.2727913411458333,0.0003,0.8360286206007004,-3.289109266847372,0.06286647170782089,940,0.2,-0.006947079218619668,0.11943712613341631,0.028550036
1464.3668,11796480,964,433.5,12228,96,0.268447265625,0.0003,0.817579448223114,-3.286960371409853,0.023806922137737274,950,0.2,-0.006740321490812372,0.14512917938351166,0.028164607
1429.3406,11919360,963,423.94,12368,97,0.27075520833333333,0.0003,0.81454236805439,-3.2987403818964958,0.03881087154150009,960,0.2,-0.007384993353043683,0.14419406727907091,0.027487734
1500.7092,12042240,963,442.64,12498,98,0.26468343098958336,0.0003,0.8308419436216354,-3.277402890784045,0.02858535200357437,970,0.2,-0.00712247475409337,0.12062145906966179,0.026933126
1444.8835,12165120,963,425.02,12626,99,0.2717976888020833,0.0003,0.8567050844430923,-3.2801612233246367,0.09124711155891418,980,0.2,-0.007522838789591333,0.1359398209003363,0.028907383
1399.1608,12288000,963,415.48,12755,100,0.27202229817708334,0.0003,0.8535097986459732,-3.2523325758799912,0.04681507498025894,990,0.2,-0.008276137191229887,0.12328946693887702,0.028795743
1451.374,12410880,963,428.44,12883,101,0.27420979817708335,0.0003,0.8361489325761795,-3.2591614048803845,-0.009984221309423447,1000,0.2,-0.007125645750729746,0.16286787082712786,0.028021634
1456.8335,12533760,963,431.78,13010,102,0.27190592447916667,0.0003,0.860009029507637,-3.2553152907267213,0.008201882243156433,1010,0.2,-0.007481601992070258,0.131453023654758,0.028851755
1444.31,12656640,963,428.58,13139,103,0.2707625325520833,0.0003,0.8362815678119659,-3.222935095615685,0.05648932605981827,1020,0.2,-0.006608547233681748,0.1439287126463023,0.028608851
1496.8599,12779520,963,439.86,13267,104,0.26845865885416664,0.0003,0.8172623664140701,-3.1968292305245996,-0.0022776294499635696,1030,0.2,-0.006877516392220665,0.11743551489188879,0.0280526
1427.3024,12902400,963,420.04,13394,105,0.26935221354166666,0.0003,0.806288406252861,-3.2117114687586823,0.04559428244829178,1040,0.2,-0.007634916883425831,0.12838488356772965,0.028406166
1360.197,13025280,963,399.84,13525,106,0.26282145182291666,0.0003,0.8667076975107193,-3.1851810905958216,0.05501937121152878,1050,0.2,-0.006840150870457365,0.13065438596133996,0.028077485
1439.1737,13148160,962,421.8,13653,107,0.26761555989583335,0.0003,0.8590471595525742,-3.183977416915198,0.028798528015613556,1060,0.2,-0.007423784609475964,0.13944783817675974,0.028035637
1441.1852,13271040,962,428.34,13782,108,0.2653702799479167,0.0003,0.8252620548009872,-3.183946033716202,0.01470944844186306,1070,0.2,-0.006947771730362244,0.1269448824041562,0.028071437
1435.821,13393920,962,428.76,13918,109,0.2644954427083333,0.0003,0.8502053916454315,-3.179701176645855,0.0657220110297203,1080,0.2,-0.006597870236003776,0.15720210073088917,0.027438564
1418.0352,13516800,962,423.14,14045,110,0.2694580078125,0.0003,0.8473935723304749,-3.1608058869838715,0.030476663261651993,1090,0.2,-0.0069116586292754315,0.13102607237553457,0.028691692
1393.2439,13639680,962,415.86,14172,111,0.27051513671875,0.0003,0.7852738052606583,-3.1735668284073473,0.041770096868276596,1100,0.2,-0.006995082128305512,0.14423885150492424,0.029071432
1461.4971,13762560,962,437.14,14299,112,0.2728548177083333,0.0003,0.8123764395713806,-3.155651678070426,0.06260240077972412,1110,0.2,-0.007380926209686246,0.14687634653130469,0.028292663
1415.6324,13885440,962,418.28,14428,113,0.272294921875,0.0003,0.8311945647001266,-3.1706615802894036,0.041746363043785095,1120,0.2,-0.007162645917608946,0.14120851803105325,0.028707957
1427.0156,14008320,962,419.04,14555,114,0.2708837890625,0.0003,0.7936408370733261,-3.1841625903422632,0.06713370978832245,1130,0.2,-0.007251165620776495,0.14883721300323183,0.028608346
1488.0778,14131200,962,435.7,14682,115,0.2708821614583333,0.0003,0.8449382334947586,-3.1714894264936446,0.0372622013092041,1140,0.2,-0.007129517348924613,0.15727404758130434,0.028709497
1418.9697,14254080,962,415.3,14809,116,0.26934163411458334,0.0003,0.7664799392223358,-3.1637207851186395,-0.0036025457084178925,1150,0.2,-0.007006363706708119,0.11968439035777313,0.028715543
1422.5425,14376960,962,419.12,14936,117,0.26855550130208333,0.0003,0.8194827139377594,-3.1591609825069704,0.0895417332649231,1160,0.2,-0.006893836209019355,0.13049471355567221,0.028446443
1469.4263,14499840,962,433.2,15065,118,0.2704833984375,0.0003,0.8096054643392563,-3.139075104991595,0.03262060880661011,1170,0.2,-0.00658436756483449,0.13997486131993356,0.029276848
1459.9191,14622720,962,426.62,15192,119,0.2661865234375,0.0003,0.8023040145635605,-3.139011169622342,0.04576494172215462,1180,0.2,-0.006787432000558814,0.1372345188856707,0.02853244
1484.7164,14745600,961,435.76,15333,120,0.26911865234375,0.0003,0.8082517832517624,-3.1436088487133382,0.03176143020391464,1190,0.2,-0.007125788267585449,0.12739499892675668,0.028383613
1395.1848,14868480,959,415.1,15491,121,0.26533935546875,0.0003,0.8008497655391693,-3.136392955717941,0.07929105311632156,1200,0.2,-0.006787467250666548,0.13756817673100158,0.027985094
1402.0135,14991360,959,415.04,15619,122,0.2760978190104167,0.0003,0.811088427901268,-3.112628815770149,0.19869552552700043,1210,0.2,-0.006824371346398645,0.1483582930659759,0.030034037
1403.0897,15114240,959,415.98,15747,123,0.26841552734375,0.0003,0.8096334785223007,-3.100393031661709,0.032087184488773346,1220,0.2,-0.006775968972724513,0.13360831494879677,0.02900043
1401.0978,15237120,959,408.84,15875,124,0.27087158203125,0.0003,0.8252689093351364,-3.0723794952904186,0.03719460591673851,1230,0.2,-0.0068895506222906985,0.13353224904819702,0.029183174
1471.1669,15360000,959,436.04,16003,125,0.26969482421875,0.0003,0.8625990897417068,-3.0534290203203756,0.03622183948755264,1240,0.2,-0.0066027316792042256,0.1513037971703064,0.029244179
1489.6656,15482880,959,437.28,16130,126,0.26572998046875,0.0003,0.8359446823596954,-3.0432832893480857,0.06157363951206207,1250,0.2,-0.006562763738193098,0.12332281263021287,0.028841274
1422.251,15605760,959,413.34,16260,127,0.2684765625,0.0003,0.7939998358488083,-3.038164001690845,0.1027073934674263,1260,0.2,-0.006596671493055813,0.13731009784329218,0.02880299
1488.9648,15728640,959,427.34,16388,128,0.26851318359375,0.0003,0.8158567845821381,-3.034480142518878,0.07075736671686172,1270,0.2,-0.00669911272745594,0.13682570390509985,0.028261714
1474.6852,15851520,959,428.98,16517,129,0.2680330403645833,0.0003,0.8039873242378235,-3.052678629557292,0.03849862515926361,1280,0.2,-0.006246885328403853,0.1415627115498258,0.028606553
1465.0797,15974400,959,430.52,16647,130,0.2680973307291667,0.0003,0.8600796014070511,-3.0469560248404743,0.11434333026409149,1290,0.2,-0.007428015151760974,0.13596609732883128,0.028814828
1487.7378,16097280,959,435.2,16774,131,0.26524658203125,0.0003,0.8237029016017914,-3.020412902173897,0.008300166577100754,1300,0.2,-0.006403178775847967,0.12820807788918803,0.028162388
1471.643,16220160,959,424.52,16903,132,0.2647908528645833,0.0003,0.8079493045806885,-3.0367777461061873,0.06685197353363037,1310,0.2,-0.007075775818163189,0.13273369858254833,0.028483273
1527.3917,16343040,958,444.54,17056,133,0.27073079427083335,0.0003,0.7903113961219788,-3.033472956866026,0.08022643625736237,1320,0.2,-0.007026905793833672,0.14346390832623002,0.029758874
1472.5732,16465920,958,427.32,17186,134,0.2654264322916667,0.0003,0.8383784592151642,-3.027629114960631,0.0086583960801363,1330,0.2,-0.006911322496301484,0.11823829073196976,0.028416626
1541.6458,16588800,957,445.68,17316,135,0.26495930989583333,0.0003,0.829651728272438,-3.0227828395366667,-0.0035367757081985474,1340,0.2,-0.006691805507695487,0.1301949927874375,0.027710028
1519.871,16711680,957,434.48,17447,136,0.2645670572916667,0.0003,0.8021033406257629,-3.028570396838089,0.05997217446565628,1350,0.2,-0.007364599616030318,0.11652101672278756,0.02873536
1499.172,16834560,957,430.8,17577,137,0.2650984700520833,0.0003,0.8610484898090363,-3.037806898318231,-0.006506836041808128,1360,0.2,-0.007185478742042809,0.11914922339802918,0.02862777
1443.9631,16957440,957,421.06,17707,138,0.26530598958333335,0.0003,0.8457844108343124,-2.993843082350989,0.02929757535457611,1370,0.2,-0.006885711692245119,0.13583873230789323,0.02823362
1433.2655,17080320,957,418.14,17835,139,0.26660237630208333,0.0003,0.865023747086525,-2.981406549947957,0.07786327600479126,1380,0.2,-0.007002908178983489,0.13165099318755286,0.028877731
1481.6506,17203200,957,427.74,17963,140,0.27037190755208335,0.0003,0.8430840224027634,-2.9927194133400916,0.009384777396917343,1390,0.2,-0.007158298294577131,0.15656882190708227,0.029160837
1493.8534,17326080,957,430.28,18093,141,0.27148274739583333,0.0003,0.8384452015161514,-2.965884513705969,0.009768608957529068,1400,0.2,-0.00601145250825842,0.1412029001294286,0.029194087
1510.9648,17448960,957,432.84,18221,142,0.2656429036458333,0.0003,0.8323103338479996,-2.9790822504336636,0.06579667329788208,1410,0.2,-0.006874637758737662,0.12561246124256287,0.028512092
1454.3264,17571840,957,419.82,18352,143,0.26458251953125,0.0003,0.8295842260122299,-2.962687163129449,0.0452900230884552,1420,0.2,-0.007074849288383121,0.12187763180050146,0.027946662
1536.6611,17694720,957,442.28,18480,144,0.2655509440104167,0.0003,0.8384997248649597,-2.961058558896184,0.02041393332183361,1430,0.2,-0.006847894772345171,0.14341281684629698,0.028935222
1411.779,17817600,957,407.9,18609,145,0.2684073893229167,0.0003,0.8348403871059418,-2.9694375421603523,0.035340867936611176,1440,0.2,-0.006678221205953984,0.12726384669193067,0.028852494
1503.1757,17940480,957,434.62,18738,146,0.2657722981770833,0.0003,0.8396855443716049,-2.9660236507902544,0.04474464803934097,1450,0.2,-0.006546210593848324,0.13831022192491219,0.028425511
1466.6288,18063360,957,419.96,18867,147,0.27486246744791665,0.0003,0.8252632915973663,-2.9328625297918918,0.02711256965994835,1460,0.2,-0.007515267780424134,0.1569828061069711,0.029605694
1487.8253,18186240,957,425.54,18996,148,0.26856852213541665,0.0003,0.8230738192796707,-2.9408579992254573,0.036573730409145355,1470,0.2,-0.006561055705812275,0.14941267486438542,0.029765181
1512.1173,18309120,957,432.54,19124,149,0.26713948567708334,0.0003,0.8670939356088638,-2.9458082280183833,0.05050741136074066,1480,0.2,-0.006295234958676398,0.14469893988527474,0.029038154
1498.2717,18432000,957,428.8,19251,150,0.2682267252604167,0.0003,0.8403214067220688,-2.9377556752165157,-0.0037139970809221268,1490,0.2,-0.007093206224605335,0.12679446341241904,0.029822983
1460.8723,18554880,957,415.22,19381,151,0.2707080078125,0.0003,0.8295313864946365,-2.9401050568496188,0.04336143657565117,1500,0.2,-0.006408385092830334,0.1560018428749754,0.029500868
1429.8461,18677760,957,409.9,19509,152,0.27501220703125,0.0003,0.7771064788103104,-2.954847174870471,0.009535841643810272,1510,0.2,-0.006807559161667693,0.17187843645733664,0.030201137
1471.7991,18800640,957,417.76,19637,153,0.26971842447916666,0.0003,0.8253830373287201,-2.950637986647586,0.117772176861763,1520,0.2,-0.006464314386915551,0.15427127706032479,0.029863063
1481.3821,18923520,957,419.16,19765,154,0.27062418619791667,0.0003,0.829408586025238,-2.951127098289629,0.10149767994880676,1530,0.2,-0.006884472544613042,0.13571207157277967,0.030053964
1499.331,19046400,957,429.78,19893,155,0.2699226888020833,0.0003,0.817364513874054,-2.9385115901753305,0.05067228525876999,1540,0.2,-0.006835353312544612,0.13864407261717132,0.030042632
1525.0884,19169280,957,437.6,20021,156,0.272021484375,0.0003,0.8075843304395676,-2.930759175059696,0.02893446944653988,1550,0.2,-0.007379696573237501,0.14819109568595498,0.03011251
1517.0931,19292160,957,436.46,20151,157,0.26580810546875,0.0003,0.8189460635185242,-2.9148504657795034,0.05334419757127762,1560,0.2,-0.006415005072221902,0.1308710925236422,0.028538523
1487.2074,19415040,957,426.88,20278,158,0.2665584309895833,0.0003,0.8316332399845123,-2.924614000854393,0.0488550066947937,1570,0.2,-0.006543452329181795,0.1417019113392841,0.029545724
1426.7496,19537920,957,410.78,20406,159,0.2691145833333333,0.0003,0.8306254297494888,-2.9215920843432346,0.05722460895776749,1580,0.2,-0.006520085616751506,0.12912232705003893,0.02950722
1430.5138,19660800,957,413.52,20536,160,0.27184163411458334,0.0003,0.8440997749567032,-2.9170304171616834,0.08997722715139389,1590,0.2,-0.00661877205019664,0.16906118296756176,0.029848136
1456.184,19783680,957,420.44,20665,161,0.26741617838541665,0.0003,0.8288372755050659,-2.911198927499354,0.03331589326262474,1600,0.2,-0.006504626561503149,0.14884746013451755,0.029801209
1477.18,19906560,957,427.82,20794,162,0.27045817057291666,0.0003,0.8570453226566315,-2.8909283462290962,0.043818168342113495,1610,0.2,-0.005781209143860906,0.16291622747473108,0.030133704
1524.7621,20029440,957,441.16,20923,163,0.2725325520833333,0.0003,0.884310245513916,-2.873698539050917,0.03813008964061737,1620,0.2,-0.006840262619083054,0.16124653399368982,0.030815301
1417.196,20152320,957,411.0,21051,164,0.27376953125,0.0003,0.8022413849830627,-2.8690153799330194,0.0388667955994606,1630,0.2,-0.006512984378638673,0.1610408463246616,0.03053569
1418.7485,20275200,957,412.24,21179,165,0.27164143880208336,0.0003,0.82440285384655,-2.870463408318659,0.2446298450231552,1640,0.2,-0.0062698503870281756,0.16778036853366454,0.029673317
1364.7719,20398080,957,389.72,21307,166,0.26459147135416666,0.0003,0.8661080449819565,-2.8715656689802804,0.05110643804073334,1650,0.2,-0.00559567292475549,0.145598276060191,0.029289125
1406.9675,20520960,957,405.3,21437,167,0.273095703125,0.0003,0.8491183370351791,-2.843114685614904,0.03365600109100342,1660,0.2,-0.005855011676158028,0.21200074759535104,0.031114237
1416.8344,20643840,957,413.82,21566,168,0.26804524739583335,0.0003,0.8517002463340759,-2.8665483917171755,0.03644029051065445,1670,0.2,-0.006029072657632545,0.18233241014085555,0.029795507
1459.5746,20766720,957,422.68,21693,169,0.2741316731770833,0.0003,0.8575291186571121,-2.846350282964607,0.047492772340774536,1680,0.2,-0.006329102965131218,0.18778298436518526,0.030872587
1476.8008,20889600,957,424.9,21823,170,0.27007405598958334,0.0003,0.8167519867420197,-2.8432286858186124,0.07723964750766754,1690,0.2,-0.006720347476942455,0.15879510378765796,0.029965278
1472.6466,21012480,957,423.4,21953,171,0.27034423828125,0.0003,0.8524037152528763,-2.832271614645918,0.08218546211719513,1700,0.2,-0.0066907377638593364,0.18066774792037904,0.030825507
1387.4884,21135360,957,397.82,22082,172,0.26735758463541665,0.0003,0.8054463714361191,-2.856656857803464,0.09693627059459686,1710,0.2,-0.006251510213660367,0.17623356116227418,0.02986822
1418.5323,21258240,957,411.62,22210,173,0.2610498046875,0.0003,0.8403115123510361,-2.843876117778321,0.042992133647203445,1720,0.2,-0.005476962284847104,0.1559313676924406,0.028798942
1507.4286,21381120,957,433.76,22339,174,0.2631787109375,0.0003,0.841803103685379,-2.85277291610837,0.022500723600387573,1730,0.2,-0.0063462680718294,0.1633796375836634,0.02923014
1433.693,21504000,957,411.74,22469,175,0.26598795572916667,0.0003,0.7931457161903381,-2.859118393423657,0.01794198527932167,1740,0.2,-0.006616195132928624,0.1743066863314016,0.029768694
1472.1089,21626880,957,422.5,22598,176,0.26981282552083335,0.0003,0.817688524723053,-2.8401775150870283,0.06664562225341797,1750,0.2,-0.00662204390979241,0.1780027524154866,0.030217174
1450.7753,21749760,955,413.36,22756,177,0.26610188802083334,0.0003,0.8139171451330185,-2.855121564505001,0.02096409723162651,1760,0.2,-0.006523866206098319,0.16614832112934286,0.029590076
1509.4861,21872640,955,432.56,22884,178,0.2661971028645833,0.0003,0.8434548527002335,-2.8387685351446272,0.057437263429164886,1770,0.2,-0.006803839225891958,0.16097959403297865,0.029945834
1481.8506,21995520,955,426.66,23015,179,0.262958984375,0.0003,0.8031497299671173,-2.82512512922287,0.058554507791996,1780,0.2,-0.005657381227232084,0.20094465473938422,0.029446824
1449.3352,22118400,955,413.34,23144,180,0.2622607421875,0.0003,0.82569819688797,-2.84580534050862,0.08447582274675369,1790,0.2,-0.006065944615578095,0.1581857810387737,0.028875886
1449.5153,22241280,955,416.08,23273,181,0.266083984375,0.0003,0.8442176878452301,-2.799091745627423,0.007475629448890686,1800,0.2,-0.006294797755447993,0.20680929564153,0.030455789
1502.5127,22364160,955,428.2,23402,182,0.2658992513020833,0.0003,0.8043297976255417,-2.8006155960510175,0.13791343569755554,1810,0.2,-0.006364956925875352,0.17323360746367447,0.030185798
1479.4011,22487040,955,425.1,23535,183,0.26642252604166666,0.0003,0.8108456879854202,-2.8302101016789676,0.02842293307185173,1820,0.2,-0.006364837278594374,0.17644347069658883,0.029923653
1407.5906,22609920,955,406.68,23664,184,0.26367350260416667,0.0003,0.8449597060680389,-2.811340404599905,0.058988288044929504,1830,0.2,-0.006687216279963953,0.16918005187180823,0.029449904
1379.318,22732800,955,393.64,23794,185,0.263369140625,0.0003,0.8286767899990082,-2.7942819592480856,0.03658539056777954,1840,0.2,-0.006450222137433835,0.19137216464829787,0.029634817
1447.799,22855680,955,413.72,23924,186,0.2659147135416667,0.0003,0.8408986777067184,-2.782758399459223,0.06438370048999786,1850,0.2,-0.006967435931601358,0.20426950653083623,0.03051903
1403.409,22978560,954,402.94,24067,187,0.261826171875,0.0003,0.8531631827354431,-2.7849235708266495,0.06885294616222382,1860,0.2,-0.006538351808061027,0.163502840277215,0.02929918
1419.2028,23101440,954,406.02,24196,188,0.2638728841145833,0.0003,0.8405675888061523,-2.77516242283086,0.01840079203248024,1870,0.2,-0.006595874348458892,0.20129014187734962,0.0300988
1458.7473,23224320,954,415.52,24326,189,0.26132893880208335,0.0003,0.8537833839654922,-2.7772958512604236,0.031831201165914536,1880,0.2,-0.006061204619484973,0.19789487543380044,0.029300515
1519.9939,23347200,954,428.94,24453,190,0.26609375,0.0003,0.814634382724762,-2.7640272129451233,0.09428178519010544,1890,0.2,-0.0058472770431399115,0.24488890282576903,0.030415706
1429.0635,23470080,954,407.6,24584,191,0.26928059895833334,0.0003,0.8447476178407669,-2.764137055700024,0.10833928734064102,1900,0.2,-0.006716039940214007,0.20576569442491746,0.03042178
1423.0562,23592960,954,405.32,24713,192,0.267470703125,0.0003,0.7933290302753448,-2.763038705661893,0.05673883855342865,1910,0.2,-0.006847719226134359,0.20220337907453845,0.031267047
1391.3267,23715840,954,399.04,24843,193,0.26332275390625,0.0003,0.8515155166387558,-2.7550860369578003,0.06461791694164276,1920,0.2,-0.006562196934079717,0.2083970668480227,0.030332752
1352.1005,23838720,954,385.22,24976,194,0.2616170247395833,0.0003,0.8371941298246384,-2.7193928750852745,0.06994815170764923,1930,0.2,-0.005858447005442334,0.2123188575869426,0.030472036
1488.4364,23961600,954,425.28,25105,195,0.264765625,0.0003,0.8328359723091125,-2.7183453300967813,0.13537366688251495,1940,0.2,-0.006001787212505103,0.20621198841671382,0.03071516
1413.8102,24084480,954,401.54,25236,196,0.2646183268229167,0.0003,0.853869691491127,-2.7317016446590423,0.031408991664648056,1950,0.2,-0.006184028889304803,0.1829860199005149,0.029836455
1547.8727,24207360,954,434.72,25365,197,0.2640185546875,0.0003,0.8754134401679039,-2.729509538648029,0.10210371762514114,1960,0.2,-0.006008216131504014,0.20426094696226452,0.030195022
1468.9222,24330240,954,420.4,25501,198,0.26203531901041666,0.0003,0.802457794547081,-2.721949719749391,-0.008625097572803497,1970,0.2,-0.005831327266684336,0.20389066192758037,0.029622432
1318.9911,24453120,954,375.12,25630,199,0.2644571940104167,0.0003,0.8081747144460678,-2.6942257586990794,0.06731952726840973,1980,0.2,-0.0061721581924696995,0.2042021409626856,0.030923873
1448.8877,24576000,954,413.96,25759,200,0.26473307291666665,0.0003,0.8547226041555405,-2.7175944096470874,0.022415056824684143,1990,0.2,-0.006766507532984178,0.21017482827679487,0.03108315
1492.9222,24698880,953,426.08,25890,201,0.26614013671875,0.0003,0.8742478638887405,-2.7076255159825084,0.09400956332683563,2000,0.2,-0.006149441488929976,0.15379837269021665,0.030719304
1436.1864,24821760,954,406.22,26018,202,0.26236409505208336,0.0003,0.8323745578527451,-2.708270822217067,0.09540823101997375,2010,0.2,-0.006498803651293201,0.22415521108642375,0.029643146
1446.9307,24944640,954,407.94,26147,203,0.26360514322916667,0.0003,0.7985828667879105,-2.7074835990120967,0.06557560712099075,2020,0.2,-0.006166237753338161,0.2055672245483341,0.030220065
1499.5463,25067520,953,423.4,26278,204,0.26752115885416666,0.0003,0.8488937616348267,-2.7031302779043713,0.12643533945083618,2030,0.2,-0.006507362259702253,0.18478908462566324,0.03063749
1350.9882,25190400,953,378.54,26407,205,0.27003580729166665,0.0003,0.8442918807268143,-2.6980204000199834,0.01109667494893074,2040,0.2,-0.006184397019342214,0.18350706701050512,0.03185841
1540.4446,25313280,953,429.72,26537,206,0.26532145182291667,0.0003,0.8671012073755264,-2.6573820632944503,0.1049637645483017,2050,0.2,-0.005618172969649701,0.23839456218110475,0.03017704
1530.6234,25436160,953,434.72,26665,207,0.25921223958333334,0.0003,0.8061930537223816,-2.724798637839655,0.08071139454841614,2060,0.2,-0.006346358552382299,0.15844851017881106,0.02989199
1440.4733,25559040,953,398.56,26794,208,0.2627001953125,0.0003,0.8434578776359558,-2.6674909164384006,0.03582512587308884,2070,0.2,-0.005755173375273443,0.18490059326558064,0.030904777
1481.0106,25681920,953,416.9,26922,209,0.259169921875,0.0003,0.86848184466362,-2.6770181800425052,0.14561760425567627,2080,0.2,-0.006240285089249179,0.16489379670014992,0.029906996
1407.2311,25804800,953,395.36,27050,210,0.26462727864583335,0.0003,0.8005407005548477,-2.660459608162443,0.04398677870631218,2090,0.2,-0.006018313940991599,0.20311240504389086,0.030744942
1460.0095,25927680,953,405.14,27181,211,0.26232828776041667,0.0003,0.8613867908716202,-2.6380862871557476,0.06134219467639923,2100,0.2,-0.005698934921905069,0.189746895954983,0.030012151
1387.9392,26050560,953,401.12,27309,212,0.2624153645833333,0.0003,0.8737504929304123,-2.628274927288294,0.08562669903039932,2110,0.2,-0.005783746705419617,0.18997458896298972,0.030860571
1456.3185,26173440,952,411.42,27468,213,0.26480305989583336,0.0003,0.8632626086473465,-2.603521215269963,0.043703965842723846,2120,0.2,-0.005719175773847383,0.22565920588502195,0.031153312
1358.1373,26296320,952,376.68,27597,214,0.26350748697916665,0.0003,0.8497379571199417,-2.6205787960936626,0.3138526380062103,2130,0.2,-0.005646803032902123,0.21243531582071834,0.032066666
1428.0897,26419200,952,402.94,27727,215,0.26605712890625,0.0003,0.8342994153499603,-2.628871271212896,0.1832903027534485,2140,0.2,-0.005716148811497988,0.21173594439974597,0.031220503
1445.4973,26542080,952,403.68,27856,216,0.26379801432291666,0.0003,0.8467578440904617,-2.634400812673072,0.011910917237401009,2150,0.2,-0.006480521673208083,0.19968567695546274,0.031309173
1476.907,26664960,952,416.18,27985,217,0.2648518880208333,0.0003,0.8147499859333038,-2.6255176447704436,0.04839460551738739,2160,0.2,-0.005905905145940172,0.1913884683267679,0.0312864
1409.4769,26787840,952,394.68,28113,218,0.2613167317708333,0.0003,0.8395344018936157,-2.600711752871672,0.5921445488929749,2170,0.2,-0.005864489787557735,0.207248212643608,0.030324025
1397.771,26910720,952,393.74,28241,219,0.2610164388020833,0.0003,0.8456126898527145,-2.6063790448382496,0.041954196989536285,2180,0.2,-0.004958196227598819,0.2185196998915247,0.03033722
1406.3159,27033600,952,399.42,28369,220,0.26313720703125,0.0003,0.8506969511508942,-2.578472831249237,0.017159316688776016,2190,0.2,-0.00521401345290542,0.22427132517361315,0.031621646
1498.3326,27156480,952,425.0,28499,221,0.27048828125,0.0003,0.841217041015625,-2.5634933215131364,0.0316496342420578,2200,0.2,-0.006141399437947257,0.2194719155243365,0.033106513
1464.3247,27279360,952,416.04,28628,222,0.263349609375,0.0003,0.7958897203207016,-2.5790832191581528,0.05963042378425598,2210,0.2,-0.005323100341399064,0.22124696577957365,0.031456452
1465.9167,27402240,952,414.5,28759,223,0.26471516927083333,0.0003,0.8460798561573029,-2.58482995989422,0.06190193444490433,2220,0.2,-0.00554155277289586,0.20433913095213938,0.031587128
1400.5927,27525120,952,394.12,28889,224,0.26895589192708336,0.0003,0.8340430706739426,-2.5666668544709683,0.2453097701072693,2230,0.2,-0.0058814822843608755,0.2039885886767297,0.03206915
1459.8336,27648000,952,409.94,29017,225,0.2632470703125,0.0003,0.8622334599494934,-2.603403331053754,0.05636421963572502,2240,0.2,-0.005604835477054924,0.19945691153533213,0.03068865
1427.7429,27770880,952,400.72,29149,226,0.2671378580729167,0.0003,0.8423207253217697,-2.5696058332547547,0.2091493308544159,2250,0.2,-0.0054994812693560866,0.24019669765179666,0.031977613
1364.3063,27893760,952,385.12,29279,227,0.2670060221354167,0.0003,0.8343780785799026,-2.5686515035356083,0.040847379714250565,2260,0.2,-0.005128973438004323,0.2542222712262689,0.03191848
1370.803,28016640,952,387.28,29408,228,0.26813313802083333,0.0003,0.8434071242809296,-2.5572430418431757,0.08573097735643387,2270,0.2,-0.005498583174470089,0.28001754560275005,0.032227125
1424.0867,28139520,952,398.58,29537,229,0.26396240234375,0.0003,0.8456389158964157,-2.5864547450095414,0.021843984723091125,2280,0.2,-0.00570874385594531,0.20940714209825576,0.03166045
1406.5562,28262400,952,405.7,29665,230,0.26474202473958336,0.0003,0.8269254118204117,-2.5818727942431967,0.11380989849567413,2290,0.2,-0.006033987429218541,0.23860213952701695,0.032348227
1447.914,28385280,952,409.66,29793,231,0.2649104817708333,0.0003,0.8306224197149277,-2.5790306100745997,0.07295650988817215,2300,0.2,-0.005401072912184948,0.25978851414440823,0.032049507
1449.9207,28508160,952,409.18,29923,232,0.26260009765625,0.0003,0.8567473143339157,-2.5613687774538993,0.051336683332920074,2310,0.2,-0.005618275438240138,0.2074700623822476,0.031163342
1474.9254,28631040,952,418.84,30052,233,0.26276041666666666,0.0003,0.8528672605752945,-2.581031166923543,0.0016208738088607788,2320,0.2,-0.005670159257794391,0.19143981125962456,0.031987645
1436.0001,28753920,952,404.16,30181,234,0.2541959635416667,0.0003,0.8547227531671524,-2.5764526246115564,0.11558488011360168,2330,0.2,-0.005498769944030452,0.17818815446808003,0.030153835
1439.4491,28876800,952,407.46,30310,235,0.26283447265625,0.0003,0.8254747539758682,-2.594858279141287,0.029293010011315346,2340,0.2,-0.005639458382775047,0.19951872680792196,0.031215478
1491.9955,28999680,952,419.96,30439,236,0.26233642578125,0.0003,0.8454056084156036,-2.592814280452828,0.0954165905714035,2350,0.2,-0.005919407407539741,0.19177769705323347,0.030911334
1370.5608,29122560,952,385.04,30569,237,0.2597151692708333,0.0003,0.8687915205955505,-2.5812528648972513,0.14712801575660706,2360,0.2,-0.005284035031891108,0.22360274506732822,0.030460622
1451.5116,29245440,952,414.6,30698,238,0.25912109375,0.0003,0.8373538702726364,-2.5731257080162564,0.17436298727989197,2370,0.2,-0.005902778371931466,0.21645944150087112,0.03158517
1342.1663,29368320,952,380.42,30827,239,0.2621915690104167,0.0003,0.8239824026823044,-2.6139981004099053,0.08739994466304779,2380,0.2,-0.005527675591602019,0.22803285119851352,0.031034227
1402.4712,29491200,952,398.08,30955,240,0.26585042317708335,0.0003,0.8196244239807129,-2.558230090873937,0.11559237539768219,2390,0.2,-0.005954484136345854,0.26028647047263803,0.031772558
1338.673,29614080,952,382.28,31085,241,0.26174723307291664,0.0003,0.7916143238544464,-2.588835012900333,0.09099068492650986,2400,0.2,-0.005563776752909083,0.24894902767729946,0.031512905
1409.5856,29736960,952,406.16,31215,242,0.26226236979166667,0.0003,0.8677125424146652,-2.5735021501034496,0.11847633868455887,2410,0.2,-0.005788064090314341,0.24331604243556892,0.031130321
1338.0394,29859840,952,384.34,31343,243,0.2595524088541667,0.0003,0.8217080980539322,-2.557849869256218,0.1885143667459488,2420,0.2,-0.004995807134388693,0.26261886496193865,0.031811606
1455.5728,29982720,952,413.36,31473,244,0.26012532552083334,0.0003,0.8370364159345627,-2.545648884102702,0.06770206987857819,2430,0.2,-0.005350021251075911,0.2641207203216618,0.031873748
1435.1483,30105600,952,411.02,31603,245,0.26226481119791667,0.0003,0.8317283540964127,-2.5597903013850254,0.05190903693437576,2440,0.2,-0.005631365711396938,0.2381004393627518,0.03166362
1376.6852,30228480,952,399.78,31734,246,0.2572835286458333,0.0003,0.8487582206726074,-2.559267257514099,0.034041933715343475,2450,0.2,-0.005382951196521996,0.23720851544319885,0.03139084
1479.6572,30351360,952,416.66,31862,247,0.25915201822916667,0.0003,0.8229330480098724,-2.5501979749898114,0.09651502966880798,2460,0.2,-0.0050301464064796166,0.22223082596533156,0.030872686
1480.4056,30474240,952,421.0,31992,248,0.2616935221354167,0.0003,0.8259555846452713,-2.5506921849275628,0.05239652097225189,2470,0.2,-0.005871377770893862,0.2517895618636976,0.031684704
1474.3252,30597120,952,415.2,32121,249,0.2586588541666667,0.0003,0.8131223022937775,-2.5508384901160994,0.07658696174621582,2480,0.2,-0.00557014049730545,0.22141183643873472,0.030716918
1369.4681,30720000,952,392.58,32249,250,0.25934733072916666,0.0003,0.8189423531293869,-2.5643469402069847,0.056933313608169556,2490,0.2,-0.005752469414455845,0.2108514502584391,0.03220888
1459.5608,30842880,952,411.24,32378,251,0.25991373697916664,0.0003,0.8164108991622925,-2.539285761527717,0.3810111880302429,2500,0.2,-0.005430912474736639,0.2740291527386095,0.031289715
1318.0598,30965760,952,380.34,32506,252,0.2606306966145833,0.0003,0.7909786701202393,-2.551190315770606,0.0519285649061203,2510,0.2,-0.005179645890460355,0.26410682567763916,0.03215913
1433.0054,31088640,952,408.16,32635,253,0.259873046875,0.0003,0.8114230185747147,-2.5711539250239728,0.14901310205459595,2520,0.2,-0.005256710853873301,0.25068516325942863,0.03192079
1397.4117,31211520,952,392.06,32764,254,0.25814453125,0.0003,0.841036781668663,-2.5654097431277236,0.07321739941835403,2530,0.2,-0.005362056489945341,0.24588297141444249,0.031608596
1441.266,31334400,952,409.12,32894,255,0.2585652669270833,0.0003,0.8212955743074417,-2.560326791430513,0.08501197397708893,2540,0.2,-0.005455643151623614,0.2658538962588258,0.031140517
1378.9673,31457280,952,389.94,33024,256,0.2550431315104167,0.0003,0.83651103079319,-2.56397946515431,0.04183642566204071,2550,0.2,-0.005078934902224622,0.2088881144086675,0.030209986
1469.9973,31580160,952,416.32,33152,257,0.25969319661458334,0.0003,0.8539614528417587,-2.5465884478390217,0.13675439357757568,2560,0.2,-0.005913489427827396,0.2049663313268684,0.03137778
1374.2545,31703040,952,389.56,33279,258,0.25877766927083334,0.0003,0.8002305328845978,-2.5738987290735045,0.12271451950073242,2570,0.2,-0.004949506319298962,0.24425420848904952,0.030847311
1475.9175,31825920,952,420.16,33407,259,0.25756266276041667,0.0003,0.8213060200214386,-2.540729157899817,0.123576320707798,2580,0.2,-0.004868686193155251,0.23527599196337784,0.031130087
1465.7915,31948800,952,414.58,33538,260,0.25915283203125,0.0003,0.8156012892723083,-2.551605558618903,0.1582907736301422,2590,0.2,-0.005549475939563612,0.21525319679960375,0.031270556
1455.1742,32071680,952,413.04,33666,261,0.26121663411458335,0.0003,0.8226035982370377,-2.5471757997572424,0.03254164010286331,2600,0.2,-0.005918299359121496,0.2031228592203115,0.0315291
1475.7354,32194560,952,413.96,33795,262,0.25963460286458334,0.0003,0.8160430341959,-2.5402446755518517,0.05102582275867462,2610,0.2,-0.0052346284462995146,0.24280918528849724,0.031308997
1398.1006,32317440,952,398.24,33925,263,0.25900634765625,0.0003,0.8532866388559341,-2.54892756515493,0.10629767179489136,2620,0.2,-0.005938456177397408,0.20224289054827144,0.031602565
1445.1858,32440320,952,405.58,34060,264,0.2602897135416667,0.0003,0.8222369402647018,-2.543610644650956,0.07224922627210617,2630,0.2,-0.005993227313162303,0.23128234554392596,0.031295743
1495.8743,32563200,952,417.28,34188,265,0.25977213541666666,0.0003,0.8117017596960068,-2.544083293558409,0.05759695917367935,2640,0.2,-0.005752141180158409,0.22420238139486173,0.031662684
1434.5905,32686080,952,401.66,34318,266,0.260791015625,0.0003,0.8238510489463806,-2.563151929055651,0.03059304505586624,2650,0.2,-0.006153322144728008,0.20360694682458416,0.031081831
1500.8517,32808960,952,427.98,34448,267,0.2650065104166667,0.0003,0.8470078855752945,-2.531843405564626,0.06620660424232483,2660,0.2,-0.0058451651902032605,0.24430820210448775,0.03209097
1466.3728,32931840,952,407.48,34579,268,0.26134847005208334,0.0003,0.7978899627923965,-2.5291470945750674,0.07117325812578201,2670,0.2,-0.005275465167384633,0.19873765528250564,0.031812754
1530.6606,33054720,952,433.04,34709,269,0.25750244140625,0.0003,0.7972283661365509,-2.532334825992584,0.045508600771427155,2680,0.2,-0.005910760251354077,0.2066354802933832,0.03108228
1480.9011,33177600,952,416.64,34839,270,0.2592822265625,0.0003,0.8072051256895065,-2.4984067676588895,0.11457999795675278,2690,0.2,-0.005641593596559081,0.20018343667208682,0.031299647
1467.4756,33300480,952,412.7,34970,271,0.26025553385416667,0.0003,0.8335258960723877,-2.5314943474406997,0.09075280278921127,2700,0.2,-0.006214126606264472,0.18797686628463756,0.030800717
1505.6882,33423360,952,422.9,35100,272,0.25897786458333333,0.0003,0.8370907604694366,-2.4887692654381195,0.10077330470085144,2710,0.2,-0.00595209352569024,0.22405489934540432,0.031124089
1469.5776,33546240,952,408.2,35229,273,0.257763671875,0.0003,0.7715370208024979,-2.476154262709121,0.08042566478252411,2720,0.2,-0.005738860907525426,0.21161177958148378,0.030777577
1481.6265,33669120,951,411.46,35388,274,0.25759195963541665,0.0003,0.8284560441970825,-2.4590666940808297,0.09457962214946747,2730,0.2,-0.005771935004583307,0.22373647346626968,0.031057704
1471.6577,33792000,951,404.2,35519,275,0.2579451497395833,0.0003,0.8129076510667801,-2.469774622004479,0.029587898403406143,2740,0.2,-0.0055444313561141215,0.18749199451063758,0.030951194
1531.5674,33914880,951,422.8,35648,276,0.25766194661458336,0.0003,0.835508868098259,-2.452132357272009,0.11880611628293991,2750,0.2,-0.005830090516198349,0.22823166241995446,0.031524234
1498.9758,34037760,951,414.72,35778,277,0.25831787109375,0.0003,0.8114946633577347,-2.452966612962385,0.03375234082341194,2760,0.2,-0.005427775216351923,0.19533277399847673,0.031259686
1471.6172,34160640,951,412.1,35908,278,0.25294921875,0.0003,0.8218923956155777,-2.4652902845665814,0.02725006267428398,2770,0.2,-0.005802898211616897,0.18464126441336703,0.030762998
1511.75,34283520,951,418.28,36037,279,0.25671630859375,0.0003,0.8103878647089005,-2.462921703606844,0.050765641033649445,2780,0.2,-0.005847152915721381,0.18863110879203304,0.031219168
1474.8326,34406400,951,413.6,36168,280,0.25928059895833333,0.0003,0.81959168612957,-2.426329680159688,0.11349090933799744,2790,0.2,-0.005889183333768718,0.19847482833700875,0.031780355
1411.1943,34529280,950,389.8,36327,281,0.25822998046875,0.0003,0.7832827866077423,-2.460350494881471,0.04400569945573807,2800,0.2,-0.0057830172457336935,0.17797081748741525,0.03141341
1483.4312,34652160,950,409.48,36457,282,0.25355224609375,0.0003,0.8300794959068298,-2.4296503909491003,0.0691070705652237,2810,0.2,-0.005534953740000977,0.20158268699393375,0.030981766
1493.3589,34775040,950,417.38,36599,283,0.26022216796875,0.0003,0.8381973057985306,-2.4419419585292537,0.04646112397313118,2820,0.2,-0.00633518763722653,0.1852188164416778,0.03184557
1504.0602,34897920,950,408.2,36728,284,0.25677652994791667,0.0003,0.8308569192886353,-2.4255680442787706,0.05844420567154884,2830,0.2,-0.005891489456807904,0.20943516091657027,0.031531706
1487.8615,35020800,950,410.32,36858,285,0.2565462239583333,0.0003,0.8058287650346756,-2.422392176873982,0.09348572045564651,2840,0.2,-0.005519046096900032,0.22667945242108545,0.03090075
