rollout/ep_len_mean,time/total_timesteps,time/time_elapsed,time/fps,time/iterations,rollout/ep_rew_mean,train/n_updates,train/clip_fraction,train/value_loss,train/clip_range,train/loss,train/explained_variance,train/entropy_loss,train/approx_kl,train/policy_gradient_loss,train/learning_rate
327.2,122880,20,5983,1,1401.0347,,,,,,,,,,
341.6666666666667,245760,211,1160,2,1471.009,4900,0.3428515625,0.2707611486501992,0.2,0.014441844075918198,0.7792996764183044,-1.0466793998951713,0.1273608,-0.0055117620681661116,0.0002
402.6,368640,400,921,3,1692.0464,4910,0.35210530598958334,0.08178500318759083,0.2,-0.03167480602860451,0.8896026909351349,-1.0735646246932447,0.23403072,-0.00856001534727208,0.0002
315.0,491520,588,835,4,1289.5139,4920,0.34484944661458333,0.0632289517471266,0.2,0.04078903794288635,0.9108296036720276,-1.0814300030873467,0.12943067,-0.008065692071938125,0.0002
314.2,614400,776,791,5,1302.7709,4930,0.3423486328125,0.08784657927166942,0.2,0.006882932037115097,0.9004662483930588,-1.098742510781934,0.121813856,-0.00717202462872289,0.0002
329.26666666666665,737280,968,760,6,1383.7195,4940,0.34183837890625,0.07148999760713196,0.2,-0.008404746651649475,0.9110214412212372,-1.0898197871415565,0.11769979,-0.007174933440640719,0.0002
339.8,860160,1157,743,7,1436.1383,4950,0.33974283854166665,0.06329136754223631,0.2,0.005189839750528336,0.9284943267703056,-1.0742698789574205,0.11654913,-0.008072786458451447,0.0002
346.6666666666667,983040,1346,730,8,1412.4403,4960,0.34211588541666665,0.06948655341528744,0.2,0.0992560088634491,0.9297161251306534,-1.0937517685443163,0.11685952,-0.007260801746306242,0.0002
355.8,1105920,1537,719,9,1452.9493,4970,0.34168212890625,0.0887204337612881,0.2,0.036447905004024506,0.9149385392665863,-1.0866126218717544,0.117444836,-0.007648416498498894,0.0002
376.93333333333334,1228800,1726,711,10,1523.5317,4980,0.34066324869791664,0.08929469433035896,0.2,0.05901847034692764,0.9221996143460274,-1.1013127175159751,0.11684404,-0.0069247633466450985,0.0002
394.46666666666664,1351680,1915,705,11,1639.685,4990,0.339638671875,0.07521657321910122,0.2,0.02649758569896221,0.9234905615448952,-1.1026787577848882,0.11921085,-0.00601845840496632,0.0002
298.4,1474560,2104,700,12,1221.1747,5000,0.33517252604166664,0.07159170776292739,0.2,-0.009047981351613998,0.9309434145689011,-1.0862626943271607,0.1161779,-0.006115896732195931,0.0002
352.53333333333336,1597440,2293,696,13,1465.3461,5010,0.34065348307291665,0.055800733508488826,0.2,0.0024764668196439743,0.9334320798516273,-1.0970315859342614,0.120078325,-0.008091900939501405,0.0002
323.2,1720320,2482,692,14,1322.4094,5020,0.33734293619791667,0.0627358061454773,0.2,-0.0036041829735040665,0.9271688833832741,-1.1048424402965853,0.116251625,-0.00740530955592476,0.0002
373.93333333333334,1843200,2670,690,15,1544.6764,5030,0.3398307291666667,0.07229346240657226,0.2,-0.008847497403621674,0.9011965319514275,-1.0972265452798455,0.11945534,-0.006460402407847141,0.0002
328.93333333333334,1966080,2856,688,16,1315.0743,5040,0.3380354817708333,0.057954932414577345,0.2,-0.017575059086084366,0.9159025773406029,-1.1061723684395353,0.11889186,-0.008035466933809706,0.0002
364.0,2088960,3044,686,17,1501.9032,5050,0.33895670572916664,0.06651705230663842,0.2,-0.006632354110479355,0.9064108207821846,-1.1222084094273548,0.12014092,-0.007305668519660078,0.0002
376.1333333333333,2211840,3233,684,18,1604.5692,5060,0.3349479166666667,0.06475936593199245,0.2,0.0947251096367836,0.9092500805854797,-1.1106888791670402,0.1160681,-0.0067283254066251175,0.0002
323.46666666666664,2334720,3421,682,19,1345.0114,5070,0.32974853515625,0.061362089167620676,0.2,0.03660132735967636,0.9149640873074532,-1.0894425731245427,0.11358849,-0.007259830561412552,0.0002
400.6666666666667,2457600,3610,680,20,1680.3141,5080,0.33169352213541664,0.06437082387734942,0.2,0.0580599308013916,0.9216455742716789,-1.0736893000019094,0.116592474,-0.007399199140121103,0.0002
361.26666666666665,2580480,3799,679,21,1492.3859,5090,0.33523763020833336,0.06558621619997818,0.2,0.006450409069657326,0.8985398560762405,-1.0718799469030151,0.12328456,-0.006951393033517282,0.0002
315.4,2703360,3987,677,22,1348.6007,5100,0.33619140625,0.08595404454300781,0.2,0.00044461432844400406,0.9039997905492783,-1.082337164847801,0.12038036,-0.00653575455340615,0.0002
371.8666666666667,2826240,4176,676,23,1514.8368,5110,0.33631266276041666,0.07948101048544534,0.2,-0.01018214225769043,0.9120397716760635,-1.0688795345680167,0.12160441,-0.007293949068710693,0.0002
350.3333333333333,2949120,4364,675,24,1469.7208,5120,0.33556966145833333,0.06714325003629104,0.2,-0.014014368876814842,0.9164553359150887,-1.0938194313955805,0.117746815,-0.007433256088559877,0.0002
389.53333333333336,3072000,4552,674,25,1622.57,5130,0.33190592447916667,0.05605029820091052,0.2,0.05584655702114105,0.9147101938724518,-1.0648157722285638,0.11649941,-0.008206185020596118,0.0002
337.06666666666666,3194880,4742,673,26,1391.1144,5140,0.3335888671875,0.08300189728268985,0.2,0.04405869543552399,0.8929375931620598,-1.0745182294150193,0.11683381,-0.007144651735416119,0.0002
382.0,3317760,4928,673,27,1583.2035,5150,0.3278938802083333,0.07105183235629133,0.2,0.017798228189349174,0.9034891277551651,-1.058335382339234,0.11469941,-0.00746999007938939,0.0002
391.46666666666664,3440640,5115,672,28,1670.6423,5160,0.32712890625,0.06972860582716142,0.2,-0.006564967334270477,0.8940160721540451,-1.0772920574744542,0.11705109,-0.007874753509904622,0.0002
374.26666666666665,3563520,5304,671,29,1558.6692,5170,0.32721842447916666,0.07220208037009192,0.2,0.24717970192432404,0.8974772468209267,-1.0691822103317827,0.11662089,-0.007234333090636937,0.0002
349.53333333333336,3686400,5493,671,30,1491.3019,5180,0.32660563151041666,0.06579365254355556,0.2,0.002260187640786171,0.9062478467822075,-1.0609721346540997,0.11547344,-0.007705659770736019,0.0002
376.6,3809280,5680,670,31,1542.6376,5190,0.32458658854166667,0.07051656650275011,0.2,-0.00340239517390728,0.903981126844883,-1.0509803120419383,0.1169782,-0.007189429626256848,0.0002
396.8666666666667,3932160,5867,670,32,1690.8087,5200,0.32405924479166665,0.06630388016868285,0.2,-0.011908202432096004,0.8914748206734657,-1.0517194771394134,0.114212915,-0.007290929648928189,0.0002
376.73333333333335,4055040,6056,669,33,1546.586,5210,0.32659261067708334,0.07975549486385716,0.2,0.0006544701755046844,0.8967407569289207,-1.0283287975223114,0.11494661,-0.0061799194922120175,0.0002
279.46666666666664,4177920,6243,669,34,1166.872,5220,0.3272298177083333,0.08305430688048848,0.2,0.008487638086080551,0.9044081047177315,-1.0341125961424162,0.1165227,-0.006054116054431991,0.0002
372.6,4300800,6432,668,35,1561.1075,5230,0.32455810546875,0.07574703812228108,0.2,0.0014166366308927536,0.9196417406201363,-1.0374329387986412,0.1157556,-0.006961810902048456,0.0002
399.8,4423680,6618,668,36,1621.8683,5240,0.3257194010416667,0.07206515933338475,0.2,0.0012857317924499512,0.9053255319595337,-1.0263119723026952,0.116445474,-0.007307100191740877,0.0002
369.6,4546560,6806,667,37,1506.5853,5250,0.3282999674479167,0.06845324945999892,0.2,0.006019558757543564,0.9050848037004471,-1.0613563594284157,0.11233178,-0.007294379945154409,0.0002
388.3333333333333,4669440,6992,667,38,1643.1122,5260,0.32612060546875,0.08409928865022569,0.2,0.012918375432491302,0.8847126364707947,-1.048804096331199,0.12219756,-0.006076098395139221,0.0002
353.6666666666667,4792320,7179,667,39,1437.6288,5270,0.324599609375,0.06486271902829079,0.2,-7.985532283782959e-05,0.9042447879910469,-1.0628740912241241,0.11679382,-0.007100049045414683,0.0002
337.1333333333333,4915200,7366,667,40,1415.8284,5280,0.3230281575520833,0.07532166711171158,0.2,0.055541180074214935,0.9049499034881592,-1.0499749954945097,0.11288787,-0.006527205984233054,0.0002
328.8666666666667,5038080,7571,665,41,1323.8765,5290,0.32712890625,0.06131189530829336,0.2,0.027409937232732773,0.9125265032052994,-1.0787944732047619,0.11689755,-0.006255995760911901,0.0002
338.53333333333336,5160960,7758,665,42,1426.5173,5300,0.3280997721354167,0.06458994250254667,0.2,0.02864290215075016,0.9035430327057838,-1.0651089036899308,0.11551187,-0.007397993112911839,0.0002
349.06666666666666,5283840,7945,665,43,1466.9713,5310,0.32532470703125,0.07293189560696192,0.2,-0.018123216927051544,0.8858773931860924,-1.0502956412235895,0.119475365,-0.006729183639987847,0.0002
430.3333333333333,5406720,8135,664,44,1711.2578,5320,0.32249348958333335,0.061185613236108716,0.2,-0.012757062911987305,0.9004071056842804,-1.060307421532149,0.1188664,-0.007857475399156707,0.0002
361.2,5529600,8323,664,45,1563.6447,5330,0.3247265625,0.0788532148719484,0.2,0.035087160766124725,0.9013708233833313,-1.046918965910251,0.1143146,-0.006729722809517019,0.0002
394.8,5652480,8512,664,46,1691.073,5340,0.3229052734375,0.06365000539677566,0.2,0.009015770629048347,0.9144706428050995,-1.0508218176973363,0.111559406,-0.007099870789788838,0.0002
324.53333333333336,5775360,8699,663,47,1310.9583,5350,0.3191837565104167,0.0757873165159981,0.2,0.0003540739417076111,0.8949024900794029,-1.0270459295871357,0.11288916,-0.006964689910810193,0.0002
346.3333333333333,5898240,8889,663,48,1443.7667,5360,0.32140380859375,0.07627822631962772,0.2,-0.014617841690778732,0.9084478095173836,-1.0286962956562637,0.121458486,-0.00677319444326713,0.0002
370.6666666666667,6021120,9078,663,49,1541.0488,5370,0.32099039713541666,0.07166291755716278,0.2,-0.006247662007808685,0.9065662324428558,-1.0541760810061047,0.1170138,-0.006165689834557876,0.0002
388.6,6144000,9266,663,50,1671.6808,5380,0.3212809244791667,0.0682244937033344,0.2,-0.027882259339094162,0.9047656133770943,-1.061336845305438,0.11772302,-0.007403118027432356,0.0002
380.4,6266880,9455,662,51,1607.1779,5390,0.3190836588541667,0.07169125943199713,0.2,0.052102476358413696,0.9146980717778206,-1.0655039261219401,0.11268485,-0.006337175316081509,0.0002
426.6666666666667,6389760,9642,662,52,1764.9674,5400,0.32230224609375,0.06151013992532777,0.2,-0.0038272468373179436,0.911072388291359,-1.0774037430776904,0.11262473,-0.007533986121500978,0.0002
416.3333333333333,6512640,9832,662,53,1724.3417,5410,0.3185831705729167,0.0736720873307786,0.2,0.011788804084062576,0.8850655630230904,-1.081378910659502,0.11230609,-0.006277920139788572,0.0002
336.6666666666667,6635520,10022,662,54,1413.947,5420,0.32049235026041667,0.06689061160230873,0.2,0.009503505192697048,0.9109123572707176,-1.043762014710034,0.11908606,-0.007425684225017904,0.0002
335.2,6758400,10209,662,55,1386.0271,5430,0.3173551432291667,0.0908108156140952,0.2,0.1278296411037445,0.9005557969212532,-1.0546623861044646,0.11095621,-0.00646388211353648,0.0002
293.0,6881280,10396,661,56,1257.862,5440,0.3195369466145833,0.06956885502368096,0.2,-0.020104195922613144,0.9314062371850014,-1.0580741168061891,0.11277229,-0.007070321568859678,0.0002
390.8,7004160,10584,661,57,1639.1665,5450,0.31720458984375,0.07606216127523414,0.2,-0.013136634603142738,0.9093165546655655,-1.0635480904299766,0.11324325,-0.007985027516685174,0.0002
359.06666666666666,7127040,10773,661,58,1520.6049,5460,0.31589436848958335,0.07553823194248252,0.2,0.021746711805462837,0.8994429036974907,-1.0781356281352539,0.116554596,-0.006138497165256922,0.0002
359.53333333333336,7249920,10964,661,59,1533.9218,5470,0.31836507161458333,0.08418363397109109,0.2,0.10016578435897827,0.8930730149149895,-1.0639584794640542,0.11594464,-0.006948839541285755,0.0002
410.4,7372800,11154,660,60,1709.942,5480,0.3156201171875,0.07553293964728558,0.2,0.004667606204748154,0.9264859482645988,-1.0534866061154753,0.11325507,-0.0070360731709297394,0.0002
333.3333333333333,7495680,11345,660,61,1398.3618,5490,0.3194498697916667,0.061997884737647835,0.2,0.03827314078807831,0.8859084248542786,-1.0729580914663772,0.111664616,-0.007730027637426247,0.0002
394.93333333333334,7618560,11533,660,62,1640.5243,5500,0.3138199869791667,0.07577999869628305,0.2,-0.006204463541507721,0.8895538225769997,-1.0570951260595272,0.111234285,-0.007451739976747073,0.0002
339.26666666666665,7741440,11720,660,63,1437.8188,5510,0.31384440104166667,0.0707989508240765,0.2,-0.008346475660800934,0.9111637994647026,-1.0539254613624265,0.11387359,-0.007956856621203769,0.0002
337.1333333333333,7864320,11911,660,64,1417.8387,5520,0.31791259765625,0.0684476725563339,0.2,-0.00016858987510204315,0.9127310290932655,-1.0531281660373013,0.11536293,-0.0069477279143090225,0.0002
385.46666666666664,7987200,12099,660,65,1614.4745,5530,0.315361328125,0.06507567474914443,0.2,-0.007576916366815567,0.9131809249520302,-1.0606357738096266,0.11510493,-0.007182867401946472,0.0002
299.8666666666667,8110080,12287,660,66,1312.9604,5540,0.31810628255208334,0.06460093052271987,0.2,0.03608434647321701,0.9170746505260468,-1.0492497457346568,0.11539939,-0.007527197157911966,0.0002
357.8,8232960,12475,659,67,1566.0751,5550,0.31558349609375,0.08064984760853501,0.2,0.013855276629328728,0.9068945497274399,-1.0402051304404933,0.11558649,-0.007202578579963302,0.0002
331.4,8355840,12665,659,68,1410.1866,5560,0.3150537109375,0.06542447202526092,0.2,-0.028529036790132523,0.8952844068408012,-1.0550861122366042,0.11373024,-0.007960583147635892,0.0002
385.0,8478720,12852,659,69,1633.264,5570,0.3144124348958333,0.06972259400155356,0.2,0.012684178538620472,0.9095636829733849,-1.0649912469554692,0.1105673,-0.0070786359419010595,0.0002
367.46666666666664,8601600,13041,659,70,1608.6188,5580,0.3146590169270833,0.07201662770348775,0.2,0.017437024042010307,0.8701777756214142,-1.0483651305021098,0.10971264,-0.006734010145883076,0.0002
323.6,8724480,13229,659,71,1408.1941,5590,0.3105192057291667,0.05789265708602519,0.2,0.012871749699115753,0.9035560265183449,-1.0394135744590312,0.10642362,-0.007191349621615851,0.0002
357.2,8847360,13419,659,72,1509.2972,5600,0.31488932291666666,0.07606741357323092,0.2,0.03636171668767929,0.9000305533409119,-1.052744258918489,0.11034285,-0.007052841729182547,0.0002
374.6,8970240,13609,659,73,1601.9568,5610,0.31420003255208334,0.07502152733136123,0.2,0.009922530502080917,0.9009204730391502,-1.0602011810429395,0.11085261,-0.0067139378539953515,0.0002
362.8,9093120,13798,659,74,1526.4304,5620,0.31384521484375,0.06050076140423092,0.2,-0.04966398701071739,0.9134185463190079,-1.051796749094501,0.11590932,-0.0073202715292184925,0.0002
349.73333333333335,9216000,13988,658,75,1479.2628,5630,0.31544108072916666,0.07187564876512624,0.2,-0.0012955181300640106,0.9005241170525551,-1.0439214723557233,0.12184254,-0.00721108377301789,0.0002
360.8,9338880,14180,658,76,1519.0587,5640,0.315302734375,0.06651789050115137,0.2,-0.0001297472044825554,0.8902877494692802,-1.0656841826500991,0.118053325,-0.006517166661378724,0.0002
397.06666666666666,9461760,14369,658,77,1658.0593,5650,0.31329182942708333,0.06550289513489892,0.2,0.03336828947067261,0.891500324010849,-1.0423935377349456,0.11667473,-0.00825566322029772,0.0002
342.46666666666664,9584640,14557,658,78,1453.9623,5660,0.31332275390625,0.06359226675199656,0.2,0.04028607904911041,0.9051303043961525,-1.0617433554803333,0.10982035,-0.007050624669018362,0.0002
410.4,9707520,14744,658,79,1715.6934,5670,0.31577962239583335,0.06822382278410563,0.2,-0.025475241243839264,0.8697344809770584,-1.0601728620162854,0.11797521,-0.007347999921663965,0.0002
379.6,9830400,14932,658,80,1592.8751,5680,0.31970540364583333,0.06369261458756227,0.2,-0.004221515730023384,0.8998673409223557,-1.0364464125782251,0.11297442,-0.005769654154613211,0.0002
408.8,9953280,15122,658,81,1712.7795,5690,0.318076171875,0.06566992643325648,0.2,-0.004015214741230011,0.8969814851880074,-1.054224244573464,0.11402628,-0.006488847602377064,0.0002
370.53333333333336,10076160,15311,658,82,1549.6868,5700,0.31736328125,0.059403360170375286,0.2,-0.028800716623663902,0.9053806588053703,-1.0523933168749016,0.11278815,-0.007218193167888482,0.0002
406.4,10199040,15500,657,83,1719.942,5710,0.3175431315104167,0.06699632998973054,0.2,0.0007208017632365227,0.9046901762485504,-1.0524486071368058,0.1148854,-0.00716617485756918,0.0002
407.4,10321920,15688,657,84,1769.5927,5720,0.31935709635416665,0.06324313622586487,0.2,0.01765938103199005,0.9169020354747772,-1.050668906715388,0.11537517,-0.007143737041236212,0.0002
377.8666666666667,10444800,15875,657,85,1618.5159,5730,0.31872721354166667,0.0801970294615603,0.2,-0.01549609750509262,0.8870716840028763,-1.0537163506448268,0.11916513,-0.006436353246241803,0.0002
350.6666666666667,10567680,16064,657,86,1501.0742,5740,0.32030517578125,0.07179747768772358,0.2,-0.011958034709095955,0.8936377763748169,-1.0370737840142101,0.11946893,-0.006995342012345039,0.0002
367.8666666666667,10690560,16254,657,87,1568.7429,5750,0.31410074869791665,0.07561306506298328,0.2,-0.012577780522406101,0.9174157977104187,-1.0408677830702315,0.11455127,-0.0068113962061397615,0.0002
342.8,10813440,16443,657,88,1439.5808,5760,0.31658935546875,0.062229246620845516,0.2,0.0059239622205495834,0.9058410301804543,-1.0345043476081144,0.11349769,-0.007603175029847383,0.0002
386.8666666666667,10936320,16632,657,89,1619.4117,5770,0.31763590494791666,0.07883603149278012,0.2,-0.001530379056930542,0.9084818735718727,-1.0485567416840544,0.11409127,-0.0060338552038138,0.0002
332.0,11059200,16821,657,90,1453.1073,5780,0.317978515625,0.07297082258553322,0.2,0.014974329620599747,0.9015244618058205,-1.0368806510139257,0.11537077,-0.00655427206060267,0.0002
390.06666666666666,11182080,17009,657,91,1626.0554,5790,0.31593505859375,0.06821858696535249,0.2,-0.003662955015897751,0.9320890679955482,-1.0437916861660779,0.11987659,-0.006863002587094039,0.0002
366.8,11304960,17200,657,92,1502.7688,5800,0.31393798828125,0.07370562990171796,0.2,0.010517876595258713,0.923900917172432,-1.0388830027667184,0.11445197,-0.007236042410616695,0.0002
342.3333333333333,11427840,17390,657,93,1444.8335,5810,0.31526123046875,0.06598044973960593,0.2,0.004494041204452515,0.9081247970461845,-1.0327203389878075,0.115325086,-0.00747046056506709,0.0002
428.6666666666667,11550720,17579,657,94,1829.1959,5820,0.31559163411458335,0.06600281235500007,0.2,0.048698436468839645,0.9086614921689034,-1.0290447952908774,0.123254426,-0.006739392564631999,0.0002
395.4,11673600,17769,656,95,1707.1001,5830,0.3162687174479167,0.061525008838095044,0.2,-0.014909924939274788,0.907494492828846,-1.0496511170951028,0.11514651,-0.007330573048778509,0.0002
374.93333333333334,11796480,17960,656,96,1567.401,5840,0.31449300130208335,0.06482113465739531,0.2,-0.0004737451672554016,0.9089914038777351,-1.0398947914472472,0.11670569,-0.00634765618473466,0.0002
334.26666666666665,11919360,18177,655,97,1443.4772,5850,0.313974609375,0.0837043934584896,0.2,0.048875413835048676,0.8921673074364662,-1.0580732841293017,0.113742016,-0.006443079609762208,0.0002
374.3333333333333,12042240,18367,655,98,1604.549,5860,0.31247639973958335,0.07506678439987202,0.2,-0.0006639100611209869,0.900580920279026,-1.0341384082070242,0.11514228,-0.0070742144749298555,0.0002
370.1333333333333,12165120,18555,655,99,1588.49,5870,0.3124772135416667,0.06029649009557034,0.2,-0.0051348768174648285,0.9121525213122368,-1.0544388246505212,0.11165807,-0.007141376882470164,0.0002
386.8666666666667,12288000,18744,655,100,1612.4984,5880,0.31289876302083336,0.06914974904987806,0.2,0.0036734454333782196,0.9167016595602036,-1.0386540159614135,0.11483421,-0.006221615678150556,0.0002
301.8,12410880,18935,655,101,1254.195,5890,0.31037272135416666,0.06756259948381436,0.2,0.04188089445233345,0.9085075482726097,-1.0242410588543862,0.11506775,-0.0067028358811815755,0.0002
405.6666666666667,12533760,19125,655,102,1618.498,5900,0.31051025390625,0.06919039689074756,0.2,-0.025061041116714478,0.914751835167408,-1.031757847092425,0.11179004,-0.007060604835781609,0.0002
368.46666666666664,12656640,19315,655,103,1558.7429,5910,0.31909342447916667,0.06697760673128263,0.2,-0.005268126726150513,0.9089715927839279,-1.0573364520755908,0.11701291,-0.008061425481658564,0.0002
406.4,12779520,19508,655,104,1690.3612,5920,0.30962158203125,0.06611540337342982,0.2,-0.023829881101846695,0.9121611267328262,-1.0498604039754718,0.113457635,-0.006990732602674446,0.0002
324.0,12902400,19698,654,105,1367.0286,5930,0.31275146484375,0.07430460076199476,0.2,-0.0094838198274374,0.8944345489144325,-1.0640470197206984,0.1195509,-0.006292959497932316,0.0002
404.6666666666667,13025280,19889,654,106,1666.1089,5940,0.30849283854166665,0.06928117766273013,0.2,0.019625404849648476,0.9116401374340057,-1.045630032926177,0.113625795,-0.007649926502472227,0.0002
328.4,13148160,20079,654,107,1362.2826,5950,0.31142496744791665,0.06679430768432212,0.2,0.0262958612293005,0.906574472784996,-1.0666662376653404,0.118110105,-0.0069107748344564845,0.0002
376.3333333333333,13271040,20269,654,108,1566.6581,5960,0.3089851888020833,0.08815872733328434,0.2,0.11142568290233612,0.8954836055636406,-1.053761668819934,0.112267226,-0.005752868306450789,0.0002
391.46666666666664,13393920,20461,654,109,1643.9763,5970,0.3073193359375,0.0678704031000234,0.2,-0.003677787259221077,0.903104804456234,-1.080429114761452,0.11479046,-0.0069443493917060554,0.0002
406.1333333333333,13516800,20650,654,110,1671.3198,5980,0.3076220703125,0.07083662101867957,0.2,-0.00030565913766622543,0.9100083038210869,-1.0661085476788381,0.11211391,-0.006343736483007282,0.0002
296.53333333333336,13639680,20838,654,111,1237.62,5990,0.3074755859375,0.06982694182583751,0.2,0.010940063744783401,0.8917050287127495,-1.0652856190688909,0.108567625,-0.007486320219462262,0.0002
407.8,13762560,21036,654,112,1737.707,6000,0.312099609375,0.08720849965015078,0.2,0.004936574026942253,0.8868106678128242,-1.0411978001644213,0.11581076,-0.006051588641063669,0.0002
327.53333333333336,13885440,21225,654,113,1347.503,6010,0.30771077473958336,0.0777495814236075,0.2,0.012021994218230247,0.8695490509271622,-1.0650968259635072,0.11061757,-0.006637198345943034,0.0002
385.46666666666664,14008320,21414,654,114,1621.6229,6020,0.30671630859375,0.0677810490210201,0.2,-0.02351553738117218,0.8968849778175354,-1.063751427338769,0.1129194,-0.0074131656385361564,0.0002
337.6,14131200,21604,654,115,1441.6636,6030,0.3094051106770833,0.07098141447735543,0.2,-0.036766648292541504,0.9083269312977791,-1.0662164293881506,0.116294764,-0.0064296962467536405,0.0002
361.53333333333336,14254080,21795,653,116,1473.6278,6040,0.3080240885416667,0.0669219919176976,0.2,-0.016777798533439636,0.9074710011482239,-1.0585715649773677,0.11352339,-0.007658935145179082,0.0002
398.46666666666664,14376960,21984,653,117,1637.5455,6050,0.3083797200520833,0.0630149045959115,0.2,-0.02307399921119213,0.9162316769361496,-1.0685547308903187,0.11513302,-0.00643033848781973,0.0002
370.1333333333333,14499840,22176,653,118,1498.614,6060,0.3073095703125,0.07451990457091597,0.2,-0.02565157040953636,0.8876784816384315,-1.072359608967478,0.11919633,-0.007146138606246192,0.0002
369.4,14622720,22376,653,119,1607.5156,6070,0.30941975911458336,0.0640985229798389,0.2,-0.006517758592963219,0.901194304227829,-1.0587924667882422,0.11831121,-0.006213123207435274,0.0002
359.4,14745600,22605,652,120,1459.2463,6080,0.30461181640625,0.06645304011549645,0.2,0.006453857757151127,0.9017589241266251,-1.0493803747960677,0.11164664,-0.00778572246203718,0.0002
328.46666666666664,14868480,22839,651,121,1392.0994,6090,0.30738932291666665,0.08205577954043596,0.2,0.014054656028747559,0.8866733759641647,-1.0344863221421838,0.12020567,-0.006014140695206152,0.0002
381.06666666666666,14991360,23031,650,122,1606.7913,6100,0.30749837239583333,0.06977316259801834,0.2,0.021658075973391533,0.9219579771161079,-1.0477795672075203,0.11392985,-0.0068539352137183115,0.0002
366.26666666666665,15114240,23225,650,123,1562.3757,6110,0.3055013020833333,0.06172320136371127,0.2,0.017673689872026443,0.908986508846283,-1.0530080380756408,0.1130697,-0.006057138814070034,0.0002
301.6,15237120,23414,650,124,1305.4585,6120,0.30766194661458335,0.07936323348425503,0.2,0.04184620827436447,0.9001593887805939,-1.0317640430790682,0.11864209,-0.006567693440764136,0.0002
373.2,15360000,23605,650,125,1543.2623,6130,0.31103434244791667,0.09109365575005844,0.2,0.015933018177747726,0.8996119573712349,-1.0425880918310335,0.122689344,-0.005687233467003049,0.0002
357.1333333333333,15482880,23796,650,126,1483.8627,6140,0.3136319986979167,0.0647231709039382,0.2,0.0682721957564354,0.8652508556842804,-1.0480328906265397,0.121136695,-0.006976246999159533,0.0002
364.0,15605760,23985,650,127,1518.3384,6150,0.30786865234375,0.06956211791196741,0.2,-0.030417518690228462,0.8874665573239326,-1.0398257194055864,0.11453571,-0.007288234725147049,0.0002
365.0,15728640,24173,650,128,1562.1769,6160,0.3076708984375,0.05607624092039865,0.2,-0.020735666155815125,0.903965525329113,-1.030089492695406,0.111878484,-0.007353500985730837,0.0002
331.8,15851520,24363,650,129,1432.868,6170,0.30814534505208335,0.06639955278752799,0.2,0.06464806199073792,0.8834279328584671,-1.0254795352276416,0.11505146,-0.006276884479214762,0.0002
356.1333333333333,15974400,24553,650,130,1471.2161,6180,0.30459798177083336,0.06584296271578448,0.2,-0.03317709267139435,0.8776450306177139,-1.0258224144981554,0.115553096,-0.006340178495865985,0.0002
357.46666666666664,16097280,24744,650,131,1473.6464,6190,0.30676025390625,0.06620818839684944,0.2,-0.011338507756590843,0.8969684094190598,-1.0470633707847445,0.11724254,-0.005683626959610896,0.0002
385.46666666666664,16220160,24941,650,132,1611.8356,6200,0.3057657877604167,0.05989497078388619,0.2,-0.005120378918945789,0.9096952825784683,-1.01921089887619,0.117137335,-0.006450326939623968,0.0002
407.8666666666667,16343040,25132,650,133,1778.6039,6210,0.30650716145833334,0.06359834705447914,0.2,0.022356251254677773,0.9119799584150314,-1.0234800386770317,0.1117877,-0.00650928875274379,0.0002
354.1333333333333,16465920,25322,650,134,1432.5629,6220,0.30558837890625,0.0662333562735633,0.2,0.005210325121879578,0.902991496026516,-1.0224015689144532,0.114609845,-0.005663894293957128,0.0002
351.6,16588800,25512,650,135,1499.9436,6230,0.30627034505208334,0.06694459438889074,0.2,-0.029900752007961273,0.9058712795376778,-1.036959361480549,0.11685255,-0.006887734768285251,0.0002
418.0,16711680,25702,650,136,1794.7258,6240,0.31143798828125,0.06301731758144645,0.2,0.030976317822933197,0.9115356653928757,-1.0300088722755512,0.118769266,-0.006661106068316561,0.0002
348.46666666666664,16834560,25892,650,137,1480.7834,6250,0.3088671875,0.07546209403430111,0.2,0.03715137764811516,0.9160654917359352,-1.0607896199791382,0.11516447,-0.006244456773104806,0.0002
385.8666666666667,16957440,26081,650,138,1651.5659,6260,0.30468912760416667,0.06531541248958092,0.2,0.04869740083813667,0.9000693932175636,-1.0566457100740323,0.11147794,-0.006540841482459049,0.0002
327.93333333333334,17080320,26271,650,139,1443.3124,6270,0.3031111653645833,0.06952309585887027,0.2,0.006162101402878761,0.8936138898134232,-1.0550189385935664,0.11558406,-0.006965939248705884,0.0002
413.3333333333333,17203200,26461,650,140,1735.4163,6280,0.3032373046875,0.07552708284407951,0.2,0.009307689033448696,0.908795952796936,-1.0473962376297763,0.11178665,-0.006087017930027893,0.0002
380.6666666666667,17326080,26650,650,141,1555.0348,6290,0.3074568684895833,0.06829498352771528,0.2,-0.032535355538129807,0.9072134643793106,-1.04082828584748,0.18082663,-0.006245161232800456,0.0002
380.8666666666667,17448960,26839,650,142,1620.9316,6300,0.30210693359375,0.06906734666156505,0.2,-0.017641443759202957,0.9086135253310204,-1.0345855069564034,0.11671262,-0.0072952666991174435,0.0002
385.8,17571840,27028,650,143,1623.9993,6310,0.30064290364583335,0.0611458502063518,0.2,0.02328316494822502,0.9219951927661896,-1.039290075295915,0.11354158,-0.006850407333568001,0.0002
389.46666666666664,17694720,27216,650,144,1633.171,6320,0.3044962565104167,0.07731591839731361,0.2,0.042276132851839066,0.8688603490591049,-1.0413721297091494,0.11713257,-0.0073490919092516075,0.0002
354.8666666666667,17817600,27407,650,145,1462.597,6330,0.3072281901041667,0.07874858570891471,0.2,-0.032887980341911316,0.8895475268363953,-1.0476385111516962,0.1143167,-0.005975695807113273,0.0002
413.3333333333333,17940480,27597,650,146,1750.5712,6340,0.3007470703125,0.0675054322266078,0.2,0.0006328374147415161,0.9048505797982216,-1.0369724958731483,0.1122833,-0.006173310262790134,0.0002
347.06666666666666,18063360,27788,650,147,1457.8385,6350,0.3011702473958333,0.07144204225248056,0.2,-0.019692428410053253,0.8981741070747375,-1.0339871084472785,0.11672413,-0.005913480146391521,0.0002
389.26666666666665,18186240,27979,649,148,1641.1847,6360,0.299111328125,0.07297433507522025,0.2,-0.00768831092864275,0.8995334431529045,-1.0400585317642739,0.1108427,-0.00640307578606856,0.0002
309.3333333333333,18309120,28178,649,149,1326.7977,6370,0.30053548177083333,0.06990682897611501,0.2,0.0510256364941597,0.8973558470606804,-1.0306195145317665,0.10929533,-0.005809829948366314,0.0002
369.53333333333336,18432000,28370,649,150,1497.7859,6380,0.29956787109375,0.07495218233954802,0.2,-0.007666377350687981,0.917445182800293,-1.0330142941512168,0.110778846,-0.006819586318367025,0.0002
377.0,18554880,28559,649,151,1521.7654,6390,0.3030826822916667,0.08501671820359964,0.2,0.0299689844250679,0.9120844006538391,-1.0174819719574104,0.117511354,-0.006146406646297085,0.0002
377.26666666666665,18677760,28750,649,152,1579.1624,6400,0.3027294921875,0.07492152116603393,0.2,0.05071300268173218,0.8995483443140984,-1.0434155055725327,0.11854603,-0.0061782873471747735,0.0002
365.53333333333336,18800640,28938,649,153,1516.4004,6410,0.3008121744791667,0.06483312078247157,0.2,-0.0173465758562088,0.9088479802012444,-1.0377753681285928,0.11717666,-0.006843861955215592,0.0002
422.3333333333333,18923520,29129,649,154,1746.7332,6420,0.2988411458333333,0.06661693250236567,0.2,0.006166117265820503,0.899047926068306,-1.0002014289330692,0.11276579,-0.006639187425201574,0.0002
425.2,19046400,29320,649,155,1800.6185,6430,0.29972981770833335,0.0706508006517591,0.2,0.033588673919439316,0.9127556160092354,-1.0088251131524641,0.11489303,-0.00568991514986313,0.0002
373.6666666666667,19169280,29515,649,156,1615.8126,6440,0.29553059895833333,0.06283185742521406,0.2,0.020586177706718445,0.9172068908810616,-1.0109056058184553,0.11008679,-0.006394574467931307,0.0002
302.2,19292160,29737,648,157,1262.6108,6450,0.3037312825520833,0.07922532359841473,0.2,0.006472551263868809,0.9042067527770996,-1.013132521606361,0.11753331,-0.005595572448182793,0.0002
380.2,19415040,29929,648,158,1604.2445,6460,0.29797037760416667,0.07000777213669304,0.2,-0.004639782011508942,0.920562781393528,-1.0067087364538263,0.11574926,-0.0060872532017522945,0.0002
364.2,19537920,30120,648,159,1526.0948,6470,0.30145670572916666,0.06344059521351786,0.2,0.058177005499601364,0.9027619436383247,-1.0496273220268388,0.112862825,-0.006248987328029519,0.0002
368.0,19660800,30310,648,160,1545.6256,6480,0.30163492838541667,0.0831629598303698,0.2,0.024195190519094467,0.8993093222379684,-1.0255833025990675,0.120329954,-0.005880343467157824,0.0002
342.93333333333334,19783680,30501,648,161,1427.0614,6490,0.30675374348958334,0.07628774398159294,0.2,-0.014670945703983307,0.9049330428242683,-1.0588412128326794,0.12571539,-0.006402867545502886,0.0002
370.8666666666667,19906560,30694,648,162,1605.2754,6500,0.2979459635416667,0.07220770157364313,0.2,0.025337953120470047,0.8971742019057274,-1.0436954369240752,0.11194476,-0.006280273141273937,0.0002
380.93333333333334,20029440,30884,648,163,1591.1118,6510,0.30226236979166665,0.07206871386047473,0.2,-0.00013666972517967224,0.9038602709770203,-1.0521548390202224,0.113852344,-0.006174929550061279,0.0002
307.0,20152320,31073,648,164,1287.8502,6520,0.30139404296875,0.06887283780704213,0.2,-0.022919220849871635,0.908242255449295,-1.0411715760361404,0.1181595,-0.006466426926781423,0.0002
368.6,20275200,31262,648,165,1555.943,6530,0.3015543619791667,0.06904568932535766,0.2,-0.018702026456594467,0.894637443125248,-1.0337098856239268,0.1148183,-0.006040561637431286,0.0002
329.53333333333336,20398080,31453,648,166,1380.5818,6540,0.30455891927083334,0.06731682316206085,0.2,-0.018028870224952698,0.9157991856336594,-1.0551135869293162,0.12273952,-0.007047778708996096,0.0002
330.8,20520960,31642,648,167,1380.1741,6550,0.29949055989583334,0.06142980066841119,0.2,-0.007991798222064972,0.9242885336279869,-1.0411170145341506,0.11475715,-0.007151375857262489,0.0002
297.8666666666667,20643840,31845,648,168,1258.0707,6560,0.30012858072916665,0.06233200915764125,0.2,0.015905950218439102,0.9245993047952652,-1.0601619893095147,0.11660209,-0.007021326248929351,0.0002
317.93333333333334,20766720,32036,648,169,1369.775,6570,0.30367431640625,0.08999702811638902,0.2,-0.03391773998737335,0.888853520154953,-1.0401879336374502,0.11660213,-0.005663203096920976,0.0002
334.26666666666665,20889600,32229,648,170,1375.6868,6580,0.30232666015625,0.07027477801100758,0.2,0.0005323439836502075,0.9145974367856979,-1.048070402968054,0.11366679,-0.005590633715880055,0.0002
436.1333333333333,21012480,32418,648,171,1788.7462,6590,0.3012337239583333,0.08793096318802175,0.2,0.02218356356024742,0.902531273663044,-1.0391254271566868,0.12290234,-0.005892956076052845,0.0002
364.4,21135360,32607,648,172,1569.7358,6600,0.29798583984375,0.05702603999185764,0.2,-0.025406837463378906,0.9063629060983658,-1.0486126851973434,0.11306318,-0.006534498439723393,0.0002
377.26666666666665,21258240,32798,648,173,1602.4558,6610,0.29765380859375,0.07008044083452357,0.2,-0.028524577617645264,0.8796696811914444,-1.0259860823582858,0.118086,-0.006545125020059762,0.0002
367.1333333333333,21381120,32987,648,174,1473.6848,6620,0.30404052734375,0.0572420955512401,0.2,0.019764719530940056,0.9142800197005272,-1.0524097262974828,0.118314624,-0.006674281860835738,0.0002
406.6,21504000,33179,648,175,1733.6708,6630,0.3017724609375,0.07659590844351138,0.2,0.012538818642497063,0.8864268958568573,-1.045630197059363,0.11882671,-0.005980283257689128,0.0002
396.4,21626880,33371,648,176,1640.5875,6640,0.29486002604166667,0.07738409490683504,0.2,0.02574589103460312,0.8954625055193901,-1.0334683220243703,0.1138219,-0.005420698077026221,0.0002
339.4,21749760,33563,648,177,1421.158,6650,0.29653727213541664,0.08469030066839575,0.2,-0.014145134948194027,0.8948235735297203,-1.0411513982495915,0.12180854,-0.005955656476577739,0.0002
404.46666666666664,21872640,33754,648,178,1712.1315,6660,0.29959228515625,0.10390303129209011,0.2,0.030339499935507774,0.8909240439534187,-1.0495524371477465,0.12144438,-0.005397563224026574,0.0002
356.93333333333334,21995520,33945,647,179,1517.1008,6670,0.2983902994791667,0.07121997512508339,0.2,0.06291048228740692,0.9057053104043007,-1.036579346212869,0.11358003,-0.006084257346944165,0.0002
388.8666666666667,22118400,34134,647,180,1659.6637,6680,0.2998177083333333,0.07674142395425103,0.2,0.03512362390756607,0.91121606528759,-1.0422387096037466,0.11462087,-0.0057968452120167055,0.0002
389.6,22241280,34326,647,181,1650.0444,6690,0.30204671223958335,0.06792008258775847,0.2,-0.028933286666870117,0.9112802073359489,-1.031654288113738,0.11292682,-0.006608053318025971,0.0002
406.73333333333335,22364160,34518,647,182,1741.7836,6700,0.29681396484375,0.08005975164286307,0.2,-0.007251988630741835,0.8774373978376389,-1.0392869456655656,0.11311056,-0.00553614006540253,0.0002
400.8666666666667,22487040,34710,647,183,1718.2019,6710,0.29944091796875,0.06990511781848908,0.2,0.025495508685708046,0.8700994700193405,-1.0399586013828714,0.11582131,-0.005662982411928775,0.0002
386.8,22609920,34923,647,184,1636.764,6720,0.2965576171875,0.07402238835093158,0.2,0.24556830525398254,0.8877227753400803,-1.0315896774673214,0.11020888,-0.0050619644838116075,0.0002
337.93333333333334,22732800,35114,647,185,1378.6698,6730,0.2982682291666667,0.07064421528804815,0.2,0.014561865478754044,0.8978658616542816,-1.0460769892514994,0.1158391,-0.006372317153354743,0.0002
381.3333333333333,22855680,35315,647,186,1611.6193,6740,0.2955021158854167,0.06541477431783278,0.2,-0.020267687737941742,0.9087634682655334,-1.0448209882155062,0.11895965,-0.006290069068309094,0.0002
364.4,22978560,35505,647,187,1558.7812,6750,0.2989697265625,0.07544402689289806,0.2,0.09074753522872925,0.8690831810235977,-1.044797008096551,0.112733394,-0.005159288292585795,0.0002
307.93333333333334,23101440,35695,647,188,1302.3387,6760,0.2934342447916667,0.05924734597729791,0.2,-0.014548979699611664,0.9035080522298813,-1.0613783378961186,0.11124495,-0.007120939900535935,0.0002
371.1333333333333,23224320,35884,647,189,1561.62,6770,0.29509765625,0.07355270874431881,0.2,0.06919467449188232,0.8995391279459,-1.0443066169476758,0.11331705,-0.005986964520131247,0.0002
356.4,23347200,36077,647,190,1544.9121,6780,0.2949723307291667,0.08924729189556577,0.2,0.00902989786118269,0.8931846991181374,-1.0406588804877053,0.11182265,-0.005113628198899581,0.0002
301.26666666666665,23470080,36267,647,191,1303.5214,6790,0.29575927734375,0.07478902408697953,0.2,-0.01817259192466736,0.8881248235702515,-1.0254365446853142,0.117357686,-0.0056404055236938195,0.0002
335.8,23592960,36457,647,192,1455.1718,6800,0.29267740885416665,0.07137906378309708,0.2,-0.03691629320383072,0.9003255665302277,-1.0488792484098424,0.11522534,-0.005369505321262598,0.0002
321.6666666666667,23715840,36650,647,193,1374.1438,6810,0.2910286458333333,0.07049474048847817,0.2,0.027118470519781113,0.8923519030213356,-1.0411834354077776,0.10979731,-0.006179094808509642,0.0002
373.26666666666665,23838720,36838,647,194,1586.1191,6820,0.29179280598958335,0.07052854500841932,0.2,0.05113692581653595,0.9067657366394997,-1.0381848396050433,0.11414265,-0.006179586454297047,0.0002
361.6,23961600,37030,647,195,1536.0917,6830,0.29454427083333334,0.08047433772495424,0.2,0.024895956739783287,0.8853577226400375,-1.0398962987121194,0.11492257,-0.005575160785992921,0.0002
379.3333333333333,24084480,37219,647,196,1681.913,6840,0.2945304361979167,0.06891852783975386,0.2,0.011902611702680588,0.9029610008001328,-1.035318240361909,0.10841064,-0.005794658006925602,0.0002
387.46666666666664,24207360,37409,647,197,1652.9384,6850,0.2906795247395833,0.07693483208083005,0.2,0.023666197434067726,0.8871901258826256,-1.044960370529443,0.11191101,-0.005174765813104993,0.0002
379.4,24330240,37621,646,198,1607.8329,6860,0.29107584635416667,0.0825060550878455,0.2,0.036611948162317276,0.8757424056529999,-1.0458655817061662,0.1085485,-0.005450587037115232,0.0002
320.8666666666667,24453120,37814,646,199,1345.4318,6870,0.2898380533854167,0.0699732227827432,0.2,-0.027429180219769478,0.87635587900877,-1.0316104963763306,0.107444905,-0.006075356214666196,0.0002
415.0,24576000,38004,646,200,1765.9744,6880,0.29079752604166664,0.07038897352436227,0.2,0.04469570517539978,0.8879391625523567,-1.002342670255651,0.111594625,-0.00600912811331303,0.0002
292.8666666666667,24698880,38196,646,201,1214.7245,6890,0.29477294921875,0.06797337281430373,0.2,-0.004735903814435005,0.8884402811527252,-1.0370749481767416,0.10913243,-0.006240259532008471,0.0002
384.46666666666664,24821760,38389,646,202,1646.1176,6900,0.28729248046875,0.07418330203838802,0.2,-0.019979268312454224,0.8887105360627174,-1.0229463160100083,0.11248778,-0.005735260516342653,0.0002
380.6,24944640,38595,646,203,1625.8248,6910,0.2878800455729167,0.0687036427565181,0.2,0.003028523176908493,0.9142926782369614,-1.012119309818372,0.11326348,-0.0054721241877571936,0.0002
332.93333333333334,25067520,38785,646,204,1430.7474,6920,0.29046712239583333,0.07209726106084417,0.2,0.0482080914080143,0.9079778492450714,-1.0207253463131687,0.115320325,-0.006247067501984323,0.0002
391.93333333333334,25190400,38974,646,205,1638.0935,6930,0.2904207356770833,0.07807604237937388,0.2,-0.00598421273753047,0.8972882330417633,-1.045628218765681,0.10899984,-0.005873724184754489,0.0002
330.3333333333333,25313280,39164,646,206,1387.8613,6940,0.29138753255208333,0.08290855561033822,0.2,0.015901092439889908,0.8954270109534264,-1.048076985521863,0.11660754,-0.0052700877661451765,0.0002
375.6,25436160,39369,646,207,1559.196,6950,0.2899300130208333,0.06464349214125832,0.2,-0.005666041746735573,0.9173118621110916,-1.0476255855181564,0.10536151,-0.006409789504402094,0.0002
380.53333333333336,25559040,39561,646,208,1625.5056,6960,0.28540608723958333,0.0706517574655057,0.2,-0.025482075288891792,0.8911571726202965,-1.020214132508263,0.11218054,-0.0062665606590204944,0.0002
375.4,25681920,39754,646,209,1538.3627,6970,0.2892041015625,0.07323545514052966,0.2,-0.017268430441617966,0.8871936276555061,-1.0450319726858288,0.11267783,-0.00593107527953786,0.0002
318.26666666666665,25804800,39946,645,210,1391.7114,6980,0.28744873046875,0.08464231922383382,0.2,0.01663818210363388,0.7161725759506226,-1.0285080863814802,0.11552051,-0.006048299772458752,0.0002
379.6,25927680,40136,645,211,1607.5034,6990,0.28218017578125,0.06839546294865917,0.2,-0.01626521535217762,0.9039952382445335,-1.0299223301901173,0.109968014,-0.006737381670315396,0.0002
398.8,26050560,40327,645,212,1707.6577,7000,0.28413818359375,0.0704787767649638,0.2,0.018664874136447906,0.8932904526591301,-1.0369883763572822,0.10753877,-0.005935762703690367,0.0002
364.8666666666667,26173440,40524,645,213,1534.7279,7010,0.2831730143229167,0.06079675632424672,0.2,-0.006519315764307976,0.9038031920790672,-1.044749944380795,0.10724697,-0.006221887535806066,0.0002
384.8,26296320,40717,645,214,1632.5873,7020,0.2829158528645833,0.06270237132198721,0.2,-0.022696703672409058,0.8926758393645287,-1.0594604714214801,0.10755933,-0.006095088790273925,0.0002
407.8,26419200,40909,645,215,1745.9523,7030,0.28455322265625,0.09076547357370146,0.2,0.000407341867685318,0.8953557312488556,-1.0146672658156604,0.11373796,-0.0050642614481603235,0.0002
351.26666666666665,26542080,41099,645,216,1502.6117,7040,0.28357503255208333,0.06918602168312646,0.2,-0.023140428587794304,0.8964077904820442,-1.0157440994493663,0.11029356,-0.006818297909691561,0.0002
418.6,26664960,41289,645,217,1717.653,7050,0.27888590494791665,0.054856868341278946,0.2,0.004693992435932159,0.9127010181546211,-0.9983298261246334,0.10988243,-0.006056375387233856,0.0002
363.73333333333335,26787840,41516,645,218,1482.6561,7060,0.2803068033854167,0.06913264893856345,0.2,-0.00666776392608881,0.9152494743466377,-1.011374444955339,0.10700777,-0.0058144010122426456,0.0002
399.1333333333333,26910720,41713,645,219,1684.1227,7070,0.2821427408854167,0.06960435268216922,0.2,0.008969358168542385,0.9077714160084724,-1.002006300346305,0.114852585,-0.006886201719080418,0.0002
356.6666666666667,27033600,41904,645,220,1503.1294,7080,0.28101318359375,0.0738616351832267,0.2,0.22286860644817352,0.9000198915600777,-1.0130592351810386,0.1068353,-0.005999213282896865,0.0002
335.93333333333334,27156480,42096,645,221,1475.7544,7090,0.28524088541666665,0.08176700210856022,0.2,0.026759721338748932,0.8825296089053154,-0.9842336544767022,0.11679032,-0.00591947101757493,0.0002
383.0,27279360,42287,645,222,1610.32,7100,0.2833968098958333,0.08327308906283482,0.2,-0.0032566823065280914,0.8843078911304474,-0.99328170984673,0.10755865,-0.0056460406770384,0.0002
424.6,27402240,42479,645,223,1750.5796,7110,0.28107259114583333,0.07345429313361819,0.2,-0.0009865760803222656,0.8968251496553421,-1.0137912978449215,0.1093503,-0.005968412720391522,0.0002
406.4,27525120,42670,645,224,1728.0875,7120,0.27545003255208333,0.06717352753456604,0.2,0.3025785982608795,0.8965191468596458,-1.0132863791504254,0.10329113,-0.0063741020580103695,0.0002
405.26666666666665,27648000,42860,645,225,1683.6713,7130,0.28131998697916666,0.06985642862161816,0.2,0.010108480229973793,0.8787934482097626,-0.999904806111008,0.10857597,-0.005778560031139932,0.0002
388.93333333333334,27770880,43051,645,226,1670.0944,7140,0.27573079427083336,0.06722488103279223,0.2,-0.03446134179830551,0.9070386067032814,-1.009429009143884,0.10578688,-0.005470465507957366,0.0002
378.8666666666667,27893760,43244,645,227,1580.222,7150,0.27867513020833334,0.062598862224404,0.2,0.0031694481149315834,0.9018998369574547,-1.0020216520937781,0.107706584,-0.006564120535191857,0.0002
359.6666666666667,28016640,43434,645,228,1525.9943,7160,0.27788899739583334,0.13535347300557382,0.2,0.002478763461112976,0.8479195684194565,-0.9954088236112147,0.10789744,-0.00424353969908528,0.0002
372.73333333333335,28139520,43625,645,229,1539.3286,7170,0.28245198567708335,0.06903676100128602,0.2,0.017222732305526733,0.9198049977421761,-0.982992356888329,0.11345624,-0.006156794638833768,0.0002
384.73333333333335,28262400,43816,645,230,1653.7344,7180,0.27644205729166665,0.0720221400645581,0.2,0.029120467603206635,0.9074038043618202,-1.0021686242241412,0.10948124,-0.005775815253794766,0.0002
357.3333333333333,28385280,44007,645,231,1570.3098,7190,0.2795304361979167,0.06391071464866399,0.2,0.0025307629257440567,0.9075844436883926,-0.9940572921466082,0.110790886,-0.006943090069792864,0.0002
343.53333333333336,28508160,44198,645,232,1468.9723,7200,0.28096598307291665,0.06561266961342578,0.2,0.11189833283424377,0.9082730486989021,-0.9937537974243362,0.10950567,-0.005120790554932076,0.0002
340.6,28631040,44425,644,233,1423.1384,7210,0.280361328125,0.0777009994619099,0.2,-0.008490510284900665,0.9060362800955772,-0.9879387773449222,0.10816567,-0.005555145613478392,0.0002
356.26666666666665,28753920,44615,644,234,1484.5145,7220,0.27909993489583335,0.07311789403640433,0.2,0.029343444854021072,0.911112442612648,-0.9954251352356126,0.11282309,-0.006583035861461515,0.0002
353.2,28876800,44806,644,235,1506.1815,7230,0.2762906901041667,0.07752652660722864,0.2,0.019588444381952286,0.8973124846816063,-0.9856596750114113,0.11074866,-0.005316405009853043,0.0002
349.53333333333336,28999680,44997,644,236,1466.9589,7240,0.27531494140625,0.0713975822442444,0.2,-0.012974655255675316,0.9159596562385559,-0.999000502442941,0.10563549,-0.006685695143678458,0.0002
356.4,29122560,45189,644,237,1533.8159,7250,0.27908121744791664,0.07236944726120176,0.2,-0.014741646125912666,0.8935328349471092,-0.9914815484980742,0.10186587,-0.0052748353679029,0.0002
383.73333333333335,29245440,45381,644,238,1615.1058,7260,0.2761409505208333,0.06727080738392639,0.2,-0.043279219418764114,0.9187852665781975,-0.9768732423366357,0.10841632,-0.00533898547413628,0.0002
399.8,29368320,45570,644,239,1736.5105,7270,0.27949462890625,0.06434585567136916,0.2,-0.00801146775484085,0.8928551450371742,-0.9973364098773648,0.11186961,-0.005883507893243708,0.0002
382.06666666666666,29491200,45760,644,240,1651.6298,7280,0.27911783854166666,0.07274960934135985,0.2,-0.014754926785826683,0.9099543616175652,-1.0072913274758806,0.11022008,-0.00581949818708381,0.0002
398.3333333333333,29614080,45952,644,241,1661.611,7290,0.282099609375,0.06253214940955028,0.2,0.011683287099003792,0.9079927206039429,-1.0146264520380646,0.10870905,-0.005255370794687527,0.0002
377.6,29736960,46145,644,242,1597.3236,7300,0.2793660481770833,0.06371164541953477,0.2,-0.0007789470255374908,0.8933517187833786,-1.0164019214175641,0.10694143,-0.005259069696761192,0.0002
413.2,29859840,46335,644,243,1792.554,7310,0.28369384765625,0.0639962228818816,0.2,0.04851681366562843,0.8996220454573631,-1.0296016197123876,0.10875513,-0.005546663184234906,0.0002
399.4,29982720,46527,644,244,1716.9504,7320,0.27955240885416666,0.06649626922204334,0.2,0.014304012060165405,0.8960286527872086,-1.0273785214902211,0.10275555,-0.005756499934686871,0.0002
368.4,30105600,46721,644,245,1554.6833,7330,0.28058024088541667,0.07391217403417007,0.2,-0.007495349273085594,0.8867438957095146,-1.0399756487676253,0.107210025,-0.005177245546298461,0.0002
348.6666666666667,30228480,46911,644,246,1500.534,7340,0.2804899088541667,0.06031514681829624,0.2,0.0004980107769370079,0.9075370356440544,-1.0307588685645412,0.105737135,-0.0060160023506371845,0.0002
377.8666666666667,30351360,47103,644,247,1629.5625,7350,0.2791031901041667,0.06823414309304401,0.2,0.029419440776109695,0.8893092423677444,-1.0304246844196072,0.108230226,-0.005156927022774956,0.0002
389.8666666666667,30474240,47294,644,248,1680.1042,7360,0.27850260416666667,0.06460198453840955,0.2,-0.022684894502162933,0.9137271866202354,-1.01920017883492,0.10736428,-0.005729420591727224,0.0002
359.46666666666664,30597120,47485,644,249,1507.4784,7370,0.28202880859375,0.0768505286056461,0.2,0.036482151597738266,0.8950093910098076,-1.0012807062019904,0.1077809,-0.004337720646423501,0.0002
299.93333333333334,30720000,47677,644,250,1207.1368,7380,0.27465657552083333,0.07923232296656352,0.2,0.0019416529685258865,0.8928995132446289,-1.019675589768837,0.107098036,-0.005872622195529403,0.0002
397.26666666666665,30842880,47904,643,251,1666.3561,7390,0.27643310546875,0.07312207221055966,0.2,-0.009154092520475388,0.9026274532079697,-1.0115695995713274,0.106633775,-0.0053239105699625115,0.0002
418.1333333333333,30965760,48096,643,252,1760.4088,7400,0.27965087890625,0.06569581792343039,0.2,0.011687694117426872,0.8976230770349503,-1.0135768239013851,0.11069401,-0.005730928571708016,0.0002
375.4,31088640,48287,643,253,1618.9828,7410,0.27549641927083335,0.09425738151090628,0.2,-0.0008664485067129135,0.7364301979541779,-0.9893290564604104,0.105582446,-0.004728149367735265,0.0002
361.8,31211520,48480,643,254,1552.9824,7420,0.27484375,0.07680768538678724,0.2,0.001299215480685234,0.8865266889333725,-0.9798518187118074,0.110478535,-0.0046716647964603905,0.0002
377.0,31334400,48672,643,255,1584.2229,7430,0.2698665364583333,0.06881065865398947,0.2,0.01847500167787075,0.9053755179047585,-0.9900826523608217,0.10290807,-0.004974271888428727,0.0002
388.73333333333335,31457280,48861,643,256,1645.6566,7440,0.2773738606770833,0.07855916053519953,0.2,-0.025368113070726395,0.8821708858013153,-0.9922646046926578,0.10764228,-0.0047145881235034414,0.0002
392.46666666666664,31580160,49054,643,257,1685.7681,7450,0.26699625651041664,0.06474580520824626,0.2,-0.034029942005872726,0.9014524146914482,-0.9798263213969767,0.098165624,-0.0052836110514545,0.0002
410.0,31703040,49246,643,258,1769.9824,7460,0.2706591796875,0.0705405117823102,0.2,0.01461709477007389,0.878676749765873,-0.9839198636108388,0.10322571,-0.005117781778214218,0.0002
322.8,31825920,49438,643,259,1371.8883,7470,0.27002197265625,0.05474396971748016,0.2,-0.009651129133999348,0.9138752222061157,-0.9910360304856052,0.10655074,-0.006948240961652724,0.0002
383.1333333333333,31948800,49628,643,260,1698.5522,7480,0.27201009114583335,0.06267048700033531,0.2,0.06897072494029999,0.9174948036670685,-0.9917787030991166,0.100450344,-0.006290470518039607,0.0002
338.8,32071680,49819,643,261,1479.4442,7490,0.2721712239583333,0.06580074864898051,0.2,0.011905099265277386,0.9054990783333778,-0.9772570544667541,0.10310022,-0.006471448594187071,0.0002
382.4,32194560,50012,643,262,1671.8837,7500,0.26708740234375,0.05763035322767488,0.2,0.0235758014023304,0.9300606027245522,-0.9656965112468848,0.10797955,-0.005533927990742692,0.0002
358.6666666666667,32317440,50203,643,263,1561.3162,7510,0.27195638020833335,0.06967108376629767,0.2,-0.0013261046260595322,0.9103476479649544,-0.9899238230163853,0.10030106,-0.005547121630570473,0.0002
365.1333333333333,32440320,50395,643,264,1533.5566,7520,0.27112060546875,0.07661353606027357,0.2,-0.04040520638227463,0.8897814378142357,-0.9630191789350162,0.100482434,-0.006509251371547483,0.0002
375.8666666666667,32563200,50585,643,265,1615.756,7530,0.27091145833333335,0.05963501969704036,0.2,0.01828610897064209,0.9099024906754494,-0.9697174863796681,0.10054542,-0.00638640590895496,0.0002
391.53333333333336,32686080,50778,643,266,1680.503,7540,0.2737272135416667,0.07141944548166065,0.2,0.004625085741281509,0.9155037850141525,-0.9782905239798129,0.10946717,-0.0058998169244114254,0.0002
389.2,32808960,50972,643,267,1687.3073,7550,0.2722998046875,0.06705806417119069,0.2,-0.015160820446908474,0.9115173518657684,-0.9767299944286545,0.09851248,-0.005557238821220381,0.0002
365.2,32931840,51162,643,268,1571.4779,7560,0.2725244140625,0.06584551089753707,0.2,-0.023518996313214302,0.9067464917898178,-0.9640170277096332,0.1063571,-0.00494666317126151,0.0002
312.8,33054720,51354,643,269,1323.7852,7570,0.267548828125,0.06987340851686895,0.2,-0.015512051060795784,0.9046542569994926,-0.9636098188348114,0.100043245,-0.00617731811149497,0.0002
401.0,33177600,51545,643,270,1729.098,7580,0.27704345703125,0.08600233221535745,0.2,-0.004608629271388054,0.9028153419494629,-0.9565320138757427,0.10390625,-0.005420369282225389,0.0002
391.2,33300480,51739,643,271,1659.5613,7590,0.27252197265625,0.06460073850411087,0.2,-0.004967713728547096,0.8912860825657845,-0.969949898502479,0.10651077,-0.005965192775523368,0.0002
338.0,33423360,51931,643,272,1471.4905,7600,0.27173095703125,0.06609594210150438,0.2,0.02947895973920822,0.888328917324543,-0.9840051150632402,0.104397774,-0.006006633978655979,0.0002
356.4,33546240,52123,643,273,1516.699,7610,0.2708260091145833,0.07649456043715569,0.2,-0.003232138231396675,0.9012169241905212,-0.9615403295091043,0.10706369,-0.004930127282217048,0.0002
380.46666666666664,33669120,52317,643,274,1698.4344,7620,0.27362548828125,0.07194973471931007,0.2,-0.023184768855571747,0.9114323705434799,-0.987547462247312,0.10522645,-0.0058128646339658495,0.0002
394.8,33792000,52511,643,275,1702.223,7630,0.27875081380208333,0.06753008468311843,0.2,0.010783150792121887,0.9230572506785393,-0.9685307475769271,0.14592041,-0.00520814134679919,0.0002
382.4,33914880,52702,643,276,1688.02,7640,0.27473307291666665,0.07551477748847295,0.2,-0.025597132742404938,0.9008884355425835,-0.9799505679061016,0.10587213,-0.006083027610511636,0.0002
388.1333333333333,34037760,52893,643,277,1659.9403,7650,0.2677360026041667,0.06856895129249703,0.2,0.02247604727745056,0.9026907309889793,-0.9680583378362159,0.10987806,-0.005299412327331083,0.0002
404.73333333333335,34160640,53083,643,278,1709.147,7660,0.26905517578125,0.06965886038279374,0.2,-0.00438802782446146,0.9124632924795151,-0.9684154065481076,0.101932324,-0.006026688708407164,0.0002
380.8666666666667,34283520,53275,643,279,1601.8456,7670,0.26959147135416667,0.08124046481243567,0.2,-0.019579019397497177,0.9034296497702599,-0.9650463355580966,0.13597149,-0.004764329218526958,0.0002
378.46666666666664,34406400,53467,643,280,1584.8665,7680,0.2666902669270833,0.07556774714166144,0.2,-0.010334085673093796,0.8942577689886093,-0.950826333956793,0.099426255,-0.005333251157680934,0.0002
364.46666666666664,34529280,53659,643,281,1547.078,7690,0.26732991536458334,0.06274488763301633,0.2,-0.029522273689508438,0.8987378999590874,-0.9473667666657517,0.1036243,-0.005508230684987818,0.0002
377.8,34652160,53853,643,282,1610.5742,7700,0.2671280924479167,0.05797092564826016,0.2,-0.003710423596203327,0.918589860200882,-0.9624033043968181,0.099997334,-0.005560569142071472,0.0002
374.6,34775040,54045,643,283,1579.0265,7710,0.2665201822916667,0.0729678938042586,0.2,0.009840286336839199,0.9117475375533104,-0.9504258042573929,0.10249195,-0.005648461524036369,0.0002
362.6,34897920,54237,643,284,1569.1813,7720,0.2712353515625,0.06601227536181492,0.2,0.018978964537382126,0.9131386578083038,-0.9485027104926606,0.11825142,-0.005200018466827411,0.0002
438.53333333333336,35020800,54432,643,285,1799.5355,7730,0.26995849609375,0.06459343917840063,0.2,-0.00684758648276329,0.9022651761770248,-0.9448969755135477,0.105777584,-0.006437541025394846,0.0002
377.93333333333334,35143680,54626,643,286,1602.1005,7740,0.27211181640625,0.06548909188823018,0.2,0.036789774894714355,0.8762598112225533,-0.9460746239218861,0.10584094,-0.005571400535494225,0.0002
350.1333333333333,35266560,54819,643,287,1467.2405,7750,0.2698209635416667,0.06588599823344946,0.2,-0.009673459455370903,0.9008935168385506,-0.9500452810898423,0.106469855,-0.004366605148443341,0.0002
377.06666666666666,35389440,55011,643,288,1593.4755,7760,0.26930826822916665,0.07219950417338017,0.2,-0.0038433875888586044,0.9167023152112961,-0.9436155601590872,0.10357606,-0.004328389383335889,0.0002
412.4,35512320,55203,643,289,1721.9075,7770,0.2673746744791667,0.04771142616070089,0.2,-0.008143676444888115,0.8957696110010147,-0.9483384244516492,0.09780202,-0.006130423827313886,0.0002
363.1333333333333,35635200,55398,643,290,1484.2506,7780,0.26883544921875,0.0654161295824694,0.2,0.012435510754585266,0.908607229590416,-0.9448030383853863,0.10451781,-0.0048528413053948805,0.0002
391.93333333333334,35758080,55591,643,291,1721.9535,7790,0.2662272135416667,0.05836984676221618,0.2,0.006766662932932377,0.9026510715484619,-0.9767277233023196,0.101941235,-0.005278829734849447,0.0002
405.26666666666665,35880960,55785,643,292,1753.2001,7800,0.26985595703125,0.07027735109508891,0.2,0.00048445165157318115,0.8950675874948502,-0.9395670295848201,0.10524566,-0.004600702954006313,0.0002
345.73333333333335,36003840,55978,643,293,1533.7792,7810,0.26974934895833336,0.07209669972115079,0.2,0.02051454223692417,0.9092274457216263,-0.9350531180358181,0.11203435,-0.005416424973842974,0.0002
404.93333333333334,36126720,56170,643,294,1736.0709,7820,0.2716341145833333,0.07107494381307333,0.2,-0.016187813133001328,0.8920860067009926,-0.9472634797139714,0.10626619,-0.004418042627491256,0.0002
381.8666666666667,36249600,56362,643,295,1613.656,7830,0.27269287109375,0.06753004086790801,0.2,-0.005095053464174271,0.9095546454191208,-0.9341284431548168,0.10431874,-0.005546682017957209,0.0002
386.6666666666667,36372480,56553,643,296,1682.689,7840,0.27287923177083334,0.06457633147205342,0.2,0.059105198830366135,0.9053701385855675,-0.9396540759783238,0.105041616,-0.005367810701354756,0.0002
384.73333333333335,36495360,56746,643,297,1675.3414,7850,0.27152669270833335,0.0662233574072161,0.2,0.005864731036126614,0.912057027220726,-0.9487089954720189,0.1081309,-0.0046629054313204205,0.0002
383.06666666666666,36618240,56937,643,298,1622.493,7860,0.2734855143229167,0.06239476365939481,0.2,-0.004220306873321533,0.9021951854228973,-0.9462135805934667,0.10441098,-0.004258886636137807,0.0002
403.53333333333336,36741120,57128,643,299,1813.4904,7870,0.26943603515625,0.07270108139724471,0.2,-0.02815079689025879,0.9054461270570755,-0.9528987298502276,0.10588588,-0.005820593818910614,0.0002
331.4,36864000,57320,643,300,1346.7948,7880,0.26863444010416665,0.0747551547785891,0.2,-0.0012948522344231606,0.91273432970047,-0.9384424489674469,0.10293094,-0.005884225664146167,0.0002
399.1333333333333,36986880,57510,643,301,1701.3177,7890,0.26580973307291667,0.05976925155511708,0.2,0.028109729290008545,0.9094707444310188,-0.9570122529442112,0.09876164,-0.005850533060841674,0.0002
383.2,37109760,57702,643,302,1627.9939,7900,0.26660481770833333,0.05758937329941546,0.2,-0.002129114232957363,0.9055904969573021,-0.9558146355145921,0.09927718,-0.005307295916036309,0.0002
299.6666666666667,37232640,57893,643,303,1264.2682,7910,0.270361328125,0.07289431102137314,0.2,0.0188601054251194,0.8864929676055908,-0.9626450427559515,0.104217924,-0.004937227513752683,0.0002
336.1333333333333,37355520,58084,643,304,1429.6602,7920,0.26571207682291664,0.0612749244402706,0.2,0.05051618814468384,0.9103586301207542,-0.9578714523464441,0.10102132,-0.005848388223809404,0.0002
344.6,37478400,58276,643,305,1458.8159,7930,0.2679874674479167,0.05964611735774573,0.2,-0.03823433816432953,0.901656873524189,-0.9629837466186534,0.10221636,-0.005401434009878964,0.0002
385.8,37601280,58465,643,306,1697.3474,7940,0.2698592122395833,0.07071700466328669,0.2,0.010111123323440552,0.8972901254892349,-0.967139310700198,0.10442741,-0.005803660323899749,0.0002
373.93333333333334,37724160,58677,642,307,1585.9707,7950,0.26519694010416667,0.0551033158822247,0.2,-0.011491047218441963,0.8985227793455124,-0.964075644472614,0.09853763,-0.005867376238890453,0.0002
393.93333333333334,37847040,58871,642,308,1734.7491,7960,0.2659635416666667,0.07280440390612057,0.2,-0.008159473538398743,0.8896174728870392,-0.9603275907815745,0.104149304,-0.005384761638451891,0.0002
405.53333333333336,37969920,59064,642,309,1727.2676,7970,0.26898030598958333,0.059898160891534644,0.2,0.01875913143157959,0.9167312532663345,-0.9606027920544148,0.10161279,-0.005011596318260369,0.0002
321.53333333333336,38092800,59257,642,310,1339.42,7980,0.26884847005208334,0.058333496827035564,0.2,0.01600661687552929,0.9102812632918358,-0.9720351174597939,0.09918436,-0.00621929168133344,0.0002
422.26666666666665,38215680,59450,642,311,1746.5352,7990,0.2705712890625,0.07355259474774357,0.2,0.01640431582927704,0.9015945568680763,-0.9695944665713857,0.102294475,-0.00505647429969334,0.0002
375.3333333333333,38338560,59644,642,312,1625.8915,8000,0.27276448567708333,0.07113824766580365,0.2,0.041779570281505585,0.9041409268975258,-0.9800906021365275,0.100139126,-0.005610349978784749,0.0002
373.0,38461440,59838,642,313,1570.8646,8010,0.2715885416666667,0.05809379594395674,0.2,0.05983894690871239,0.8997483849525452,-0.966492946476986,0.10677564,-0.005061557997166044,0.0002
347.6,38584320,60030,642,314,1510.8485,8020,0.27401285807291664,0.06376439121733711,0.2,-0.03267063573002815,0.9171884432435036,-0.9568131826041887,0.103843465,-0.00491788425915729,0.0002
406.6666666666667,38707200,60223,642,315,1737.812,8030,0.27224283854166664,0.059477369173788854,0.2,0.0009908489882946014,0.9159455075860023,-0.9357192117845019,0.10378972,-0.004024272837026123,0.0002
393.0,38830080,60417,642,316,1697.6622,8040,0.2696614583333333,0.05518097681839815,0.2,0.018407490104436874,0.9142211526632309,-0.9495072423045834,0.10069003,-0.006668759385593148,0.0002
346.06666666666666,38952960,60616,642,317,1505.6844,8050,0.2667618815104167,0.07021876362836338,0.2,-0.0023776013404130936,0.9009613916277885,-0.9192202457878739,0.10032552,-0.0058619259442093605,0.0002
353.73333333333335,39075840,60809,642,318,1474.2792,8060,0.26770670572916666,0.06397847993648612,0.2,0.009601162746548653,0.9266120865941048,-0.9377907984983176,0.0994477,-0.005257021949122039,0.0002
393.2,39198720,61000,642,319,1667.6179,8070,0.2679524739583333,0.06098891590818918,0.2,0.013248234987258911,0.9165364801883698,-0.93146615250657,0.10124656,-0.005744941823219657,0.0002
359.93333333333334,39321600,61192,642,320,1509.5375,8080,0.2686238606770833,0.064793884321795,0.2,-0.006936277262866497,0.9187501668930054,-0.9091710284476479,0.10402744,-0.005734976886830433,0.0002
320.93333333333334,39444480,61386,642,321,1355.4957,8090,0.26544352213541667,0.06768288188470857,0.2,0.011821115389466286,0.9116397127509117,-0.9105420365339766,0.10167491,-0.004967332501707157,0.0002
401.93333333333334,39567360,61577,642,322,1751.414,8100,0.2650553385416667,0.05280062936772689,0.2,0.03273572772741318,0.9341368451714516,-0.923572038129593,0.10509085,-0.005962412323560784,0.0002
393.8,39690240,61769,642,323,1668.3068,8110,0.2704386393229167,0.06758868957709638,0.2,0.00041260942816734314,0.897669218480587,-0.9143668127773951,0.10338512,-0.005672385692472138,0.0002
398.2,39813120,61961,642,324,1685.8127,8120,0.26365804036458335,0.049281474626089526,0.2,-0.027716435492038727,0.9172949343919754,-0.9149455668622007,0.09830448,-0.006780216102706618,0.0002
405.26666666666665,39936000,62152,642,325,1788.7224,8130,0.269970703125,0.074079613954115,0.2,0.06671436131000519,0.8863747790455818,-0.9233628206079205,0.101289205,-0.0056574746958419075,0.0002
349.8666666666667,40058880,62343,642,326,1453.4882,8140,0.26683186848958335,0.05161498747938215,0.2,-0.017162993550300598,0.9047364965081215,-0.9214562900364399,0.10086683,-0.005370479591723172,0.0002
336.53333333333336,40181760,62537,642,327,1445.7065,8150,0.2677734375,0.058999902857103735,0.2,0.01176404394209385,0.9086064994335175,-0.9082765575684607,0.100265406,-0.005374789704352831,0.0002
412.73333333333335,40304640,62731,642,328,1802.1085,8160,0.2661824544270833,0.06469676933624821,0.2,-0.0017687194049358368,0.8993900269269943,-0.8973799494312455,0.09702678,-0.005689240209242902,0.0002
421.8666666666667,40427520,62923,642,329,1828.0044,8170,0.26548583984375,0.05890516753109599,0.2,-0.008367175236344337,0.9130465760827065,-0.8965302116423846,0.100871235,-0.004516818337548708,0.0002
304.6666666666667,40550400,63119,642,330,1319.7812,8180,0.267314453125,0.06372514208686576,0.2,0.01876232959330082,0.8949793726205826,-0.9155834607873112,0.10950568,-0.005362996085714258,0.0002
361.3333333333333,40673280,63310,642,331,1573.1112,8190,0.26174560546875,0.07136582602948086,0.2,0.016432268545031548,0.9070232510566711,-0.8954611606119821,0.09987582,-0.004787473781722534,0.0002
364.0,40796160,63502,642,332,1592.6245,8200,0.2596004231770833,0.05563168721673719,0.2,0.03235793113708496,0.9013629332184792,-0.9194903951138258,0.095798895,-0.005278593018295699,0.0002
404.06666666666666,40919040,63695,642,333,1722.5404,8210,0.26296549479166664,0.06475337997677949,0.2,-0.0016066152602434158,0.8980322778224945,-0.9194836774778863,0.099427804,-0.0059309278979890225,0.0002
402.3333333333333,41041920,63887,642,334,1714.9374,8220,0.26166178385416666,0.05243784780652883,0.2,-0.026067789644002914,0.9167506992816925,-0.9274456814303994,0.09987933,-0.006343679916338564,0.0002
432.6666666666667,41164800,64080,642,335,1877.7681,8230,0.2640226236979167,0.052805311257883056,0.2,0.002848067320883274,0.9092299491167068,-0.9245286584614466,0.09724299,-0.006075402320790697,0.0002
368.8666666666667,41287680,64271,642,336,1589.9382,8240,0.26293782552083333,0.05913473933425848,0.2,8.385069668292999e-05,0.9006903320550919,-0.9179854170326144,0.094922945,-0.005587613958790219,0.0002
377.73333333333335,41410560,64474,642,337,1650.981,8250,0.2632649739583333,0.07309908843247588,0.2,-0.026304371654987335,0.9047561138868332,-0.914578348013262,0.0972105,-0.005776984866964388,0.0002
380.46666666666664,41533440,64670,642,338,1671.8633,8260,0.26051920572916665,0.058167206977814204,0.2,0.03064197301864624,0.891801081597805,-0.9075664463173598,0.09278967,-0.005017126317510095,0.0002
398.8666666666667,41656320,64861,642,339,1745.0566,8270,0.26076578776041665,0.053246550229669086,0.2,-0.01936919428408146,0.9094339907169342,-0.8998237961002936,0.09277217,-0.006116707175836685,0.0002
380.8666666666667,41779200,65053,642,340,1639.436,8280,0.26342610677083333,0.063479743923502,0.2,-0.01712276041507721,0.9120590165257454,-0.9001183023583144,0.09769071,-0.004225343118711559,0.0002
375.06666666666666,41902080,65246,642,341,1644.5923,8290,0.2608870442708333,0.06737832727187197,0.2,0.008445977233350277,0.8592589348554611,-0.9013573712514092,0.09763251,-0.005219252961954529,0.0002
426.6,42024960,65441,642,342,1810.1069,8300,0.2584993489583333,0.0576522213742525,0.2,0.0021260459907352924,0.911689355969429,-0.9210912460802744,0.098621875,-0.005233106811204683,0.0002
365.8,42147840,65633,642,343,1556.4742,8310,0.26168701171875,0.07469057957896438,0.2,0.052507296204566956,0.8895791098475456,-0.9050650522764773,0.09955754,-0.004812484502390362,0.0002
330.6666666666667,42270720,65827,642,344,1451.9235,8320,0.26230305989583336,0.05547601395546129,0.2,-0.01339389942586422,0.9087755680084229,-0.9187966851331294,0.096250564,-0.005522792696471394,0.0002
349.46666666666664,42393600,66019,642,345,1513.1823,8330,0.261787109375,0.07286225971746414,0.2,0.008965209126472473,0.8818555176258087,-0.9057614525935302,0.10038861,-0.004620859896046265,0.0002
407.26666666666665,42516480,66214,642,346,1766.097,8340,0.26273681640625,0.06504858418901373,0.2,0.029513726010918617,0.9035997316241264,-0.9115130854801585,0.10150307,-0.004913804168803229,0.0002
365.46666666666664,42639360,66406,642,347,1637.3922,8350,0.26477457682291666,0.06775017049056865,0.2,0.009304620325565338,0.8870696946978569,-0.9207918501924723,0.09670539,-0.004625582093676712,0.0002
420.6,42762240,66598,642,348,1818.8885,8360,0.2646590169270833,0.06406628549137773,0.2,0.005523464642465115,0.9119226261973381,-0.9257133900591483,0.09812226,-0.004980194232230133,0.0002
420.6,42885120,66791,642,349,1782.2057,8370,0.26015787760416664,0.0661381502696895,0.2,0.0027815867215394974,0.9186790511012077,-0.9163984661207845,0.09473888,-0.005292996265649587,0.0002
368.8,43008000,66985,642,350,1601.6268,8380,0.26445882161458334,0.07559013035478225,0.2,0.03992772847414017,0.8975595161318779,-0.9068708300497383,0.09647539,-0.005525297131243861,0.0002
407.8666666666667,43130880,67177,642,351,1761.7222,8390,0.2608162434895833,0.06581884450599318,0.2,0.716558575630188,0.9046365916728973,-0.9016980880436798,0.09389796,-0.004621983550077857,0.0002
406.6,43253760,67369,642,352,1723.2133,8400,0.2609993489583333,0.05157085229671793,0.2,-0.0007170950993895531,0.9075066894292831,-0.9100546228699387,0.09233594,-0.006100622539409717,0.0002
446.4,43376640,67561,642,353,1928.9674,8410,0.2616731770833333,0.05722411576061859,0.2,0.01623154804110527,0.8796225190162659,-0.919837220578144,0.09856682,-0.005298699124474903,0.0002
414.0,43499520,67757,641,354,1802.47,8420,0.26276611328125,0.05419444197631189,0.2,0.010788473300635815,0.901006855070591,-0.9314550227485597,0.09727775,-0.004377284016897344,0.0002
364.4,43622400,67952,641,355,1521.003,8430,0.2630436197916667,0.05953083226520296,0.2,0.029686421155929565,0.8852934837341309,-0.9180416583331923,0.097144924,-0.005294527898780264,0.0002
378.93333333333334,43745280,68147,641,356,1612.735,8440,0.26148030598958333,0.0636726391738921,0.2,0.0014231260865926743,0.8966590389609337,-0.9163058158569037,0.09556091,-0.0050789019505585505,0.0002
350.8666666666667,43868160,68340,641,357,1514.8932,8450,0.26338623046875,0.06074716417089803,0.2,-0.02288629859685898,0.8869544193148613,-0.911161616196235,0.102463335,-0.0053438381603609746,0.0002
391.26666666666665,43991040,68533,641,358,1697.5154,8460,0.26238444010416667,0.07193376868972944,0.2,0.05630116909742355,0.896472729742527,-0.892378728746747,0.096253015,-0.005329636266081555,0.0002
368.53333333333336,44113920,68725,641,359,1591.556,8470,0.26136881510416665,0.06531113023421009,0.2,0.08950232714414597,0.8877164348959923,-0.9001208270868908,0.094969705,-0.004447829816629867,0.0002
386.8666666666667,44236800,68917,641,360,1677.9788,8480,0.26185302734375,0.05791185958708714,0.2,-0.013729827478528023,0.8958723396062851,-0.9049616173033913,0.093521185,-0.004829565902612861,0.0002
328.8,44359680,69108,641,361,1377.4473,8490,0.2623291015625,0.061433131413553686,0.2,-0.0058244140818715096,0.9220091626048088,-0.9005244372257342,0.10278576,-0.005245319448458758,0.0002
333.3333333333333,44482560,69301,641,362,1443.2482,8500,0.2652132161458333,0.07488215861764426,0.2,0.01185218058526516,0.9002788439393044,-0.9009029929991812,0.10020921,-0.005310688425661283,0.0002
389.26666666666665,44605440,69496,641,363,1671.3566,8510,0.2594449869791667,0.06737595800839093,0.2,0.0005117906257510185,0.9211338981986046,-0.8986355228815228,0.09333968,-0.005719803073558675,0.0002
398.4,44728320,69687,641,364,1734.0748,8520,0.26469075520833335,0.07276613089888997,0.2,0.006606969982385635,0.9094757959246635,-0.8942636520105104,0.0980434,-0.00513797889652172,0.0002
400.8666666666667,44851200,69881,641,365,1683.4158,8530,0.26207356770833334,0.07485636145271807,0.2,-0.011967157013714314,0.9070708528161049,-0.8876331168195853,0.09362562,-0.005094470021540474,0.0002
403.6,44974080,70076,641,366,1707.02,8540,0.2615738932291667,0.07356216806709805,0.2,-0.01935930922627449,0.9095617532730103,-0.892922244866689,0.09640496,-0.005529882428933585,0.0002
363.8,45096960,70269,641,367,1570.0325,8550,0.2616373697916667,0.06116540239379295,0.2,0.09936119616031647,0.9057181254029274,-0.8898353835723053,0.09956099,-0.005582933871428395,0.0002
373.3333333333333,45219840,70463,641,368,1605.3625,8560,0.2595320638020833,0.07799073026214803,0.2,0.018899552524089813,0.8938300088047981,-0.8859826103815188,0.09533384,-0.004620590421136512,0.0002
354.73333333333335,45342720,70655,641,369,1560.0751,8570,0.26340576171875,0.06665915057000045,0.2,0.017972836270928383,0.9186510071158409,-0.9116831348308673,0.09744605,-0.005558522599985735,0.0002
342.0,45465600,70850,641,370,1455.1404,8580,0.26256429036458334,0.0724724935356547,0.2,-0.014114335179328918,0.8925169929862022,-0.896101560111468,0.09556135,-0.004536466283971094,0.0002
342.0,45588480,71045,641,371,1460.2898,8590,0.2596044921875,0.06025028100494334,0.2,-0.017934225499629974,0.9266006425023079,-0.9043686050952723,0.09512172,-0.005724244738648849,0.0002
432.0,45711360,71240,641,372,1855.633,8600,0.2618660481770833,0.062924928092422,0.2,0.011687084101140499,0.9027063623070717,-0.8973973386579503,0.099620305,-0.0058790708991667395,0.0002
349.46666666666664,45834240,71435,641,373,1537.4294,8610,0.2660856119791667,0.06368771194715615,0.2,-0.005520051345229149,0.9025263041257858,-0.898615673923244,0.10151393,-0.005268449743322586,0.0002
306.2,45957120,71629,641,374,1277.9569,8620,0.2607666015625,0.05358231151874255,0.2,0.05227728933095932,0.921833299100399,-0.9000122509555271,0.09550942,-0.0058158724689443865,0.0002
345.46666666666664,46080000,71824,641,375,1491.5742,8630,0.26250569661458334,0.061236478581825696,0.2,-0.032708100974559784,0.9038887098431587,-0.8966059553592155,0.09861883,-0.00574428433682139,0.0002
353.46666666666664,46202880,72016,641,376,1509.4855,8640,0.26446451822916667,0.05962578146223677,0.2,0.08921065926551819,0.9077344536781311,-0.9006054310128093,0.097952865,-0.004982096781410898,0.0002
414.93333333333334,46325760,72207,641,377,1831.3036,8650,0.26506591796875,0.06309917835732146,0.2,-0.019121726974844933,0.8882859274744987,-0.8955653415558239,0.10323798,-0.005446769527158418,0.0002
381.6666666666667,46448640,72400,641,378,1645.7521,8660,0.2630183919270833,0.06751023355151119,0.2,0.020285407081246376,0.9143064841628075,-0.8929150487358372,0.098602146,-0.005278452909536402,0.0002
361.8,46571520,72595,641,379,1558.4783,8670,0.26301188151041666,0.06032498270797078,0.2,0.010842688381671906,0.9101543352007866,-0.8867079126928001,0.09839983,-0.005827104670718957,0.0002
342.46666666666664,46694400,72790,641,380,1464.9052,8680,0.2609611002604167,0.05813364731317658,0.2,0.010210301727056503,0.913965180516243,-0.8887278656444202,0.093296796,-0.005257615790633281,0.0002
332.0,46817280,72984,641,381,1460.8627,8690,0.263583984375,0.06215051021958061,0.2,0.025002360343933105,0.9081551283597946,-0.8789367308250318,0.10185382,-0.005465965891241164,0.0002
361.46666666666664,46940160,73175,641,382,1538.142,8700,0.26418863932291664,0.0669059579535921,0.2,0.08881501853466034,0.9052022621035576,-0.8704802381061018,0.1024674,-0.004802933743061052,0.0002
373.2,47063040,73370,641,383,1596.5364,8710,0.2638321940104167,0.07298964173203179,0.2,-0.0035244300961494446,0.9016546905040741,-0.8721956259012222,0.100009836,-0.005044057928844267,0.0002
382.2,47185920,73566,641,384,1678.6184,8720,0.26159423828125,0.06208329649089137,0.2,0.03793719410896301,0.9082008525729179,-0.8849062623207767,0.096977554,-0.005055392115832546,0.0002
379.8666666666667,47308800,73760,641,385,1596.5151,8730,0.26428873697916666,0.060138201976321096,0.2,-0.0103819714859128,0.8913614153862,-0.8845642585679889,0.09763934,-0.0059016836578121,0.0002
355.1333333333333,47431680,73955,641,386,1516.4285,8740,0.26289713541666665,0.06411630555689043,0.2,0.023752789944410324,0.9044434651732445,-0.8909111088265975,0.09824743,-0.004608013030107638,0.0002
316.6666666666667,47554560,74155,641,387,1343.6339,8750,0.26318033854166667,0.06361858077250265,0.2,-0.004492675885558128,0.9189017340540886,-0.8901394401149203,0.0963882,-0.0049584322897408125,0.0002
364.53333333333336,47677440,74348,641,388,1663.9413,8760,0.26609619140625,0.0730903936355753,0.2,-0.007593128830194473,0.8933019265532494,-0.8839536255660156,0.09708996,-0.004915609524238486,0.0002
408.26666666666665,47800320,74543,641,389,1764.0104,8770,0.26438232421875,0.06673383964145614,0.2,0.03347839415073395,0.9052800163626671,-0.9078958838557204,0.0971289,-0.005131896261997705,0.0002
366.6666666666667,47923200,74739,641,390,1609.4337,8780,0.2641300455729167,0.06181080606627802,0.2,-0.0058149248361587524,0.8849585801362991,-0.9067783474425475,0.09636851,-0.004587674292397423,0.0002
361.6,48046080,74935,641,391,1582.5132,8790,0.26427897135416667,0.07638217507233397,0.2,0.3090772330760956,0.8975922390818596,-0.8862212920188903,0.093181774,-0.00441446152588469,0.0002
393.46666666666664,48168960,75127,641,392,1716.7877,8800,0.2633260091145833,0.06814200981524966,0.2,0.009980686940252781,0.9124192595481873,-0.8881259976079067,0.09466752,-0.004301653676023609,0.0002
397.8666666666667,48291840,75319,641,393,1647.5173,8810,0.2689029947916667,0.06132990217476617,0.2,0.060754790902137756,0.9057887569069862,-0.8880422933927427,0.10135328,-0.005200989231264733,0.0002
372.06666666666666,48414720,75515,641,394,1626.82,8820,0.26550211588541667,0.060980899832842016,0.2,-0.03809032589197159,0.9100161120295525,-0.8954605546065917,0.099598475,-0.004999811172438058,0.0002
374.6666666666667,48537600,75707,641,395,1584.3745,8830,0.26586344401041667,0.06942281764912574,0.2,0.009160501882433891,0.9088836759328842,-0.8864460860999922,0.09499875,-0.004695278874393504,0.0002
385.2,48660480,75908,641,396,1633.2772,8840,0.26930582682291665,0.056511154259836376,0.2,-0.01747540757060051,0.8981720954179764,-0.8770147469298293,0.09786871,-0.004731022833105575,0.0002
373.93333333333334,48783360,76101,641,397,1629.9484,8850,0.2656608072916667,0.060212677013551,0.2,-0.00018997490406036377,0.8935113698244095,-0.8818350965498636,0.09657291,-0.003906291733534697,0.0002
405.2,48906240,76293,641,398,1778.9753,8860,0.26458740234375,0.055641368597983576,0.2,-0.00810962449759245,0.8795487880706787,-0.8790614058325688,0.09391579,-0.005670301257529597,0.0002
350.1333333333333,49029120,76495,640,399,1524.7504,8870,0.263759765625,0.05127146281117651,0.2,0.0028605544939637184,0.8894201070070267,-0.8715810784759621,0.09502108,-0.004790493641291201,0.0002
407.2,49152000,76688,640,400,1793.2982,8880,0.26355224609375,0.0555677123383551,0.2,-0.01881517842411995,0.8931548073887825,-0.8747961257739614,0.095814966,-0.004824696731217651,0.0002
388.53333333333336,49274880,76881,640,401,1701.6716,8890,0.26224934895833335,0.05026061874484488,0.2,-0.012497786432504654,0.9111720025539398,-0.8730889121846607,0.105357915,-0.005373214972520752,0.0002
337.53333333333336,49397760,77076,640,402,1476.1805,8900,0.266865234375,0.06469394920000923,0.2,0.0002182982861995697,0.8956202194094658,-0.883527839584276,0.12347657,-0.0046762471896181525,0.0002
439.1333333333333,49520640,77270,640,403,1898.4473,8910,0.27097249348958335,0.08134486068619784,0.2,0.11540848016738892,0.8803781494498253,-0.8938793795990447,0.12578079,-0.004418946113249452,0.0002
415.93333333333334,49643520,77467,640,404,1816.2986,8920,0.26970784505208334,0.07109760977720725,0.2,0.02909482643008232,0.886957161128521,-0.898462764400368,0.0973467,-0.00458891980442786,0.0002
359.93333333333334,49766400,77659,640,405,1568.7198,8930,0.26202962239583333,0.05923214521489475,0.2,-0.016409914940595627,0.8866055086255074,-0.88922010665449,0.09251485,-0.005161765474501105,0.0002
372.73333333333335,49889280,77854,640,406,1646.7385,8940,0.26132405598958336,0.052936762196428996,0.2,-0.021538525819778442,0.9170621857047081,-0.8888457700517028,0.095890425,-0.005119440412733336,0.0002
394.06666666666666,50012160,78047,640,407,1710.6382,8950,0.26515625,0.07052020701101962,0.2,-0.026252008974552155,0.8971803709864616,-0.8861547610970835,0.09788554,-0.004504040902835792,0.0002
381.4,50135040,78240,640,408,1654.9868,8960,0.26564453125,0.059637638053100094,0.2,-0.02176348865032196,0.8936635404825211,-0.8788741642050445,0.09680002,-0.005238988361240141,0.0002
420.2,50257920,78435,640,409,1788.5023,8970,0.2649853515625,0.07160562617958931,0.2,0.00804695300757885,0.9187885820865631,-0.8687257124483585,0.09818492,-0.004380668915567488,0.0002
376.6666666666667,50380800,78629,640,410,1644.9862,8980,0.26023193359375,0.0714862078581306,0.2,0.007560591213405132,0.9076647460460663,-0.8736864331333588,0.0919004,-0.0038918732918621873,0.0002
355.1333333333333,50503680,78824,640,411,1555.7284,8990,0.2637532552083333,0.07045035527934185,0.2,0.005294669885188341,0.901186116039753,-0.8640111210445564,0.09278882,-0.004314024806481029,0.0002
425.1333333333333,50626560,79016,640,412,1865.5148,9000,0.26173258463541665,0.07282837176756099,0.2,-0.021606242284178734,0.9113311320543289,-0.8818639295486113,0.09670375,-0.004522052725372608,0.0002
401.73333333333335,50749440,79211,640,413,1704.8365,9010,0.26082763671875,0.07393855663064945,0.2,0.046532902866601944,0.8799583911895752,-0.8785887917534758,0.09509064,-0.004956510685909355,0.0002
355.26666666666665,50872320,79406,640,414,1471.1255,9020,0.26301676432291665,0.06349761850113282,0.2,0.007751031778752804,0.9035459086298943,-0.873503337011983,0.0976144,-0.004766365998821129,0.0002
331.4,50995200,79598,640,415,1445.3933,9030,0.26019124348958333,0.06609410229359734,0.2,-0.006615309044718742,0.8894574642181396,-0.879953299521779,0.09490988,-0.005347105238500565,0.0002
392.6666666666667,51118080,79795,640,416,1690.3112,9040,0.26043294270833334,0.06380088695700882,0.2,0.0030417703092098236,0.915468841791153,-0.8934045677135388,0.09622828,-0.005168034308785536,0.0002
314.06666666666666,51240960,80000,640,417,1321.4629,9050,0.2634033203125,0.0730261942892442,0.2,-0.018840182572603226,0.8814479857683182,-0.8948412070702761,0.106903665,-0.004911553715452707,0.0002
349.46666666666664,51363840,80194,640,418,1538.1274,9060,0.26381591796875,0.05879606981902422,0.2,0.008820686489343643,0.913200356066227,-0.8809696163795888,0.10422775,-0.0048360964811217854,0.0002
377.26666666666665,51486720,80390,640,419,1623.5239,9070,0.2599755859375,0.06673097095151509,0.2,-0.011057227849960327,0.8875043913722038,-0.8780356532180061,0.09189285,-0.005051090514164874,0.0002
371.93333333333334,51609600,80585,640,420,1618.0109,9080,0.25889241536458335,0.07099959716411831,0.2,0.012740816920995712,0.905046358704567,-0.8862579367744426,0.091498025,-0.004588797063831104,0.0002
404.1333333333333,51732480,80780,640,421,1786.5621,9090,0.26046549479166664,0.06375464159027615,0.2,-0.03300851583480835,0.8996443301439285,-0.8703139453567564,0.097630486,-0.005899019761879269,0.0002
346.3333333333333,51855360,80973,640,422,1479.1329,9100,0.2665763346354167,0.07535081398382318,0.2,-0.007956105284392834,0.8661870509386063,-0.8790533567033708,0.099117026,-0.005514510961744842,0.0002
326.93333333333334,51978240,81169,640,423,1436.7924,9110,0.2640738932291667,0.06333341936197637,0.2,0.03232378140091896,0.8807300180196762,-0.8802225744103392,0.093722396,-0.004795246606108776,0.0002
353.73333333333335,52101120,81364,640,424,1548.8776,9120,0.26165283203125,0.07329221760339957,0.2,0.005860235542058945,0.8854263126850128,-0.864413950437059,0.09578749,-0.0044731752434260365,0.0002
365.73333333333335,52224000,81558,640,425,1532.7637,9130,0.26132649739583336,0.06125711890878544,0.2,-0.008071728982031345,0.900320328772068,-0.8675840745369593,0.09508341,-0.005141380362565542,0.0002
393.8666666666667,52346880,81752,640,426,1688.5012,9140,0.25897705078125,0.06971329771401846,0.2,0.0027283094823360443,0.8930852264165878,-0.8658859046455473,0.09424687,-0.0044118649027465534,0.0002
379.2,52469760,81986,639,427,1647.9764,9150,0.2616495768229167,0.06733621997421627,0.2,-0.012250442057847977,0.8797114044427872,-0.8583856144764771,0.098023176,-0.005083113649970983,0.0002
436.0,52592640,82182,639,428,1882.9788,9160,0.25851643880208336,0.07297955125567872,0.2,0.025729387998580933,0.8871222883462906,-0.8665047853812575,0.09155526,-0.005163603661918994,0.0002
387.1333333333333,52715520,82388,639,429,1677.0353,9170,0.2595320638020833,0.07525524665426929,0.2,0.061597518622875214,0.8834900110960007,-0.8637534853008886,0.10651053,-0.004817272612252357,0.0002
410.53333333333336,52838400,82581,639,430,1769.1661,9180,0.26146240234375,0.07016814310047872,0.2,0.015400637872517109,0.8997119143605232,-0.871406698503221,0.09309674,-0.004904581877775247,0.0002
401.2,52961280,82776,639,431,1768.6976,9190,0.25958333333333333,0.12316973290847576,0.2,-0.017964690923690796,0.807915985584259,-0.8889219255962719,0.093031004,-0.003918201530977967,0.0002
367.1333333333333,53084160,82970,639,432,1593.84,9200,0.25709147135416666,0.07029829716870153,0.2,0.027085237205028534,0.8947030156850815,-0.8784761990451564,0.09405223,-0.005369854377052737,0.0002
328.1333333333333,53207040,83164,639,433,1384.941,9210,0.26117513020833333,0.0754988490989975,0.2,0.0013972315937280655,0.8926080614328384,-0.8808237429118405,0.10302399,-0.005331190923825489,0.0002
357.46666666666664,53329920,83360,639,434,1562.3788,9220,0.2580387369791667,0.06738045167359814,0.2,0.011267267167568207,0.9036701917648315,-0.8757553921236346,0.09390198,-0.00567025922987644,0.0002
387.26666666666665,53452800,83555,639,435,1619.3085,9230,0.25314127604166664,0.07106021844076167,0.2,0.012510142289102077,0.8922592550516129,-0.8794763990398496,0.09474302,-0.004649889493924396,0.0002
410.73333333333335,53575680,83750,639,436,1740.8573,9240,0.25496337890625,0.06639132335260607,0.2,0.015424992889165878,0.9075041189789772,-0.872701494184633,0.09485514,-0.005612837599237537,0.0002
407.46666666666664,53698560,83980,639,437,1745.9564,9250,0.2556201171875,0.06403146285828067,0.2,0.030728384852409363,0.9017185121774673,-0.8731047281622887,0.0938562,-0.0046913638973031385,0.0002
396.0,53821440,84173,639,438,1710.3214,9260,0.2569270833333333,0.06851200317653516,0.2,-0.009270045906305313,0.881876029074192,-0.8756205098765591,0.09586565,-0.005357909984456152,0.0002
381.1333333333333,53944320,84366,639,439,1636.1515,9270,0.25578125,0.055906507771263325,0.2,0.010828654281795025,0.8912267535924911,-0.882736246228839,0.09376931,-0.005192919232352627,0.0002
423.73333333333335,54067200,84560,639,440,1832.141,9280,0.254873046875,0.06444948475325267,0.2,0.033242784440517426,0.8918727189302444,-0.8866960872088869,0.10690076,-0.005920436257874826,0.0002
389.93333333333334,54190080,84791,639,441,1715.9666,9290,0.25554524739583334,0.06865319213092637,0.2,-0.017675574868917465,0.9010853618383408,-0.8718162131495774,0.094614334,-0.004904361220039088,0.0002
375.0,54312960,84998,638,442,1617.0267,9300,0.2541796875,0.06256908530260262,0.2,-0.0060765985399484634,0.9120883941650391,-0.8795021288158993,0.094518855,-0.004866981156798526,0.0002
372.0,54435840,85192,638,443,1600.9011,9310,0.25693115234375,0.07393885574216257,0.2,-0.003775686025619507,0.9000809714198112,-0.8825213563876847,0.09416463,-0.0047584460003599815,0.0002
378.26666666666665,54558720,85386,638,444,1619.0588,9320,0.25092041015625,0.06034745743580667,0.2,0.04059622064232826,0.9148797169327736,-0.8753322929951052,0.09261311,-0.0048600105858743825,0.0002
351.2,54681600,85579,638,445,1543.8707,9330,0.25136637369791665,0.061426528212590106,0.2,0.030120380222797394,0.8847288563847542,-0.868247920020173,0.09448708,-0.003390326858170738,0.0002
431.26666666666665,54804480,85772,638,446,1859.634,9340,0.25356201171875,0.06732539540202803,0.2,0.004196451045572758,0.903953418135643,-0.8599289901306232,0.09791953,-0.005685528295107361,0.0002
404.1333333333333,54927360,85967,638,447,1760.396,9350,0.25281494140625,0.06325564001825114,0.2,0.10691551864147186,0.8991618826985359,-0.8632421556332459,0.09266594,-0.00570577540714415,0.0002
397.3333333333333,55050240,86162,638,448,1766.0026,9360,0.25347005208333334,0.06948848830858576,0.2,0.024542002007365227,0.8939951434731483,-0.8831406559391568,0.08981026,-0.004894457197275793,0.0002
351.0,55173120,86357,638,449,1505.7108,9370,0.25552978515625,0.07589629951022896,0.2,-0.015339154750108719,0.9055478349328041,-0.8770030352876832,0.09223054,-0.005306101150078272,0.0002
368.2,55296000,86550,638,450,1614.0978,9380,0.25114013671875,0.05119515861008646,0.2,-0.005606276914477348,0.9140441566705704,-0.8760412036534398,0.08800413,-0.005592850241688817,0.0002
399.06666666666666,55418880,86745,638,451,1717.6267,9390,0.24961832682291665,0.0657096160696771,0.2,0.003624444827437401,0.9037506356835365,-0.8754105877969414,0.090898864,-0.005829885319605334,0.0002
377.26666666666665,55541760,86946,638,452,1585.3546,9400,0.2503816731770833,0.07791941062088881,0.2,0.023340195417404175,0.8831890001893044,-0.85357683001707,0.0910404,-0.005185967693217511,0.0002
356.8,55664640,87140,638,453,1608.1364,9410,0.253173828125,0.06985136883345452,0.2,-0.00017359480261802673,0.8832782432436943,-0.88161161330839,0.09165896,-0.0051079118489724355,0.0002
419.46666666666664,55787520,87335,638,454,1761.8075,9420,0.2557267252604167,0.06647701143224063,0.2,0.006626207381486893,0.9098642393946648,-0.8740626496821642,0.09431263,-0.004756157051360788,0.0002
425.8666666666667,55910400,87531,638,455,1918.8192,9430,0.2522379557291667,0.06832100317784352,0.2,-0.01686393842101097,0.8839577436447144,-0.8516451311577111,0.096039295,-0.005144935894034764,0.0002
397.26666666666665,56033280,87724,638,456,1730.4664,9440,0.2495361328125,0.06871340558364561,0.2,-0.011615765281021595,0.8995479866862297,-0.8638003084777544,0.09176389,-0.004443907446987699,0.0002
352.2,56156160,87917,638,457,1538.9895,9450,0.2522428385416667,0.05814320660637653,0.2,0.13268336653709412,0.9082308113574982,-0.8715777937291811,0.092808105,-0.005479269475339,0.0002
378.93333333333334,56279040,88111,638,458,1651.3367,9460,0.25044677734375,0.06775234095031919,0.2,0.012848179787397385,0.8842676132917404,-0.8669293366807203,0.09316743,-0.004772804218925254,0.0002
370.93333333333334,56401920,88304,638,459,1643.1672,9470,0.25079345703125,0.07483822955783884,0.2,-0.013147934339940548,0.8909498304128647,-0.8567995015500735,0.09527502,-0.004258614060333154,0.0002
438.73333333333335,56524800,88500,638,460,1850.3622,9480,0.2520458984375,0.06464014473570084,0.2,0.009628256782889366,0.9187310859560966,-0.8610990581040581,0.09300731,-0.004800732102842933,0.0002
407.73333333333335,56647680,88730,638,461,1785.1954,9490,0.24934488932291668,0.05933511473112352,0.2,0.04666460305452347,0.9114190638065338,-0.858189946670706,0.09396962,-0.004935441889883805,0.0002
375.06666666666666,56770560,88925,638,462,1590.975,9500,0.25171630859375,0.07293587026795043,0.2,0.042725853621959686,0.8853246048092842,-0.8618832996829102,0.09168186,-0.004360221428059958,0.0002
354.8666666666667,56893440,89118,638,463,1573.4474,9510,0.25221354166666665,0.07240356843423797,0.2,-0.003941169939935207,0.9044572934508324,-0.8599379507421205,0.09549052,-0.005250603760981297,0.0002
402.8,57016320,89312,638,464,1761.9908,9520,0.25217041015625,0.05791235596909246,0.2,-0.012317860499024391,0.9121143370866776,-0.8583275072152415,0.09114409,-0.004885352195815358,0.0002
365.06666666666666,57139200,89504,638,465,1582.4039,9530,0.2519913736979167,0.07220771577980485,0.2,0.02139749750494957,0.9123075753450394,-0.8537202590269347,0.09243546,-0.005000231976937357,0.0002
393.0,57262080,89700,638,466,1711.0476,9540,0.252724609375,0.07975936595469345,0.2,0.00642692856490612,0.9011594280600548,-0.8661757168980936,0.09077578,-0.005020486360557091,0.0002
425.4,57384960,89909,638,467,1855.8876,9550,0.24947835286458334,0.06769821822480783,0.2,0.0055533237755298615,0.9013441652059555,-0.8594334645662457,0.088996634,-0.005243128539453513,0.0002
400.46666666666664,57507840,90104,638,468,1734.1877,9560,0.24976725260416666,0.051205770834761404,0.2,0.024041270837187767,0.9002615213394165,-0.8633751068605731,0.08811756,-0.005559385519324375,0.0002
373.0,57630720,90298,638,469,1647.6129,9570,0.2529166666666667,0.06477500047134527,0.2,0.018756426870822906,0.8904262036085129,-0.8751421736491223,0.09846564,-0.005199521333670418,0.0002
391.53333333333336,57753600,90493,638,470,1669.5538,9580,0.25470377604166666,0.06741051022344133,0.2,0.017694346606731415,0.9145481958985329,-0.8658519663630674,0.09666983,-0.005149456628041662,0.0002
388.6,57876480,90689,638,471,1681.0719,9590,0.25448974609375,0.07848553275932015,0.2,0.03745380789041519,0.9062160700559616,-0.8729071636094401,0.097099274,-0.004596039177734686,0.0002
321.73333333333335,57999360,90887,638,472,1341.1725,9600,0.25784505208333336,0.07002700033253252,0.2,-0.0070218853652477264,0.9265036061406136,-0.8891892708900074,0.09733246,-0.00458830371488754,0.0002
311.3333333333333,58122240,91084,638,473,1394.6022,9610,0.2526904296875,0.06776127662679453,0.2,-0.01200290396809578,0.9157414510846138,-0.8731984619082263,0.092479624,-0.005063532559955395,0.0002
