time/fps,rollout/ep_rew_mean,time/time_elapsed,time/total_timesteps,time/iterations,rollout/ep_len_mean,train/entropy_loss,train/policy_gradient_loss,train/explained_variance,train/clip_range,train/value_loss,train/n_updates,train/clip_fraction,train/learning_rate,train/approx_kl,train/loss
6666,659.7721,18,122880,1,429.6,,,,,,,,,,
1677,726.83887,146,245760,2,450.0,-4.269655023043354,-0.007463344069607653,0.026828289031982422,0.2,0.2038086453023425,10,0.08856282552083333,0.0003,0.008950454,0.041369013488292694
1283,704.1075,287,368640,3,450.0,-4.2596728252619505,-0.0102576878944213,0.64741051197052,0.2,0.021830667230387915,20,0.10096923828125,0.0003,0.010381371,-0.0017955601215362549
1195,758.5986,411,491520,4,450.0,-4.246921783809861,-0.01130321168086084,0.780329629778862,0.2,0.02277488334727726,30,0.12331787109375,0.0003,0.011304191,-0.011079668998718262
1141,789.67145,538,614400,5,450.0,-4.231938929259777,-0.011670044826679866,0.7793755829334259,0.2,0.038227791282649075,40,0.13913330078125,0.0003,0.012569171,-0.009678743779659271
1111,824.4543,663,737280,6,450.0,-4.2183452078451715,-0.01211439094250333,0.8042993396520615,0.2,0.03451952207489133,50,0.15270426432291667,0.0003,0.013300809,-0.01712893322110176
1089,857.9544,789,860160,7,450.0,-4.207053543279568,-0.012333888828737448,0.8181322813034058,0.2,0.039730728177382844,60,0.16324869791666666,0.0003,0.0143010635,0.0009287968277931213
1073,867.4976,916,983040,8,427.4,-4.190347324882945,-0.012503623986097712,0.7752618193626404,0.2,0.05211503314771107,70,0.17372639973958334,0.0003,0.014879386,-0.029560726135969162
1060,876.643,1043,1105920,9,431.3333333333333,-4.182204514319698,-0.01250260679564235,0.7628871649503708,0.2,0.058011704841628674,80,0.17798421223958333,0.0003,0.015197698,-0.005335159599781036
1051,930.139,1168,1228800,10,450.0,-4.164421299745639,-0.012369387211474531,0.7652436941862106,0.2,0.056574110353782694,90,0.18470703125,0.0003,0.015775597,0.003950190730392933
1040,979.21124,1299,1351680,11,448.8666666666667,-4.147991367628177,-0.011976949906402296,0.7910764515399933,0.2,0.06246399457711959,100,0.19558024088541667,0.0003,0.01677673,-0.024624356999993324
1035,1070.3142,1424,1474560,12,450.0,-4.131759511952599,-0.011391853446202731,0.8075267523527145,0.2,0.06252239771211558,110,0.19750569661458334,0.0003,0.016823877,0.04018186777830124
1030,1080.0364,1549,1597440,13,447.6666666666667,-4.114142205988367,-0.011645313461491847,0.8287711292505264,0.2,0.06065089949183554,120,0.20437255859375,0.0003,0.017646853,0.04825209826231003
1008,1128.8372,1706,1720320,14,450.0,-4.099279907693465,-0.011296513988897156,0.8236764222383499,0.2,0.06708758222385465,130,0.20809814453125,0.0003,0.018005071,0.017964541912078857
1004,1067.2096,1834,1843200,15,417.1333333333333,-4.081181489216784,-0.01115057483299097,0.8360354006290436,0.2,0.06558119767927564,140,0.21339274088541665,0.0003,0.018653631,0.024643711745738983
1002,1156.7153,1960,1966080,16,450.0,-4.0587768695751825,-0.011453161727683134,0.8253652602434158,0.2,0.06263752937491518,150,0.22435221354166668,0.0003,0.019944012,-0.008577225729823112
999,1110.8837,2089,2088960,17,420.6666666666667,-4.0405097950374085,-0.010730547087653879,0.8292364031076431,0.2,0.06280618041026173,160,0.22117431640625,0.0003,0.019818166,0.020432384684681892
992,1076.1672,2228,2211840,18,410.0,-4.020913600027561,-0.010267568829143177,0.8903741985559464,0.2,0.06510558084376195,170,0.22817464192708334,0.0003,0.020344127,0.026964765042066574
991,1237.1656,2354,2334720,19,450.0,-4.0030207495143015,-0.010154833544565917,0.8953912481665611,0.2,0.06667024945068988,180,0.23171712239583334,0.0003,0.021039726,0.0650644600391388
988,1241.567,2486,2457600,20,450.0,-3.983976638801396,-0.009510533047590192,0.8955895528197289,0.2,0.058306051621135946,190,0.22907063802083333,0.0003,0.0206316,0.01821482926607132
987,1201.0994,2613,2580480,21,416.53333333333336,-3.968888828419149,-0.00902972940207595,0.904380314052105,0.2,0.0598954136891795,200,0.230673828125,0.0003,0.020551866,0.015419508330523968
986,1256.2142,2740,2703360,22,438.8,-3.9532093056788047,-0.008914584440226463,0.8969088345766068,0.2,0.06270893317501759,210,0.23370035807291667,0.0003,0.021399701,0.03562812879681587
985,1316.248,2867,2826240,23,450.0,-3.9357389781003196,-0.008852319564042166,0.9011278301477432,0.2,0.06486150475010315,220,0.23878987630208334,0.0003,0.02158941,-0.015889745205640793
984,1289.3049,2994,2949120,24,439.6666666666667,-3.911754517033696,-0.008786558938930588,0.9256943762302399,0.2,0.05446694956364809,230,0.24196370442708334,0.0003,0.022389423,-0.012946583330631256
984,1267.7638,3121,3072000,25,434.73333333333335,-3.8931431734686095,-0.00957516660215333,0.9126729443669319,0.2,0.06195812398276757,240,0.24886962890625,0.0003,0.023069259,0.00022393278777599335
983,1288.9899,3247,3194880,26,447.93333333333334,-3.8772795391703645,-0.009079182037712599,0.9262893050909042,0.2,0.05991465041612779,250,0.25217041015625,0.0003,0.023676557,0.08298492431640625
983,1210.2916,3374,3317760,27,399.26666666666665,-3.8797041692833107,-0.008710140753798138,0.8976017460227013,0.2,0.05849159485529526,260,0.24821126302083332,0.0003,0.023374252,-0.01029659528285265
982,1142.8912,3500,3440640,28,367.6666666666667,-3.8609350614622233,-0.009095935500517953,0.916371688246727,0.2,0.059165550843511786,270,0.2519099934895833,0.0003,0.023192951,-0.006089342758059502
982,1366.6373,3627,3563520,29,450.0,-3.839984826060633,-0.00845780576344623,0.9267468377947807,0.2,0.06292659706681054,280,0.24999918619791667,0.0003,0.023579637,0.027013123035430908
981,1257.5846,3754,3686400,30,407.8666666666667,-3.8309129768858354,-0.008881732585487044,0.9122485592961311,0.2,0.06177953235984508,290,0.25103597005208333,0.0003,0.023895334,-0.004272107034921646
981,1295.2043,3882,3809280,31,420.6666666666667,-3.8220567157119514,-0.008596277902124711,0.8940620794892311,0.2,0.0694439068218829,300,0.25547607421875,0.0003,0.024043608,0.0030404245480895042
980,1410.9596,4010,3932160,32,432.26666666666665,-3.816645781037708,-0.009144317603440867,0.9136613681912422,0.2,0.06885633034326019,310,0.25726643880208333,0.0003,0.024318147,0.02234020084142685
980,1350.3883,4137,4055040,33,426.3333333333333,-3.814166769981384,-0.008060274849691875,0.9000697210431099,0.2,0.06684536796499742,320,0.2547941080729167,0.0003,0.02455772,0.0580173023045063
979,1320.9651,4265,4177920,34,421.53333333333336,-3.796839289491375,-0.008315111980215685,0.9137600511312485,0.2,0.06332824612092129,330,0.2524772135416667,0.0003,0.024188323,0.013507910072803497
979,1421.1354,4392,4300800,35,439.06666666666666,-3.7757265799616775,-0.008285719182052466,0.9120719730854034,0.2,0.0686920572122229,340,0.2536393229166667,0.0003,0.024434138,0.03507374972105026
978,1369.0636,4520,4423680,36,415.0,-3.7649334719901284,-0.00806925491844595,0.915603756904602,0.2,0.06424121701323506,350,0.255546875,0.0003,0.024556585,0.052563346922397614
978,1329.2313,4648,4546560,37,421.6,-3.7444535487517716,-0.008298729559428467,0.9302143529057503,0.2,0.0652487678071581,360,0.25700520833333335,0.0003,0.024209913,0.04358125478029251
977,1423.8336,4776,4669440,38,442.1333333333333,-3.728129394041995,-0.0076648009272139465,0.9197443947196007,0.2,0.07073529366527509,370,0.2611263020833333,0.0003,0.024980562,-0.00729065015912056
977,1379.9237,4904,4792320,39,432.8666666666667,-3.7255013428504267,-0.008462137747070907,0.9225419759750366,0.2,0.0725605756547884,380,0.2564949544270833,0.0003,0.025024729,0.035971589386463165
976,1370.3925,5032,4915200,40,440.93333333333334,-3.730856172144413,-0.00731889908340842,0.9158888012170792,0.2,0.06856376769559575,390,0.2526017252604167,0.0003,0.024148338,0.02108161151409149
976,1455.2511,5159,5038080,41,449.8666666666667,-3.707553180754185,-0.00791547253318034,0.9252551272511482,0.2,0.06607186081154699,400,0.25739095052083333,0.0003,0.025095554,0.01821645349264145
976,1457.1959,5286,5160960,42,445.2,-3.6923542891194425,-0.007790311378557817,0.9233088046312332,0.2,0.08044589151938757,410,0.26001627604166666,0.0003,0.025508873,0.0034365542232990265
975,1298.3702,5414,5283840,43,401.1333333333333,-3.6813664586345354,-0.007841542937840132,0.9243743121623993,0.2,0.06269116211153838,420,0.25551025390625,0.0003,0.0247862,-0.011086899787187576
975,1416.4642,5540,5406720,44,427.26666666666665,-3.6576444479698935,-0.007314403806273428,0.934744156897068,0.2,0.07874172401299195,430,0.25862711588541665,0.0003,0.025133908,0.016111696138978004
975,1379.9557,5667,5529600,45,431.0,-3.651969253954788,-0.007820377346500512,0.9169687777757645,0.2,0.07594953095768385,440,0.26086100260416667,0.0003,0.025839297,0.0036729546263813972
975,1441.3689,5793,5652480,46,436.73333333333335,-3.638103551057478,-0.008022080701581823,0.9070611298084259,0.2,0.05583422500094457,450,0.25844970703125,0.0003,0.024799235,0.029782041907310486
975,1378.2124,5921,5775360,47,420.06666666666666,-3.6196416755765677,-0.007559871516168642,0.9091202691197395,0.2,0.06683778412436368,460,0.26184244791666667,0.0003,0.025990812,-0.01572856307029724
975,1436.2694,6049,5898240,48,430.6666666666667,-3.607969543846945,-0.007159979321356028,0.9228486120700836,0.2,0.07162087924492273,470,0.26128743489583334,0.0003,0.025092287,0.02580222114920616
974,1513.2299,6176,6021120,49,450.0,-3.5959323469301063,-0.00740830200914085,0.8933980986475945,0.2,0.07689941569173243,480,0.2673697916666667,0.0003,0.026098514,0.10671394318342209
974,1484.461,6304,6144000,50,443.26666666666665,-3.604240073785186,-0.007503688410173103,0.875071607530117,0.2,0.06494645656654029,490,0.26120198567708336,0.0003,0.024803625,0.010256988927721977
974,1428.2388,6432,6266880,51,422.73333333333335,-3.59939049265037,-0.007380626361785592,0.9111756160855293,0.2,0.07301534484283669,500,0.26391276041666667,0.0003,0.025707407,0.024549124762415886
974,1468.4476,6558,6389760,52,436.73333333333335,-3.5899228527148566,-0.006892012805225629,0.8909003734588623,0.2,0.08112351725704987,510,0.2669954427083333,0.0003,0.026549587,0.022125445306301117
974,1469.7991,6685,6512640,53,441.53333333333336,-3.566877296778063,-0.007312004743798752,0.9107186198234558,0.2,0.06343380609624243,520,0.26752278645833333,0.0003,0.02666399,0.011292274110019207
974,1495.9822,6812,6635520,54,431.8666666666667,-3.5501019861424963,-0.007690890348864438,0.9176176562905312,0.2,0.0688925504932801,530,0.27088297526041666,0.0003,0.027162392,0.005921730771660805
973,1446.527,6939,6758400,55,431.2,-3.5255977227166295,-0.007410127145643249,0.9006497263908386,0.2,0.07159425253703375,540,0.2729768880208333,0.0003,0.026923975,0.04960649833083153
973,1448.0786,7065,6881280,56,428.06666666666666,-3.4932656822353603,-0.006867873239795396,0.9223914369940758,0.2,0.06970550097149196,550,0.2745255533854167,0.0003,0.028283926,0.028451979160308838
973,1263.1718,7193,7004160,57,382.8666666666667,-3.483137948339184,-0.0067562846171161555,0.9061455130577087,0.2,0.07337490322553397,560,0.2719140625,0.0003,0.027151447,0.00756878312677145
973,1342.1586,7321,7127040,58,394.8666666666667,-3.490537823662162,-0.007252216629379594,0.9336452037096024,0.2,0.07138643951708218,570,0.27354817708333334,0.0003,0.027734356,0.021487705409526825
973,1453.7279,7449,7249920,59,424.4,-3.4791007568563024,-0.007451709622006699,0.9170359149575233,0.2,0.08379190433086478,580,0.27793782552083335,0.0003,0.028590571,0.019935864955186844
972,1521.6438,7581,7372800,60,447.26666666666665,-3.476698266069094,-0.007085927203376438,0.9175912514328957,0.2,0.07555188472523393,590,0.27505615234375,0.0003,0.027503192,0.04580309987068176
972,1533.1521,7710,7495680,61,449.93333333333334,-3.4681408290440836,-0.007085054979997949,0.9310120269656181,0.2,0.07121262777179557,600,0.26910237630208333,0.0003,0.0271376,0.016228115186095238
972,1473.024,7836,7618560,62,430.8666666666667,-3.4372979346538584,-0.006533138835008382,0.9020562320947647,0.2,0.08885026633986853,610,0.27431315104166665,0.0003,0.028266726,0.011279135942459106
971,1528.5133,7972,7741440,63,450.0,-3.4578026442229746,-0.007364478676724199,0.8911518156528473,0.2,0.08047362790486659,620,0.27697998046875,0.0003,0.02829612,0.0009745080024003983
970,1413.058,8100,7864320,64,424.53333333333336,-3.419775892943144,-0.006945709143553055,0.9143658727407455,0.2,0.08474083194494597,630,0.27480875651041664,0.0003,0.027461631,0.031242694705724716
970,1527.0995,8226,7987200,65,449.6,-3.404071356592079,-0.007223694923447208,0.9165173694491386,0.2,0.08222213171320618,640,0.2754695638020833,0.0003,0.027789999,0.05460086464881897
970,1538.976,8354,8110080,66,446.6,-3.4107553363218903,-0.007405175256960017,0.9103892296552658,0.2,0.08147081998574625,650,0.27675048828125,0.0003,0.028073043,0.013425433076918125
970,1499.1531,8481,8232960,67,443.26666666666665,-3.4007273253550134,-0.0072444089685753475,0.8878982290625572,0.2,0.07285201642477962,660,0.27388916015625,0.0003,0.027968498,0.02475116029381752
970,1511.6249,8609,8355840,68,448.3333333333333,-3.372958113849163,-0.0065002313401540356,0.9156405031681061,0.2,0.07607273860810286,670,0.27313313802083333,0.0003,0.028125865,0.05891082063317299
970,1514.0015,8736,8478720,69,441.6,-3.3611948053042093,-0.006770958694978617,0.8964858055114746,0.2,0.07588232363060039,680,0.27674560546875,0.0003,0.028529469,-0.020200228318572044
970,1511.6772,8864,8601600,70,450.0,-3.3590653070434926,-0.007423142150679875,0.9032574966549873,0.2,0.0836275091105684,690,0.27990804036458333,0.0003,0.028494183,-0.009075047448277473
970,1343.8636,8991,8724480,71,393.73333333333335,-3.351052106594046,-0.006830951483949927,0.9027958810329437,0.2,0.07060007068852428,700,0.27564371744791666,0.0003,0.028106086,0.031229065731167793
970,1482.8582,9118,8847360,72,433.3333333333333,-3.324720354837676,-0.006469331330930193,0.9007260277867317,0.2,0.09006334854765252,710,0.2804248046875,0.0003,0.029234448,0.0016038212925195694
970,1544.4437,9246,8970240,73,450.0,-3.3303437218194207,-0.006611731907457094,0.8827507719397545,0.2,0.08642428236969862,720,0.27502034505208334,0.0003,0.028090082,0.06352432072162628
969,1527.4786,9375,9093120,74,444.6,-3.325514751461645,-0.00710866176002431,0.8786843940615654,0.2,0.094112651591131,730,0.28001302083333335,0.0003,0.028676962,0.014771695248782635
970,1532.5636,9500,9216000,75,450.0,-3.300194658872982,-0.007177676086351615,0.8711216896772385,0.2,0.07848967386346582,740,0.27562825520833334,0.0003,0.02828315,0.03486436605453491
969,1438.1986,9628,9338880,76,412.73333333333335,-3.300273967646062,-0.006997454562091055,0.9022460281848907,0.2,0.07680668786396079,750,0.27747721354166666,0.0003,0.028778354,0.010768841952085495
969,1359.9503,9754,9461760,77,396.6,-3.2919579791650175,-0.006461043347395995,0.8555761277675629,0.2,0.09434677915691282,760,0.27838541666666666,0.0003,0.028530536,0.03374825417995453
970,1535.9677,9880,9584640,78,445.8,-3.2904097419356306,-0.006874914377925354,0.8866355121135712,0.2,0.09598407106352776,770,0.28187744140625,0.0003,0.029293412,-0.017337176948785782
970,1530.1945,10007,9707520,79,442.4,-3.2833328797792394,-0.006739495144023143,0.9160350486636162,0.2,0.09592027347680414,780,0.28289957682291667,0.0003,0.030008767,0.008939605206251144
970,1499.697,10133,9830400,80,450.0,-3.2961821735029417,-0.007181067941110087,0.9002894535660744,0.2,0.09438982940249843,790,0.2819059244791667,0.0003,0.030217651,0.04024408012628555
969,1354.5334,10261,9953280,81,394.6,-3.2843230512117345,-0.006864910363638046,0.9066489040851593,0.2,0.08918389816200943,800,0.27748046875,0.0003,0.028665802,0.02248481474816799
968,1522.7865,10403,10076160,82,439.26666666666665,-3.252838352359831,-0.007389709016664104,0.9025504067540169,0.2,0.101911169027638,810,0.2840120442708333,0.0003,0.030012982,0.06409449875354767
968,1399.3347,10530,10199040,83,411.93333333333334,-3.2827261896431446,-0.006908607116589943,0.8960485532879829,0.2,0.0873444992233514,820,0.2796834309895833,0.0003,0.029164195,0.011083228513598442
968,1407.2838,10656,10321920,84,410.26666666666665,-3.2548267796014745,-0.006989014579430659,0.9063764289021492,0.2,0.0903084268864768,830,0.27863688151041666,0.0003,0.028876217,0.019935403019189835
968,1421.2395,10785,10444800,85,411.6,-3.233999786103765,-0.006881994830482654,0.8866764008998871,0.2,0.08951052819698817,840,0.2768603515625,0.0003,0.029007198,0.0024675801396369934
968,1516.6754,10913,10567680,86,435.93333333333334,-3.2266989501938226,-0.006563769762172645,0.8950325027108192,0.2,0.08274138050047138,850,0.27313639322916666,0.0003,0.02841724,0.01570524275302887
968,1516.3152,11040,10690560,87,438.1333333333333,-3.229735324271023,-0.0070600478851277635,0.8625555783510208,0.2,0.0966685379455157,860,0.2819596354166667,0.0003,0.030287353,0.020535025745630264
968,1336.4304,11168,10813440,88,381.93333333333334,-3.213671049376329,-0.007137550637471577,0.8986650183796883,0.2,0.08981455403380095,870,0.2783357747395833,0.0003,0.029223436,0.01921847090125084
968,1507.3883,11293,10936320,89,425.8666666666667,-3.212103521861136,-0.0064381927252361495,0.9128587618470192,0.2,0.10218460403246961,880,0.2796883138020833,0.0003,0.02892452,0.010908113792538643
968,1519.3995,11419,11059200,90,435.26666666666665,-3.197832193908592,-0.006690249555352541,0.8878465816378593,0.2,0.09502665573473981,890,0.27691487630208333,0.0003,0.029554363,0.01986536756157875
968,1473.4512,11545,11182080,91,422.06666666666666,-3.204549542926252,-0.007305911203869376,0.910283699631691,0.2,0.08480289218209994,900,0.2725089518229167,0.0003,0.02919714,0.023643730208277702
968,1421.6552,11671,11304960,92,413.1333333333333,-3.1843924350788195,-0.007337758107775395,0.9029878303408623,0.2,0.10424500679345025,910,0.2813387044270833,0.0003,0.02984589,0.09089451283216476
968,1545.8671,11796,11427840,93,450.0,-3.1874713996673623,-0.006911431730544185,0.9070972725749016,0.2,0.09027094388846307,920,0.27716552734375,0.0003,0.029530663,0.02880353108048439
968,1540.6434,11922,11550720,94,450.0,-3.2033886761342485,-0.006426425793591382,0.8658508807420731,0.2,0.07719125573693116,930,0.26878987630208334,0.0003,0.028305657,0.003619465045630932
968,1450.7671,12049,11673600,95,426.8666666666667,-3.1738227135439714,-0.007024401492975206,0.8982045724987984,0.2,0.07972752712817358,940,0.27178548177083334,0.0003,0.028460145,0.035372912883758545
968,1514.5247,12176,11796480,96,439.3333333333333,-3.175480711149673,-0.00658987774671914,0.8968000113964081,0.2,0.08805887848294029,950,0.26827311197916665,0.0003,0.028521428,0.05171726644039154
968,1527.3622,12303,11919360,97,440.46666666666664,-3.1507094355796776,-0.007159984395311767,0.8936560750007629,0.2,0.09309745829581516,960,0.2708935546875,0.0003,0.028578755,0.015895549207925797
968,1420.7852,12429,12042240,98,402.1333333333333,-3.1658073555802306,-0.00643614715634006,0.8998194485902786,0.2,0.09246871734903835,970,0.2693050130208333,0.0003,0.0283711,-0.02680663950741291
968,1391.2977,12558,12165120,99,398.06666666666666,-3.1462888424595197,-0.00697142473124283,0.8781948983669281,0.2,0.0817090221287314,980,0.2692919921875,0.0003,0.02810615,0.012619540095329285
968,1504.7151,12685,12288000,100,426.93333333333334,-3.135970712924997,-0.007338359170995924,0.9288201704621315,0.2,0.0896653026547574,990,0.27152913411458335,0.0003,0.029970558,0.008346054702997208
968,1501.3179,12814,12410880,101,431.0,-3.156266605903705,-0.007048464080083553,0.8930988311767578,0.2,0.07929332807097429,1000,0.26401692708333335,0.0003,0.027624631,0.03709270805120468
967,1391.0101,12956,12533760,102,396.3333333333333,-3.168479092679918,-0.007031185719879432,0.9040276557207108,0.2,0.08497131741018772,1010,0.26610921223958334,0.0003,0.028343024,0.05586288124322891
967,1596.5435,13082,12656640,103,448.6666666666667,-3.1255845410376786,-0.006598362948304081,0.9010474681854248,0.2,0.09299904443420624,1020,0.27258138020833333,0.0003,0.029904116,0.8046801686286926
967,1410.5731,13211,12779520,104,408.26666666666665,-3.118663898135225,-0.00715817071037236,0.8882178738713264,0.2,0.08261766244245033,1030,0.27026204427083333,0.0003,0.02839298,0.012846238911151886
967,1362.1487,13339,12902400,105,383.6,-3.1128413207580645,-0.007361687721337755,0.9020502641797066,0.2,0.07669558060908457,1040,0.26695393880208335,0.0003,0.027966646,0.033600229769945145
967,1522.0084,13465,13025280,106,450.0,-3.1274264429385465,-0.0069191157714006595,0.9089377522468567,0.2,0.08767703637422528,1050,0.26809326171875,0.0003,0.028546873,0.06848236918449402
967,1517.0203,13592,13148160,107,440.3333333333333,-3.1167764123529196,-0.007009933144615085,0.8787639439105988,0.2,0.08604163351881046,1060,0.27149576822916666,0.0003,0.028977184,0.00014244578778743744
967,1571.4374,13720,13271040,108,450.0,-3.1055492824688553,-0.006502878993542254,0.8922725841403008,0.2,0.09723598183050247,1070,0.26586588541666667,0.0003,0.027994944,0.07937216758728027
967,1446.9473,13846,13393920,109,415.1333333333333,-3.0995394124711555,-0.007443357540887518,0.850325271487236,0.2,0.08120405975156851,1080,0.2660017903645833,0.0003,0.028326329,0.0332622267305851
967,1567.3898,13973,13516800,110,437.73333333333335,-3.0833461784695584,-0.006715776412468889,0.8574643135070801,0.2,0.07662472075477127,1090,0.266328125,0.0003,0.028869549,0.037684619426727295
967,1525.9622,14102,13639680,111,427.06666666666666,-3.079368288020293,-0.006988119096846882,0.888237863779068,0.2,0.08577758536586771,1100,0.2628955078125,0.0003,0.027671449,0.025399256497621536
967,1593.8934,14229,13762560,112,438.2,-3.092480866064628,-0.00684646159675746,0.9135780856013298,0.2,0.08147993951288905,1110,0.26304524739583335,0.0003,0.028128687,-0.007169904187321663
967,1554.2874,14355,13885440,113,435.4,-3.056080045513809,-0.007246964323864328,0.918950043618679,0.2,0.07731834249740738,1120,0.26240885416666665,0.0003,0.028271528,0.03943076729774475
967,1479.247,14482,14008320,114,421.46666666666664,-3.0741407340640823,-0.006759671800512782,0.9088627845048904,0.2,0.08193612901717036,1130,0.2648136393229167,0.0003,0.028016955,0.0025975629687309265
967,1428.7769,14612,14131200,115,399.93333333333334,-3.041597304294507,-0.0069392233003479,0.9026870504021645,0.2,0.0777431815538633,1140,0.26575113932291666,0.0003,0.028855592,0.0018334835767745972
967,1526.7095,14738,14254080,116,433.4,-3.035462100431323,-0.006740670939295038,0.8645840734243393,0.2,0.08990804515065974,1150,0.27011311848958336,0.0003,0.029244168,0.015224991366267204
967,1413.856,14866,14376960,117,403.8,-3.0315471907829243,-0.006981273537458037,0.8572569340467453,0.2,0.08123601350462802,1160,0.2671866861979167,0.0003,0.02835236,0.022904198616743088
967,1553.967,14993,14499840,118,436.8,-3.0306322313845158,-0.006710904761839629,0.8981323763728142,0.2,0.08289977578097023,1170,0.2655208333333333,0.0003,0.028763263,0.04706618934869766
967,1531.1394,15121,14622720,119,422.26666666666665,-3.0194420849283534,-0.0066224065399001115,0.9130474030971527,0.2,0.07970183690452055,1180,0.2649837239583333,0.0003,0.028637875,0.024735111743211746
966,1453.3158,15249,14745600,120,402.2,-2.9955602364862957,-0.006294547864339014,0.8982534483075142,0.2,0.0958077087654965,1190,0.26708740234375,0.0003,0.029855488,0.004978039301931858
967,1551.764,15375,14868480,121,429.0,-2.989858360985915,-0.007166365099710675,0.925903208553791,0.2,0.07656649262396968,1200,0.26603841145833335,0.0003,0.028839953,-0.014968744479119778
966,1592.7839,15503,14991360,122,443.8666666666667,-2.985409482096632,-0.006535495488133165,0.8773901760578156,0.2,0.07775407023907367,1210,0.26249104817708335,0.0003,0.027997391,0.022568462416529655
966,1499.2738,15632,15114240,123,420.73333333333335,-2.9824772762631375,-0.006865382487479413,0.8629524856805801,0.2,0.08912831275292167,1220,0.26502197265625,0.0003,0.028401742,0.028467608615756035
966,1523.5828,15759,15237120,124,434.1333333333333,-2.9625227897490065,-0.006873217224753413,0.8641191273927689,0.2,0.07471159086591797,1230,0.2627490234375,0.0003,0.028033258,0.014431668445467949
966,1628.1339,15886,15360000,125,450.0,-2.949331753477454,-0.006118340971873598,0.8828427642583847,0.2,0.07530901036923751,1240,0.2661311848958333,0.0003,0.028559053,0.007956482470035553
966,1531.7761,16014,15482880,126,424.4,-2.9565722691391905,-0.00689572547789794,0.8779148161411285,0.2,0.07022101748795345,1250,0.26385498046875,0.0003,0.028465513,0.03315989673137665
966,1595.589,16141,15605760,127,440.6666666666667,-2.955532818523546,-0.006880134582534083,0.8838413432240486,0.2,0.09512751728485455,1260,0.26509684244791665,0.0003,0.028600186,-0.01952901855111122
966,1538.2506,16267,15728640,128,427.8666666666667,-2.933592954054475,-0.006459776509676279,0.8583557605743408,0.2,0.08782352772779026,1270,0.2661311848958333,0.0003,0.028612055,0.025105398148298264
966,1619.0316,16396,15851520,129,438.93333333333334,-2.9239983185504874,-0.0064882582136488055,0.885201707482338,0.2,0.08217231134893761,1280,0.26524495442708335,0.0003,0.02899029,0.007829990237951279
966,1463.7751,16522,15974400,130,401.8666666666667,-2.9120357019950944,-0.006378715175220956,0.8820172771811485,0.2,0.09055356504861266,1290,0.2638655598958333,0.0003,0.028045988,0.030664492398500443
966,1548.0084,16651,16097280,131,419.3333333333333,-2.9071352923288942,-0.006686473409663449,0.8851725459098816,0.2,0.09413403273531003,1300,0.26785400390625,0.0003,0.029377759,0.010063111782073975
966,1559.4415,16777,16220160,132,430.93333333333334,-2.8901826133206487,-0.0066706153260520295,0.8782830685377121,0.2,0.08102440996895893,1310,0.26665608723958334,0.0003,0.028535644,-0.04735017567873001
966,1618.3951,16903,16343040,133,445.53333333333336,-2.8936057017122705,-0.007150774983383599,0.8929727450013161,0.2,0.08513608544128753,1320,0.26458170572916667,0.0003,0.02856302,0.019270263612270355
966,1526.1022,17031,16465920,134,422.3333333333333,-2.882429445659121,-0.006680568280935404,0.8881034478545189,0.2,0.0972943354928672,1330,0.26935221354166666,0.0003,0.028875967,0.07609836757183075
966,1638.4187,17160,16588800,135,437.6666666666667,-2.839117998232444,-0.0061429665080807655,0.9092386811971664,0.2,0.09570461540681814,1340,0.26669189453125,0.0003,0.028706055,0.04471477493643761
966,1485.0219,17287,16711680,136,403.73333333333335,-2.83936128385365,-0.007162078579931404,0.9135467857122421,0.2,0.09152088956495087,1350,0.26493001302083335,0.0003,0.029602533,-0.01359255239367485
966,1464.1953,17414,16834560,137,404.0,-2.831694932046036,-0.006761861671147926,0.877854585647583,0.2,0.10010330736389733,1360,0.2697607421875,0.0003,0.030032627,0.014719421043992043
966,1632.5045,17541,16957440,138,450.0,-2.8428269559765855,-0.006379914233345213,0.886417418718338,0.2,0.08561081936767247,1370,0.2678304036458333,0.0003,0.029897539,0.03552228957414627
966,1643.343,17668,17080320,139,444.1333333333333,-2.8369008408735197,-0.006968663714775782,0.8781107068061829,0.2,0.09029853251583214,1380,0.26890625,0.0003,0.030056179,0.08018727600574493
965,1580.3787,17823,17203200,140,434.53333333333336,-2.8179139532893895,-0.006525597935821376,0.9060947969555855,0.2,0.09201411859098395,1390,0.26698404947916665,0.0003,0.029511707,0.06540210545063019
965,1580.7325,17950,17326080,141,432.4,-2.8059147966404754,-0.006611430101359777,0.8915415853261948,0.2,0.09432804891747461,1400,0.27071044921875,0.0003,0.030495433,0.048313796520233154
965,1616.9667,18078,17448960,142,443.4,-2.8192123414948584,-0.005781511942453411,0.8855765610933304,0.2,0.08462287956790533,1410,0.26496744791666665,0.0003,0.028940072,-0.0021121185272932053
965,1597.0027,18206,17571840,143,439.53333333333336,-2.79526769892623,-0.006572769241138303,0.9015989601612091,0.2,0.09844861586456924,1420,0.270107421875,0.0003,0.029636526,-0.005547684617340565
965,1518.728,18333,17694720,144,417.26666666666665,-2.794684845022857,-0.006098293401131135,0.8775727450847626,0.2,0.10408332656748825,1430,0.2720670572916667,0.0003,0.03070942,0.0031429193913936615
965,1547.8027,18461,17817600,145,425.26666666666665,-2.782081439482669,-0.006329814865166554,0.8778218328952789,0.2,0.11526157378602268,1440,0.27057373046875,0.0003,0.03054357,0.010364236310124397
965,1445.2032,18590,17940480,146,395.6,-2.7336430564771095,-0.006715740490144526,0.8742388784885406,0.2,0.0995279753037903,1450,0.27013753255208334,0.0003,0.030121496,0.06385000050067902
965,1486.4423,18717,18063360,147,401.26666666666665,-2.740122014172375,-0.0065899225880821175,0.8941474035382271,0.2,0.10458712498880535,1460,0.27282470703125,0.0003,0.030744553,0.017200209200382233
965,1644.5742,18845,18186240,148,450.0,-2.7291853372504313,-0.006601310247660876,0.8869930356740952,0.2,0.09912072822543753,1470,0.26925048828125,0.0003,0.03007791,-0.010088933631777763
965,1568.3373,18972,18309120,149,439.46666666666664,-2.7164905404051143,-0.0060317468991737165,0.8824879750609398,0.2,0.11736020031928396,1480,0.27251302083333334,0.0003,0.031564943,-0.002299793064594269
964,1496.1007,19101,18432000,150,415.4,-2.7194170520454644,-0.006792021944150595,0.8905885294079781,0.2,0.10673976011389943,1490,0.27244222005208335,0.0003,0.030956157,0.03688359633088112
964,1540.9454,19229,18554880,151,417.6666666666667,-2.7402330102647343,-0.00654706871131566,0.8902685269713402,0.2,0.10289569530063697,1500,0.26855550130208333,0.0003,0.030693138,0.1273013800382614
964,1473.8585,19357,18677760,152,404.6,-2.7199731799711784,-0.006355161223497514,0.8760309219360352,0.2,0.08708932121255203,1510,0.26754313151041664,0.0003,0.029951068,0.037542134523391724
964,1440.3757,19485,18800640,153,393.46666666666664,-2.692856341128548,-0.006421866438204233,0.8653505444526672,0.2,0.11419971457648595,1520,0.2695003255208333,0.0003,0.031093914,0.028848223388195038
964,1599.5629,19615,18923520,154,435.06666666666666,-2.686866625783344,-0.006181390635035011,0.8995306715369225,0.2,0.10667900271097702,1530,0.2669368489583333,0.0003,0.030355258,0.05982709676027298
964,1417.0463,19743,19046400,155,391.1333333333333,-2.697753198705614,-0.006412038032522105,0.8951236605644226,0.2,0.09793015728360235,1540,0.26962727864583336,0.0003,0.030454747,0.03186938539147377
964,1603.9417,19872,19169280,156,437.1333333333333,-2.6966236550857623,-0.00652387576395995,0.9128733351826668,0.2,0.10791332208566018,1550,0.27263997395833334,0.0003,0.031439774,-0.008877523243427277
964,1577.8118,20001,19292160,157,423.6666666666667,-2.7014125263566773,-0.006236694684357644,0.902787484228611,0.2,0.12130507438390244,1560,0.27334147135416664,0.0003,0.031515744,0.07539530098438263
963,1508.2352,20159,19415040,158,414.0,-2.7177272214740515,-0.006348867997536824,0.8751006424427032,0.2,0.09573169801655847,1570,0.26734537760416666,0.0003,0.030229611,0.024004612118005753
963,1623.2438,20287,19537920,159,442.73333333333335,-2.6783932471151153,-0.006383698776438298,0.8869429379701614,0.2,0.10389557178394171,1580,0.27179606119791666,0.0003,0.030475827,0.09300244599580765
963,1498.721,20415,19660800,160,416.2,-2.671371648199856,-0.006509793733130209,0.8790128603577614,0.2,0.09430981484886919,1590,0.26645833333333335,0.0003,0.030588066,0.05604197084903717
961,1559.7188,20569,19783680,161,432.06666666666666,-2.691707414823274,-0.005989828487836349,0.8808793947100639,0.2,0.10119053015208919,1600,0.27149169921875,0.0003,0.032017194,0.029328592121601105
960,1547.5789,20726,19906560,162,430.26666666666665,-2.6512105357895295,-0.006148661135915366,0.9155084043741226,0.2,0.11159876982734811,1610,0.26812825520833333,0.0003,0.03074112,0.001439505722373724
960,1486.5104,20853,20029440,163,410.26666666666665,-2.6712330059334635,-0.006484024425735697,0.8942098394036293,0.2,0.10815489467951314,1620,0.26743733723958335,0.0003,0.03058478,-0.0032647699117660522
959,1531.2073,21009,20152320,164,411.3333333333333,-2.670160406741003,-0.0066912782559605454,0.8978239297866821,0.2,0.11172435072333126,1630,0.27407633463541664,0.0003,0.03128015,0.033790335059165955
959,1617.4016,21136,20275200,165,441.2,-2.678534201507767,-0.006189080635182715,0.8887845873832703,0.2,0.1034996022923345,1640,0.27047526041666664,0.0003,0.03125859,0.037216998636722565
959,1500.1882,21263,20398080,166,414.2,-2.6784923152128854,-0.005907457835989286,0.8608524948358536,0.2,0.1020582657798756,1650,0.26851481119791665,0.0003,0.03085556,0.02078436128795147
959,1485.8639,21391,20520960,167,399.4,-2.673764747257034,-0.006060112112778977,0.8951843902468681,0.2,0.10356476652440809,1660,0.26795572916666666,0.0003,0.030972756,0.01766408607363701
959,1608.3251,21517,20643840,168,442.8666666666667,-2.6443095083286363,-0.005797453259347094,0.8973424360156059,0.2,0.1017732501780362,1670,0.2658512369791667,0.0003,0.030781263,0.021731872111558914
959,1343.8485,21644,20766720,169,362.46666666666664,-2.6357529593259095,-0.00534759532892167,0.8902943655848503,0.2,0.1079097959039791,1680,0.27039469401041666,0.0003,0.030462574,0.019966784864664078
959,1524.2849,21770,20889600,170,415.46666666666664,-2.636504369104902,-0.0059761546299705514,0.9031533002853394,0.2,0.10575110078488555,1690,0.27313151041666667,0.0003,0.031470027,0.04811172932386398
959,1515.4633,21898,21012480,171,422.4,-2.6278952541326484,-0.0062046305441435835,0.8958304077386856,0.2,0.11005907188708079,1700,0.27103271484375,0.0003,0.031430494,0.000836104154586792
959,1401.4777,22027,21135360,172,383.0,-2.630598620660603,-0.0065089978137499805,0.9008200913667679,0.2,0.09950668191806472,1710,0.27169921875,0.0003,0.03173277,0.011076577007770538
958,1466.241,22172,21258240,173,407.4,-2.623707932072381,-0.00594642443458118,0.8857304602861404,0.2,0.11166971264819343,1720,0.26848958333333334,0.0003,0.031895857,0.03195478767156601
958,1508.6586,22300,21381120,174,408.6666666666667,-2.604556807478269,-0.005695019520468729,0.8939961791038513,0.2,0.12209475011011818,1730,0.27166178385416667,0.0003,0.032282047,0.02782495878636837
957,1468.0724,22457,21504000,175,402.1333333333333,-2.6293845983843007,-0.005573661113736914,0.900810644030571,0.2,0.10998141317686531,1740,0.27024983723958335,0.0003,0.031205293,0.042552053928375244
957,1501.2748,22584,21626880,176,416.26666666666665,-2.584702598800262,-0.005726974736153352,0.8928064778447151,0.2,0.1193295157441753,1750,0.2678076171875,0.0003,0.031333845,0.04680590331554413
957,1474.1106,22711,21749760,177,401.46666666666664,-2.5853855279212197,-0.006022422216986645,0.9179794490337372,0.2,0.11793623633503254,1760,0.27154378255208333,0.0003,0.031408194,0.0347384437918663
957,1212.7269,22837,21872640,178,336.93333333333334,-2.579236351499955,-0.005810060812157947,0.9066915437579155,0.2,0.13200009573357724,1770,0.27331705729166667,0.0003,0.032564208,0.024102073162794113
957,1493.784,22964,21995520,179,404.26666666666665,-2.587835330553353,-0.0061902726165620455,0.8945003226399422,0.2,0.1163236956425438,1780,0.27425211588541665,0.0003,0.032157075,0.07214853167533875
957,1452.7815,23091,22118400,180,399.1333333333333,-2.5856240180755656,-0.00613798120171244,0.8738859295845032,0.2,0.1302559340511895,1790,0.27618326822916667,0.0003,0.032571744,-0.004050523042678833
957,1621.5199,23218,22241280,181,441.06666666666666,-2.5985571278631685,-0.006054428545409488,0.8968222811818123,0.2,0.14764506442389877,1800,0.27600260416666667,0.0003,0.03249593,0.24183189868927002
957,1448.8329,23344,22364160,182,392.73333333333335,-2.5858833578477305,-0.006207367535771482,0.8548409640789032,0.2,0.12426442916354669,1810,0.27636149088541667,0.0003,0.033552688,0.08148540556430817
958,1609.5171,23472,22487040,183,442.6,-2.5501936624074975,-0.006113013113984683,0.8973815739154816,0.2,0.12785831867033268,1820,0.2755843098958333,0.0003,0.03301349,0.018671885132789612
958,1537.4359,23599,22609920,184,425.06666666666666,-2.556694820250074,-0.006048824807166966,0.8604148775339127,0.2,0.13420246527850396,1830,0.2769873046875,0.0003,0.03279974,-5.582254379987717e-05
958,1507.838,23727,22732800,185,408.93333333333334,-2.5543368297442792,-0.0059998294588755625,0.8786957189440727,0.2,0.13541801910784368,1840,0.277431640625,0.0003,0.033160824,0.04485641419887543
958,1452.1428,23854,22855680,186,403.73333333333335,-2.537239212716619,-0.006114504494877717,0.8762933537364006,0.2,0.12185048344060002,1850,0.2734554036458333,0.0003,0.03227322,-0.004631012678146362
958,1439.2319,23983,22978560,187,393.3333333333333,-2.5478521842633683,-0.005426958409643703,0.8898158520460129,0.2,0.16437286999906064,1860,0.2768253580729167,0.0003,0.033057794,0.028845425695180893
958,1614.4099,24112,23101440,188,450.0,-2.554650306267043,-0.006148897746540267,0.8833721205592155,0.2,0.12736688173443933,1870,0.28014404296875,0.0003,0.033677503,0.033274393528699875
958,1330.9446,24238,23224320,189,361.06666666666666,-2.5471090120077133,-0.006093479007601369,0.88255225867033,0.2,0.11426469422673108,1880,0.2768196614583333,0.0003,0.032831136,-0.018233109265565872
958,1491.8787,24366,23347200,190,407.3333333333333,-2.517452637689809,-0.006598514693499358,0.891105517745018,0.2,0.11877847925260236,1890,0.27789469401041667,0.0003,0.03401343,-0.02915119379758835
958,1400.229,24494,23470080,191,382.06666666666666,-2.5017055076609056,-0.006066856361503597,0.8909163177013397,0.2,0.10606712587560954,1900,0.27623046875,0.0003,0.033537943,-0.003650898113846779
958,1410.1486,24624,23592960,192,383.46666666666664,-2.4941170040145515,-0.005176338453572195,0.9018640220165253,0.2,0.13340545443366864,1910,0.27080729166666667,0.0003,0.03245092,0.025586070492863655
958,1556.6152,24751,23715840,193,420.06666666666666,-2.5001373839130006,-0.005294757926518893,0.8851318433880806,0.2,0.1184996771646062,1920,0.27332763671875,0.0003,0.033304833,0.027480224147439003
958,1528.5089,24877,23838720,194,424.6,-2.468319116085768,-0.005418908317721313,0.9125045537948608,0.2,0.11625067098662839,1930,0.2719856770833333,0.0003,0.034288667,0.008676030673086643
958,1496.77,25004,23961600,195,411.6,-2.4634704511612653,-0.005569280900378241,0.8948138430714607,0.2,0.14348943519663104,1940,0.27597493489583336,0.0003,0.033968214,-0.0018012523651123047
958,1411.8495,25133,24084480,196,388.2,-2.455653110941251,-0.005348747101779736,0.9062038585543633,0.2,0.12277640980784782,1950,0.27532633463541667,0.0003,0.033284254,0.02880675345659256
958,1520.0161,25260,24207360,197,422.06666666666666,-2.4240542126260696,-0.005367274938865497,0.881015308201313,0.2,0.1551531277955898,1960,0.27739013671875,0.0003,0.034446727,0.3036898076534271
958,1309.7417,25387,24330240,198,359.26666666666665,-2.4477008637661735,-0.005093380981270457,0.875030443072319,0.2,0.12979461161366393,1970,0.27478271484375,0.0003,0.032922108,0.049896933138370514
958,1433.1683,25515,24453120,199,383.93333333333334,-2.4248049892050525,-0.0055936810629433845,0.9076428115367889,0.2,0.1521626645819439,1980,0.2808837890625,0.0003,0.034307476,0.12017004191875458
957,1271.1486,25672,24576000,200,355.46666666666664,-2.4328064182338616,-0.005613652760948753,0.8846308290958405,0.2,0.13806925400441591,1990,0.2784952799479167,0.0003,0.03393909,0.02196696773171425
956,1453.4235,25830,24698880,201,401.4,-2.412027988849829,-0.005830974367988044,0.8721961379051208,0.2,0.1280123284800114,2000,0.27907470703125,0.0003,0.034707665,0.014916077256202698
956,1556.311,25958,24821760,202,425.26666666666665,-2.4238430593411127,-0.005533173741714564,0.8961447030305862,0.2,0.11207576174696442,2010,0.26782307942708333,0.0003,0.03174813,0.013160573318600655
956,1437.1798,26086,24944640,203,389.6,-2.438187580431501,-0.005558976351518747,0.896285206079483,0.2,0.12148919457996575,2020,0.27401936848958336,0.0003,0.03360412,0.11080317199230194
956,1635.2445,26214,25067520,204,437.06666666666666,-2.4402382063058514,-0.00588006473253093,0.8499932587146759,0.2,0.11393688564955179,2030,0.27508382161458333,0.0003,0.03282901,0.04233856126666069
956,1628.2946,26343,25190400,205,433.53333333333336,-2.4210867487949628,-0.005494834130186064,0.8843185529112816,0.2,0.13481985861062035,2040,0.274697265625,0.0003,0.03355064,0.07014389336109161
956,1357.8104,26470,25313280,206,368.6,-2.4109939649142325,-0.005568454844287771,0.851276233792305,0.2,0.12449007162436222,2050,0.2772509765625,0.0003,0.03367795,0.03861381113529205
956,1650.3402,26597,25436160,207,450.0,-2.400901715196669,-0.0051539587635609984,0.8618489801883698,0.2,0.1304967132950454,2060,0.27805908203125,0.0003,0.033869617,0.052179958671331406
956,1561.8901,26725,25559040,208,425.1333333333333,-2.4109879370530445,-0.005818255925056898,0.8711907118558884,0.2,0.1075575785637678,2070,0.2744498697916667,0.0003,0.032900218,0.029446737840771675
956,1235.8005,26853,25681920,209,340.06666666666666,-2.404809819404036,-0.00555096638323145,0.8853269815444946,0.2,0.11525495844640925,2080,0.27154866536458333,0.0003,0.032730676,0.01063297875225544
956,1498.7048,26980,25804800,210,414.06666666666666,-2.3796650530584156,-0.005343428479142555,0.8955523297190666,0.2,0.12160786931252611,2090,0.27874430338541667,0.0003,0.035045467,0.0018120743334293365
956,1485.4233,27107,25927680,211,407.8,-2.4091725347998243,-0.005430491049058522,0.8795022740960121,0.2,0.13020774939019855,2100,0.2719449869791667,0.0003,0.032504406,-0.008420798927545547
956,1397.588,27234,26050560,212,384.4,-2.4068895288494727,-0.005725272737502868,0.8786078914999962,0.2,0.1219048262705716,2110,0.2744441731770833,0.0003,0.03348182,0.006528472527861595
956,1566.9447,27362,26173440,213,429.6,-2.3648102050522963,-0.005533251393511213,0.9118671491742134,0.2,0.11546710850408999,2120,0.27202718098958334,0.0003,0.033337362,0.05641944333910942
956,1538.2754,27491,26296320,214,417.93333333333334,-2.387422173532347,-0.005589711366525686,0.8739676028490067,0.2,0.15168261243141992,2130,0.27846435546875,0.0003,0.03375958,0.015055052936077118
955,1585.0248,27648,26419200,215,434.1333333333333,-2.3540996605344118,-0.005192454672069289,0.8807343766093254,0.2,0.13580416932478936,2140,0.2709781901041667,0.0003,0.033589277,0.03397565707564354
954,1457.4994,27805,26542080,216,402.73333333333335,-2.3778065115834277,-0.005512014769489421,0.8744533210992813,0.2,0.12198350421953365,2150,0.27033854166666665,0.0003,0.033458028,0.03527943789958954
954,1478.6683,27934,26664960,217,411.4,-2.3575212841667237,-0.005556303328946039,0.8903702348470688,0.2,0.14292718783942596,2160,0.27419921875,0.0003,0.034471903,0.0659913495182991
954,1366.468,28062,26787840,218,376.26666666666665,-2.3524436063319443,-0.005481225340563469,0.8721257597208023,0.2,0.12123948478649255,2170,0.274658203125,0.0003,0.034085922,0.021634887903928757
953,1352.668,28215,26910720,219,381.4,-2.2896885277641315,-0.004464337671703712,0.9012879133224487,0.2,0.19075400471129494,2180,0.27368570963541666,0.0003,0.035056848,0.06238522380590439
953,1603.2887,28341,27033600,220,435.8,-2.328734147902578,-0.004690524577514831,0.898597352206707,0.2,0.16530903551368586,2190,0.27416015625,0.0003,0.035313115,0.0667339339852333
953,1311.089,28469,27156480,221,376.6666666666667,-2.3616581162872414,-0.005471197769011269,0.8924867510795593,0.2,0.12490574867110506,2200,0.27264404296875,0.0003,0.033745527,0.0975794643163681
953,1392.301,28596,27279360,222,384.0,-2.365694774153332,-0.005558639994572635,0.8922894671559334,0.2,0.1415824084406874,2210,0.27555989583333335,0.0003,0.03482849,0.0593041367828846
954,1340.154,28723,27402240,223,384.06666666666666,-2.3505273900118966,-0.005404022711621413,0.8801436349749565,0.2,0.14062030371598666,2220,0.2785595703125,0.0003,0.03553141,0.502242386341095
953,1479.2946,28854,27525120,224,419.4,-2.3395417587893705,-0.005847980935165348,0.8637577891349792,0.2,0.13134492101763803,2230,0.27940511067708335,0.0003,0.035877507,0.12152276188135147
953,1414.4829,28982,27648000,225,388.0,-2.328218548167497,-0.005282644546086885,0.8514822274446487,0.2,0.14247924683246918,2240,0.27346598307291664,0.0003,0.03418513,0.01730509102344513
953,1590.3466,29117,27770880,226,450.0,-2.3118112838702896,-0.005183697155819876,0.8380122184753418,0.2,0.15767087803295,2250,0.27389404296875,0.0003,0.035597164,0.04353971779346466
953,1531.3092,29244,27893760,227,431.06666666666666,-2.2914525660375755,-0.004339016344977911,0.8492478728294373,0.2,0.15931855232212305,2260,0.2702718098958333,0.0003,0.03470392,0.04416957497596741
953,1328.6177,29371,28016640,228,376.2,-2.2536156338391207,-0.005227142801444037,0.8528436869382858,0.2,0.16571609826511122,2270,0.2738753255208333,0.0003,0.035523944,0.004437841475009918
953,1253.1696,29500,28139520,229,349.73333333333335,-2.262577195211003,-0.005265544349234309,0.8874064385890961,0.2,0.1713804865226848,2280,0.2714973958333333,0.0003,0.036085192,0.0444779209792614
953,1297.9655,29641,28262400,230,365.93333333333334,-2.2528361796587704,-0.004895887453167234,0.8751285448670387,0.2,0.16226280910981586,2290,0.2714567057291667,0.0003,0.03474464,0.11286753416061401
953,1557.3113,29770,28385280,231,425.3333333333333,-2.226737495989849,-0.004597757969604572,0.8935141935944557,0.2,0.15767590706828438,2300,0.26918375651041665,0.0003,0.034247722,0.0856599360704422
953,1511.4244,29898,28508160,232,412.53333333333336,-2.2407989551002783,-0.005017240116212633,0.8665655702352524,0.2,0.14737547402328346,2310,0.26897542317708334,0.0003,0.034925707,0.0890779197216034
953,1430.3728,30025,28631040,233,404.8666666666667,-2.2403701787131527,-0.005029430503709591,0.8567973226308823,0.2,0.1400278457578194,2320,0.26439046223958335,0.0003,0.03364769,0.027466556057333946
953,1467.2203,30152,28753920,234,403.8,-2.2585017758980395,-0.00528615197283519,0.8756436184048653,0.2,0.13990497116406914,2330,0.2689127604166667,0.0003,0.034365546,0.2412581741809845
953,1628.9349,30279,28876800,235,439.46666666666664,-2.250874039332072,-0.005626064303178282,0.8827852234244347,0.2,0.14561184735119848,2340,0.27031901041666667,0.0003,0.033879764,0.03343810513615608
953,1556.7765,30406,28999680,236,432.2,-2.262453191479047,-0.005910617553284586,0.8766180574893951,0.2,0.12129625122610985,2350,0.26477783203125,0.0003,0.033087485,0.158732607960701
953,1529.9896,30531,29122560,237,416.73333333333335,-2.242711263243109,-0.005527856891803822,0.8710904866456985,0.2,0.12292756052828432,2360,0.2652506510416667,0.0003,0.033463065,-0.011677924543619156
953,1501.8308,30657,29245440,238,421.8666666666667,-2.246595589108765,-0.004717580251938974,0.8657108694314957,0.2,0.15322674784125412,2370,0.2674226888020833,0.0003,0.033992242,0.08786796033382416
953,1535.7427,30803,29368320,239,425.26666666666665,-2.226907285228372,-0.005113780985035798,0.8689815551042557,0.2,0.13306867218658833,2380,0.26628499348958334,0.0003,0.033396,0.16526968777179718
952,1489.1238,30946,29491200,240,418.6666666666667,-2.228500981349498,-0.005113443609055442,0.8760218471288681,0.2,0.13542559647888994,2390,0.26238525390625,0.0003,0.03334896,-0.01116790622472763
953,1609.5438,31073,29614080,241,438.93333333333334,-2.211928142365068,-0.004986307101486697,0.8900670632719994,0.2,0.156277472172369,2400,0.26271728515625,0.0003,0.033944212,0.035959381610155106
953,1528.0323,31202,29736960,242,423.26666666666665,-2.2181376560466983,-0.0052606037283658225,0.8901403546333313,0.2,0.15006756456709505,2410,0.26605712890625,0.0003,0.033910464,0.06073334068059921
953,1265.2024,31330,29859840,243,351.53333333333336,-2.230826222865532,-0.005602415310246822,0.8820761740207672,0.2,0.11376823238485183,2420,0.2617390950520833,0.0003,0.03329943,0.02075543999671936
953,1507.2181,31457,29982720,244,406.8,-2.2005638472177087,-0.005512509230071979,0.8818892613053322,0.2,0.14495100096062136,2430,0.26507486979166667,0.0003,0.034079894,0.023004921153187752
953,1368.8633,31584,30105600,245,375.8,-2.2370873586957654,-0.005012451792163119,0.8884813636541367,0.2,0.1450613756403133,2440,0.2651570638020833,0.0003,0.033340976,0.019120721146464348
953,1382.4386,31711,30228480,246,383.8,-2.216017138188084,-0.004793298287104335,0.8711908161640167,0.2,0.150202884018654,2450,0.26705729166666664,0.0003,0.034485757,0.010188741609454155
953,1372.5872,31838,30351360,247,384.06666666666666,-2.2079677925631405,-0.0050020171440579965,0.8543321639299393,0.2,0.14728716650385953,2460,0.2605224609375,0.0003,0.033258688,0.0781484916806221
953,1485.7378,31967,30474240,248,417.73333333333335,-2.2057046166186534,-0.004950058260219521,0.8762467578053474,0.2,0.1574803934491744,2470,0.26079345703125,0.0003,0.034239847,0.022225044667720795
953,1366.8228,32097,30597120,249,376.4,-2.2033977862012883,-0.0054234743274901125,0.881474457681179,0.2,0.1265571244077243,2480,0.2618302408854167,0.0003,0.032453064,0.06838025152683258
953,1379.7999,32226,30720000,250,386.0,-2.1976788626176615,-0.005240901068755193,0.877519853413105,0.2,0.14504579617176205,2490,0.26223551432291664,0.0003,0.034327738,0.04963783919811249
952,1598.3302,32370,30842880,251,444.73333333333335,-2.1846156987547873,-0.004821119773575144,0.8811695426702499,0.2,0.14745125473549706,2500,0.25993896484375,0.0003,0.033765666,0.1579042673110962
952,1308.4321,32497,30965760,252,363.06666666666666,-2.1864969701692463,-0.004839266235467221,0.8775539174675941,0.2,0.13869942004118155,2510,0.2600276692708333,0.0003,0.033235047,0.02990276925265789
952,1620.9133,32624,31088640,253,448.3333333333333,-2.1721265272175274,-0.005426685497283567,0.8803253546357155,0.2,0.15148386851001608,2520,0.25896809895833334,0.0003,0.033166308,0.04917649179697037
952,1415.7542,32780,31211520,254,398.3333333333333,-2.155147758430491,-0.004843140641053954,0.8750006631016731,0.2,0.13607248423499793,2530,0.26198974609375,0.0003,0.033551313,0.023930877447128296
952,1511.6716,32908,31334400,255,424.3333333333333,-2.1756095351154605,-0.00480069019600099,0.8465193510055542,0.2,0.14194061551553508,2540,0.263056640625,0.0003,0.035242677,0.12281259149312973
952,1556.0969,33035,31457280,256,422.06666666666666,-2.2224180258996786,-0.005664936922294146,0.8524869531393051,0.2,0.12903674643719568,2550,0.261708984375,0.0003,0.03386224,0.12038126587867737
951,1448.3826,33191,31580160,257,415.1333333333333,-2.166187797884146,-0.0055906304316825604,0.8848380893468857,0.2,0.14116756799684177,2560,0.26119140625,0.0003,0.033958316,-0.043945107609033585
951,1234.4327,33319,31703040,258,342.73333333333335,-2.186473910429825,-0.004864249476904661,0.8445875942707062,0.2,0.15789864874178117,2570,0.26447672526041666,0.0003,0.033724643,0.08693665266036987
951,1347.3557,33447,31825920,259,377.3333333333333,-2.188937261191507,-0.004962478930877599,0.8752545937895775,0.2,0.1534509312794156,2580,0.26049723307291667,0.0003,0.033528216,0.054661884903907776
951,1557.0132,33573,31948800,260,427.8666666666667,-2.191202001615117,-0.00514896040794459,0.847564622759819,0.2,0.12859369351058073,2590,0.26025065104166667,0.0003,0.034580547,0.09681575745344162
951,1420.5135,33699,32071680,261,400.6666666666667,-2.1633548196280996,-0.005195204853219669,0.8766102120280266,0.2,0.11385862822663816,2600,0.26426106770833335,0.0003,0.03398316,0.02544829063117504
951,1382.3047,33827,32194560,262,382.73333333333335,-2.155210599520554,-0.005783190012219469,0.8577028214931488,0.2,0.11967017083913864,2610,0.26053059895833336,0.0003,0.034021508,-0.008417228236794472
951,1484.11,33953,32317440,263,425.46666666666664,-2.1523600630586346,-0.005008587026065167,0.8686442971229553,0.2,0.13705235712962652,2620,0.2559635416666667,0.0003,0.03347167,0.0851512923836708
951,1361.5311,34082,32440320,264,390.3333333333333,-2.158011579718441,-0.0050034756671569385,0.8556715548038483,0.2,0.11981007002817932,2630,0.25673828125,0.0003,0.03322661,0.007339632138609886
951,1376.8397,34211,32563200,265,382.8666666666667,-2.1225157611755034,-0.005362261507419437,0.8686775863170624,0.2,0.11482167790973714,2640,0.25679931640625,0.0003,0.033881567,0.08377514779567719
951,1411.204,34338,32686080,266,385.1333333333333,-2.135826081242412,-0.005249021729459855,0.842803955078125,0.2,0.1269266834339942,2650,0.2588655598958333,0.0003,0.03333731,-0.002763081341981888
951,1429.2941,34467,32808960,267,402.4,-2.111787231589357,-0.005269815433615197,0.8857714757323265,0.2,0.12319572822976625,2660,0.25503987630208336,0.0003,0.032718863,0.008484764024615288
951,1644.9863,34595,32931840,268,441.6666666666667,-2.1549572154010335,-0.005358613095001298,0.8470433056354523,0.2,0.12721889704807837,2670,0.2554166666666667,0.0003,0.03343118,0.10435547679662704
951,1602.5037,34723,33054720,269,440.73333333333335,-2.1490681137827536,-0.0052200388167572475,0.8571474254131317,0.2,0.12266066036565462,2680,0.2599283854166667,0.0003,0.033696886,0.019946672022342682
951,1453.3285,34850,33177600,270,415.8666666666667,-2.1452513731084766,-0.005787163598958311,0.8798904567956924,0.2,0.12171221294634355,2690,0.25605875651041665,0.0003,0.033883624,0.039428964257240295
952,1482.0627,34979,33300480,271,404.0,-2.1262160971326134,-0.005035881918508191,0.8727721720933914,0.2,0.12581060556224352,2700,0.2560628255208333,0.0003,0.033937294,0.0418146550655365
951,1389.1946,35135,33423360,272,385.46666666666664,-2.1043127653189004,-0.004876356492635144,0.87864850461483,0.2,0.14471807256927907,2710,0.2591446940104167,0.0003,0.03403867,0.043082691729068756
951,1409.4781,35263,33546240,273,391.4,-2.1078835954579214,-0.004613996268575041,0.8719028830528259,0.2,0.12786951464857946,2720,0.25928059895833333,0.0003,0.03476842,0.08368569612503052
951,1480.5614,35391,33669120,274,408.3333333333333,-2.114564512334764,-0.005084888112790698,0.8673027902841568,0.2,0.1702822706749915,2730,0.260439453125,0.0003,0.035082135,-0.005937639623880386
950,1350.5356,35548,33792000,275,388.46666666666664,-2.0951135787491997,-0.004867415609884726,0.8966517224907875,0.2,0.14856781831462285,2740,0.2603889973958333,0.0003,0.034546185,0.09385407716035843
950,1604.1112,35675,33914880,276,441.0,-2.0763262406301997,-0.004611333932734852,0.8694564253091812,0.2,0.15560381472552157,2750,0.2572802734375,0.0003,0.03440857,0.06924433261156082
950,1408.6923,35810,34037760,277,385.46666666666664,-2.080384266177813,-0.005202030407842054,0.8630653917789459,0.2,0.1434346166367565,2760,0.2604215494791667,0.0003,0.034427237,0.017740478739142418
950,1510.8751,35941,34160640,278,414.1333333333333,-2.1013841758047542,-0.004662529964486263,0.8561617434024811,0.2,0.1466928348375465,2770,0.2578987630208333,0.0003,0.03330169,0.011335315182805061
950,1455.4962,36069,34283520,279,395.26666666666665,-2.1190216258230308,-0.0049933199817254114,0.8687403351068497,0.2,0.1293514297255509,2780,0.25811848958333333,0.0003,0.034447227,0.019756179302930832
950,1380.7155,36196,34406400,280,378.1333333333333,-2.1230687914043664,-0.005162605374922956,0.8148643225431442,0.2,0.1425747552703736,2790,0.25890380859375,0.0003,0.03344413,0.012502258643507957
950,1522.547,36325,34529280,281,413.6,-2.129874936261525,-0.00483011587370432,0.8426636159420013,0.2,0.1241814982642245,2800,0.26021728515625,0.0003,0.034010965,0.05050650238990784
949,1479.4662,36479,34652160,282,408.6666666666667,-2.0772963323940834,-0.0059417792299973375,0.8508412092924118,0.2,0.14278885332527957,2810,0.25927490234375,0.0003,0.03519632,0.23396798968315125
949,1394.9117,36635,34775040,283,381.8666666666667,-2.143541863374412,-0.004995845417937138,0.8584192544221878,0.2,0.13519831392928608,2820,0.25712890625,0.0003,0.034058087,0.01322123035788536
948,1673.3156,36792,34897920,284,447.0,-2.123701766661058,-0.004848336780839115,0.8786729648709297,0.2,0.13072220908895058,2830,0.25350260416666665,0.0003,0.03361485,0.07218502461910248
948,1634.4684,36921,35020800,285,431.2,-2.1376474364784857,-0.00539587917238047,0.8619491904973984,0.2,0.13209705183379508,2840,0.25953369140625,0.0003,0.035414822,0.06108923256397247
