time/total_timesteps,time/fps,time/time_elapsed,time/iterations,rollout/ep_rew_mean,rollout/ep_len_mean,train/approx_kl,train/clip_fraction,train/explained_variance,train/policy_gradient_loss,train/n_updates,train/learning_rate,train/entropy_loss,train/value_loss,train/loss,train/clip_range
163840,5323,30,1,671.59644,450.0,,,,,,,,,,
327680,685,478,2,1096.1761,450.0,173.90782,0.9999578857421875,0.6607680916786194,0.367494687355138,10,0.0003,-0.0006104897683424907,267.6040116144717,84.68128204345703,0.2
491520,512,959,3,957.9997,450.0,0.32467833,0.01743896484375,0.7018607556819916,0.0009508110138381199,20,0.0003,-0.00042895199001634246,20.38344510343508,7.489783763885498,0.2
655360,440,1488,4,979.2299,450.0,0.0,0.0,0.756477490067482,5.6434146245010195e-11,30,0.0003,-2.9862348853455096e-08,2.061057577757529,1.0286891460418701,0.2
819200,402,2036,5,870.783,450.0,0.0,0.0,0.8045401871204376,-9.272525858250447e-11,40,0.0003,-3.0309689299165553e-08,1.4832151039146992,0.18495021760463715,0.2
983040,373,2631,6,892.7261,450.0,0.0,0.0,0.8953893780708313,-1.3103090168442577e-10,50,0.0003,-2.5529643614000465e-08,0.9044472725728884,1.568951964378357,0.2
1146880,354,3232,7,889.36365,450.0,0.0,0.0,0.9021781608462334,1.0828671292983927e-10,60,0.0003,-2.1886648980417624e-08,0.747848411587629,1.179348111152649,0.2
1310720,342,3825,8,1115.5349,450.0,0.0,0.0,0.9198466911911964,-3.929244485334493e-11,70,0.0003,-1.7945225890755867e-08,0.40748248376367885,0.1582334339618683,0.2
1474560,333,4426,9,1023.23486,450.0,0.0,0.0,0.9134295880794525,1.2155965123383794e-11,80,0.0003,-1.426284849274928e-08,0.33488505711695327,0.5434776544570923,0.2
1638400,326,5019,10,1051.1433,450.0,0.0,0.0,0.9177602753043175,1.7293587006861345e-10,90,0.0003,-1.3238968895601388e-08,0.17124784581678795,0.007380637805908918,0.2
1802240,319,5648,11,957.13055,450.0,0.0,0.0,0.9133540019392967,-1.0046733223134652e-10,100,0.0003,-9.498476700223711e-09,0.18308120810418585,0.062153637409210205,0.2
1966080,314,6248,12,1047.8695,450.0,0.0,0.0,0.9076535701751709,-3.0169076126185246e-11,110,0.0003,-6.749458109039756e-09,0.1289426722481039,0.05108150839805603,0.2
2129920,311,6839,13,932.75446,450.0,0.0,0.0,0.9260865300893784,2.100364326906856e-11,120,0.0003,-5.967899123328693e-09,0.08010555287341503,0.004232312086969614,0.2
2293760,308,7432,14,958.72095,450.0,0.0,0.0,0.9175084605813026,-1.2714735930785537e-11,130,0.0003,-4.529934982302596e-09,0.08141951069856077,0.03515806794166565,0.2
2457600,306,8017,15,980.8734,450.0,0.0,0.0,0.9299579560756683,-1.8130776879843323e-11,140,0.0003,-4.042943170456341e-09,0.06392881848196338,0.009781195782124996,0.2
2621440,304,8603,16,1004.57874,450.0,0.0,0.0,0.9257330223917961,-8.912024895835202e-11,150,0.0003,-3.533950244890595e-09,0.07378874130802615,0.10912573337554932,0.2
2785280,303,9186,17,873.2505,450.0,0.0,0.0,0.938721526414156,7.021299097687006e-12,160,0.0003,-3.1025642169496895e-09,0.0551823596255008,0.025585908442735672,0.2
2949120,302,9762,18,894.41705,450.0,0.0,0.0,0.9361751228570938,1.1295924196019769e-10,170,0.0003,-2.41133753008777e-09,0.06085376698150867,0.024303553625941277,0.2
3112960,300,10350,19,932.6101,450.0,0.0,0.0,0.9445292986929417,-8.778101800999138e-11,180,0.0003,-2.5305974369108606e-09,0.05196441265413341,0.03656204789876938,0.2
3276800,299,10939,20,1024.8801,450.0,0.0,0.0,0.9361261799931526,-9.948962542694062e-11,190,0.0003,-2.2324619239149323e-09,0.06450007767781245,0.007492641918361187,0.2
3440640,298,11513,21,1025.7087,450.0,0.0,0.0,0.938669890165329,-9.743871487444267e-11,200,0.0003,-2.251351607540815e-09,0.06576762630129906,0.06862956285476685,0.2
3604480,298,12084,22,1093.5067,450.0,0.0,0.0,0.9485306926071644,-1.3301132639753632e-10,210,0.0003,-2.046766918292666e-09,0.055005463128163685,0.0318823903799057,0.2
3768320,297,12682,23,980.09033,450.0,0.0,0.0,0.9338244944810867,-2.2927338250156027e-10,220,0.0003,-2.2580191636812664e-09,0.07766611337865015,0.04415002465248108,0.2
3932160,296,13248,24,1090.0453,450.0,0.0,0.0,0.9543072916567326,6.436948751797899e-12,230,0.0003,-1.766729539673514e-09,0.05032370165971997,0.005018919240683317,0.2
4096000,296,13799,25,1050.2808,450.0,0.0,0.0,0.9362989813089371,1.2064447219017894e-10,240,0.0003,-1.9715554220103848e-09,0.07636680127584441,0.018532106652855873,0.2
4259840,296,14347,26,979.22485,450.0,0.0,0.0,0.949658140540123,-3.66731001122389e-11,250,0.0003,-1.9307031926614655e-09,0.05911695151147569,0.025730019435286522,0.2
4423680,296,14908,27,959.66595,450.0,0.0,0.0,0.9406183287501335,3.3020342016243375e-11,260,0.0003,-1.7271762227789692e-09,0.06770769416136319,0.05677400529384613,0.2
4587520,296,15466,28,938.4625,450.0,0.0,0.0,0.9570308476686478,3.697948613989865e-11,270,0.0003,-1.505539384924373e-09,0.04722838056640967,0.02335793897509575,0.2
4751360,296,16022,29,824.1172,450.0,0.0,0.0,0.9377730526030064,-9.412588042323478e-11,280,0.0003,-1.44963964232212e-09,0.06895983425314625,0.012185695581138134,0.2
4915200,296,16592,30,1157.1661,450.0,0.0,0.0,0.9610232897102833,-3.8949110603425654e-11,290,0.0003,-1.2325619452163706e-09,0.041942214305368,0.059804730117321014,0.2
5079040,296,17148,31,983.2861,450.0,0.0,0.0,0.9437099024653435,2.615252014948055e-11,300,0.0003,-1.4532146173375747e-09,0.06844026194950402,0.11681334674358368,0.2
5242880,296,17699,32,781.7726,450.0,0.0,0.0,0.9369124472141266,-7.950802682898939e-11,310,0.0003,-1.4920051957583932e-09,0.0720059903773199,0.0377073772251606,0.2
5406720,296,18260,33,956.33954,450.0,0.0,0.0,0.9562021680176258,-5.629658517136704e-11,320,0.0003,-1.0127382135059455e-09,0.04561230232121261,0.05470815300941467,0.2
5570560,296,18806,34,934.25287,450.0,0.0,0.0,0.9474773108959198,-1.0398025551694445e-10,330,0.0003,-1.0798693577215206e-09,0.05825241177961743,0.055361468344926834,0.2
5734400,296,19347,35,1002.8217,450.0,0.0,0.0,0.9553875662386417,9.376549314765725e-11,340,0.0003,-1.0634868007628264e-09,0.04896438734528147,0.005299081094563007,0.2
5898240,296,19890,36,960.529,450.0,0.0,0.0,0.9451117925345898,-3.0622686608694495e-11,350,0.0003,-1.0792900923678462e-09,0.06339463801979037,0.01753292977809906,0.2
6062080,296,20429,37,1048.6384,450.0,0.0,0.0,0.9518236592411995,-7.512142019550083e-12,360,0.0003,-1.0180740483877923e-09,0.05371736852151798,0.055147670209407806,0.2
6225920,296,20973,38,1068.1987,450.0,0.0,0.0,0.9465660825371742,3.2198386179516095e-11,370,0.0003,-9.91552740989038e-10,0.06082106628633028,0.013402103446424007,0.2
6389760,297,21510,39,980.83734,450.0,0.0,0.0,0.9542568065226078,2.1166215447010473e-11,380,0.0003,-1.199079582373799e-09,0.055324882349016204,0.030174968764185905,0.2
6553600,297,22049,40,936.86554,450.0,0.0,0.0,0.9424112737178802,5.503807187778875e-11,390,0.0003,-9.227633228597702e-10,0.06468259331540593,0.006705658044666052,0.2
6717440,297,22582,41,913.1574,450.0,0.0,0.0,0.9421958848834038,-2.7042574402003084e-10,400,0.0003,-1.0674403248312792e-09,0.06746629179418051,0.058210115879774094,0.2
6881280,297,23127,42,1002.9343,450.0,0.0,0.0,0.95399409532547,-6.475602276623249e-11,410,0.0003,-9.39931981478576e-10,0.051604050492114764,0.007106868550181389,0.2
7045120,297,23668,43,913.92694,450.0,0.0,0.0,0.9426997378468513,-2.8036879484716338e-11,420,0.0003,-9.780474686485896e-10,0.06623545062137964,0.005017646588385105,0.2
7208960,297,24209,44,1073.0845,450.0,0.0,0.0,0.9573607556521893,-1.2483951650210655e-10,430,0.0003,-7.513582223631294e-10,0.04245228168367476,0.010309845209121704,0.2
7372800,297,24749,45,982.605,450.0,0.0,0.0,0.9412823803722858,-7.38464223104529e-11,440,0.0003,-9.799262156785002e-10,0.06748025330110977,0.005570618435740471,0.2
7536640,298,25284,46,912.2463,450.0,0.0,0.0,0.9571711532771587,-9.174527804134414e-11,450,0.0003,-7.665260837500486e-10,0.04491162026715756,0.026657525449991226,0.2
7700480,298,25827,47,890.9967,450.0,0.0,0.0,0.9451733864843845,2.0031620806548746e-12,460,0.0003,-7.082410784508024e-10,0.05887074762210432,0.0049367002211511135,0.2
7864320,298,26366,48,1047.8569,450.0,0.0,0.0,0.9570201076567173,4.985395207768306e-11,470,0.0003,-6.531016069459289e-10,0.04586619312112816,0.06698773801326752,0.2
8028160,298,26900,49,886.93994,450.0,0.0,0.0,0.9447188749909401,-1.0811618267325684e-12,480,0.0003,-7.711428876998241e-10,0.0646531936396059,0.04024229198694229,0.2
8192000,298,27434,50,1091.8713,450.0,0.0,0.0,0.9446120709180832,-2.0789343579963316e-11,490,0.0003,-7.033669696172472e-10,0.06337593350743646,0.005167444236576557,0.2
8355840,298,27973,51,982.471,450.0,0.0,0.0,0.9507784023880959,-9.658378985477611e-11,500,0.0003,-7.150952961482334e-10,0.05605524851908058,0.010171694681048393,0.2
8519680,298,28533,52,1025.7476,450.0,0.0,0.0,0.9443083591759205,-1.467344645789126e-10,510,0.0003,-6.874390805558517e-10,0.060816801668361224,0.05181434005498886,0.2
8683520,298,29071,53,956.2478,450.0,0.0,0.0,0.9541080258786678,-4.271782927389722e-11,520,0.0003,-6.820663676400124e-10,0.04994881902638326,0.0009760084212757647,0.2
8847360,298,29605,54,1135.8813,450.0,0.0,0.0,0.94470389559865,5.998231245030184e-11,530,0.0003,-6.13195869793694e-10,0.06124850693440749,0.01429897639900446,0.2
9011200,299,30134,55,954.69763,450.0,0.0,0.0,0.9503751918673515,-3.337504494993482e-11,540,0.0003,-7.149937071755392e-10,0.055214137511320587,0.088494211435318,0.2
9175040,299,30676,56,1072.3457,450.0,0.0,0.0,0.9392173662781715,1.0664109595381887e-10,550,0.0003,-6.052103633356767e-10,0.06580954924674189,0.023689143359661102,0.2
9338880,299,31204,57,892.85846,450.0,0.0,0.0,0.9499267712235451,4.8564743337919936e-11,560,0.0003,-6.113791931825754e-10,0.05199511607565228,0.1259745955467224,0.2
9502720,299,31744,58,1114.666,450.0,0.0,0.0,0.9439804516732693,2.1662117433152162e-10,570,0.0003,-5.321184386484568e-10,0.059194271829592256,0.035210736095905304,0.2
9666560,299,32277,59,978.503,450.0,0.0,0.0,0.9500976800918579,-5.825540938531048e-11,580,0.0003,-6.287353288993007e-10,0.05553647733429898,0.02064688690006733,0.2
9830400,299,32812,60,869.09283,450.0,0.0,0.0,0.9406104236841202,-1.3612179827759973e-10,590,0.0003,-5.599498734078137e-10,0.06685935660423184,0.00871211662888527,0.2
9994240,299,33342,61,1024.1022,450.0,0.0,0.0,0.9477920345962048,2.6349198378738948e-11,600,0.0003,-4.6162529381953837e-10,0.05686093078596968,0.023515384644269943,0.2
10158080,299,33875,62,961.3906,450.0,0.0,0.0,0.9478626921772957,3.949139681935776e-11,610,0.0003,-6.033600622774729e-10,0.06039105446380745,0.044796161353588104,0.2
10321920,299,34408,63,1002.8579,450.0,0.0,0.0,0.9374473169445992,-5.413539838627912e-11,620,0.0003,-5.762559933462745e-10,0.0732661295842945,0.029176004230976105,0.2
10485760,299,34953,64,1023.1686,450.0,0.0,0.0,0.9523949921131134,1.8209675545222126e-10,630,0.0003,-5.130808840921215e-10,0.05307212647884626,0.04801293835043907,0.2
10649600,299,35503,65,1137.5236,450.0,0.0,0.0,0.9436422623693943,1.3386511454882566e-10,640,0.0003,-4.962897910741702e-10,0.06401018925840163,0.035645779222249985,0.2
10813440,300,36030,66,933.45404,450.0,0.0,0.0,0.9530501514673233,-1.973302232727292e-10,650,0.0003,-5.187351234594174e-10,0.05338127148994772,0.10140683501958847,0.2
10977280,300,36569,67,1024.1035,450.0,0.0,0.0,0.9428339153528214,9.145196600002236e-11,660,0.0003,-4.849105904845569e-10,0.06595944813125243,0.011871490627527237,0.2
11141120,300,37104,68,998.5758,450.0,0.0,0.0,0.9511052072048187,-4.917183105135336e-11,670,0.0003,-5.018411547295021e-10,0.054999046716936846,0.026615511626005173,0.2
11304960,300,37644,69,1000.4439,450.0,0.0,0.0,0.9411849565804005,2.391971065662801e-12,680,0.0003,-4.906213580199584e-10,0.06825663426252049,0.0781325027346611,0.2
11468800,300,38171,70,822.54236,450.0,0.0,0.0,0.9361970722675323,-4.918547347187996e-11,690,0.0003,-5.38665877979072e-10,0.07213712688794204,0.0410328283905983,0.2
11632640,300,38713,71,980.01025,450.0,0.0,0.0,0.9555526711046696,1.9358594727236778e-11,700,0.0003,-4.217907227714547e-10,0.048487750897575094,0.034500494599342346,0.2
11796480,300,39254,72,803.78595,450.0,0.0,0.0,0.9414262287318707,5.672063707606867e-11,710,0.0003,-4.5095024186141794e-10,0.06586662874809007,0.03397615998983383,0.2
11960320,300,39788,73,890.2967,450.0,0.0,0.0,0.9559541083872318,6.582013156730682e-11,720,0.0003,-3.9270574536426785e-10,0.04603665363848904,0.016414234414696693,0.2
12124160,300,40327,74,932.6328,450.0,0.0,0.0,0.9430597275495529,-1.2551595318655017e-10,730,0.0003,-4.2965776576099925e-10,0.06555187128687975,0.0318714939057827,0.2
12288000,300,40861,75,1024.0043,450.0,0.0,0.0,0.9533299431204796,-1.098783286579419e-11,740,0.0003,-4.1951339875198875e-10,0.05155789311629178,0.021737035363912582,0.2
12451840,300,41403,76,981.6983,450.0,0.0,0.0,0.9452741853892803,-8.003894436114933e-11,750,0.0003,-3.9205423946642603e-10,0.060431555473564914,0.047607120126485825,0.2
12615680,300,41943,77,886.9393,450.0,0.0,0.0,0.9520733505487442,9.907580533763394e-11,760,0.0003,-4.375387050614037e-10,0.053174961936165346,0.002157327253371477,0.2
12779520,300,42486,78,1046.1327,450.0,0.0,0.0,0.9428756237030029,5.964011506875977e-12,770,0.0003,-3.5932718594263327e-10,0.06209735299934891,0.007213748060166836,0.2
12943360,300,43023,79,1023.1107,450.0,0.0,0.0,0.9515867196023464,2.874685378628783e-11,780,0.0003,-4.019728730550367e-10,0.05269722835892935,0.011815053410828114,0.2
13107200,300,43564,80,911.4327,450.0,0.0,0.0,0.9493728652596474,-6.657671747234417e-11,790,0.0003,-3.6670409851057755e-10,0.056315118491675094,0.005828981753438711,0.2
13271040,300,44103,81,1046.9507,450.0,0.0,0.0,0.946596585214138,-2.1212827050476335e-11,800,0.0003,-3.410158597118209e-10,0.058807449111891404,0.016010673716664314,0.2
13434880,300,44641,82,980.9127,450.0,0.0,0.0,0.9533183500170708,1.3556132216763218e-10,810,0.0003,-3.866950343161851e-10,0.05247035499990943,0.04325046390295029,0.2
13598720,300,45181,83,1091.8192,450.0,0.0,0.0,0.9382539428770542,1.4815213944530115e-10,820,0.0003,-4.030011259225459e-10,0.06958684426923355,0.022969797253608704,0.2
13762560,301,45710,84,982.563,450.0,0.0,0.0,0.9515454806387424,8.020379027584568e-11,830,0.0003,-3.688824915115013e-10,0.052565007027060344,0.002122684149071574,0.2
13926400,301,46247,85,958.79767,450.0,0.0,0.0,0.9419885091483593,-1.2707573660009075e-10,840,0.0003,-3.641882231973214e-10,0.06447157872842581,0.02167331799864769,0.2
14090240,301,46786,86,870.6614,450.0,0.0,0.0,0.9556431919336319,2.1565256247413344e-11,850,0.0003,-3.2324418099632196e-10,0.048236560049210765,0.001708596246317029,0.2
14254080,301,47328,87,980.1007,450.0,0.0,0.0,0.9456148818135262,-6.706386557198129e-11,860,0.0003,-3.1833948196469465e-10,0.05914532510648314,0.027648845687508583,0.2
14417920,301,47864,88,957.9925,450.0,0.0,0.0,0.9527433477342129,-9.077041340788127e-11,870,0.0003,-3.405030273180825e-10,0.051476963932145736,0.03817897289991379,0.2
14581760,301,48402,89,1133.3682,450.0,0.0,0.0,0.9507326558232307,-2.1634605218423532e-11,880,0.0003,-2.638203755732675e-10,0.05183753657603574,0.03123549371957779,0.2
14745600,301,48964,90,914.88116,450.0,0.0,0.0,0.9395024850964546,-4.298556177673163e-11,890,0.0003,-3.6412196632591277e-10,0.06965022915626833,0.008143790997564793,0.2
14909440,301,49505,91,1025.0032,450.0,0.0,0.0,0.9556227549910545,2.635567852848908e-10,900,0.0003,-2.9863870215510526e-10,0.04775505466643153,0.004107106942683458,0.2
15073280,301,50045,92,1067.3395,450.0,0.0,0.0,0.9423078633844852,-1.0601979738567024e-10,910,0.0003,-3.3449191470997543e-10,0.06553838680154513,0.03627665713429451,0.2
15237120,301,50583,93,1022.32764,450.0,0.0,0.0,0.9550569243729115,4.4475427785073405e-11,920,0.0003,-3.0432472078559563e-10,0.049300058428159446,0.024431051686406136,0.2
15400960,301,51127,94,824.18286,450.0,0.0,0.0,0.9456772990524769,-8.890538083505817e-11,930,0.0003,-2.979549606005197e-10,0.05987341987751279,0.015937253832817078,0.2
15564800,301,51665,95,1001.34924,450.0,0.0,0.0,0.9571881555020809,-8.763890946283936e-11,940,0.0003,-2.6723237735477444e-10,0.04444815654740978,0.028873588889837265,0.2
15728640,301,52241,96,889.3589,450.0,0.0,0.0,0.9440601319074631,-1.6189005691558123e-12,950,0.0003,-2.8757715901477337e-10,0.06100090568613723,0.0034057244192808867,0.2
15892480,301,52779,97,978.32544,450.0,0.0,0.0,0.9556882791221142,1.2066152521583716e-10,960,0.0003,-2.8101706861147736e-10,0.048022810487341305,0.0029402703512459993,0.2
16056320,301,53314,98,890.08954,450.0,0.0,0.0,0.9445836618542671,4.713456291938201e-12,970,0.0003,-2.839367055818172e-10,0.06145285897999202,0.0037092301063239574,0.2
16220160,301,53850,99,1024.9277,450.0,0.0,0.0,0.949326653033495,-4.2566625779727476e-11,980,0.0003,-2.3314714416178693e-10,0.051450579965990076,0.03713301569223404,0.2
16384000,301,54393,100,979.18823,450.0,0.0,0.0,0.9561018645763397,7.347580321948043e-11,990,0.0003,-2.650704804336621e-10,0.04817003919763238,0.0021980530582368374,0.2
16547840,301,54933,101,932.5906,450.0,0.0,0.0,0.9445591680705547,1.1280008038738742e-11,1000,0.0003,-2.722362844016584e-10,0.06098119792396574,0.05029493197798729,0.2
16711680,301,55474,102,1092.6088,450.0,0.0,0.0,0.9564645513892174,-4.398089004098438e-11,1010,0.0003,-2.7053563283764004e-10,0.047716230807889136,0.050195012241601944,0.2
16875520,301,56012,103,1023.20276,450.0,0.0,0.0,0.9418837875127792,-1.7242768990399782e-10,1020,0.0003,-2.7953532835946963e-10,0.06436702970336683,0.014239152893424034,0.2
17039360,301,56549,104,887.67596,450.0,0.0,0.0,0.9503806419670582,1.3694034350919537e-10,1030,0.0003,-3.116207031883555e-10,0.056149495895106157,0.08573855459690094,0.2
17203200,301,57091,105,977.59717,450.0,0.0,0.0,0.9453253708779812,-1.3955627764516975e-11,1040,0.0003,-2.5383162518912197e-10,0.05906310202625264,0.05877502262592316,0.2
17367040,301,57620,106,1023.3346,450.0,0.0,0.0,0.9516063369810581,-1.2139196314819857e-10,1050,0.0003,-2.6400001904133743e-10,0.05054130531026203,0.004162223543971777,0.2
17530880,301,58160,107,868.1971,450.0,0.0,0.0,0.9396859221160412,1.7819957065512427e-10,1060,0.0003,-3.0368381151088793e-10,0.06704982700159234,0.03867524862289429,0.2
17694720,301,58689,108,936.0411,450.0,0.0,0.0,0.9597050845623016,4.6385366658796555e-11,1070,0.0003,-2.38771117861249e-10,0.041845761410049816,0.037101179361343384,0.2
17858560,301,59225,109,935.12866,450.0,0.0,0.0,0.9429783560335636,-9.312088877777569e-12,1080,0.0003,-2.568152075900368e-10,0.062484782034835006,0.01891520619392395,0.2
18022400,301,59761,110,999.53314,450.0,0.0,0.0,0.9420757703483105,-1.6624824183963938e-10,1090,0.0003,-2.7200922071615034e-10,0.06380905739302761,0.03292864188551903,0.2
18186240,301,60301,111,1026.6215,450.0,0.0,0.0,0.9542146287858486,1.3134922483004628e-10,1100,0.0003,-2.3688753194651186e-10,0.046537365673129896,0.01079068798571825,0.2
18350080,301,60833,112,1068.1594,450.0,0.0,0.0,0.9435588233172894,-4.996081770514138e-11,1110,0.0003,-2.447787685717039e-10,0.058372746772961365,0.004430641420185566,0.2
18513920,301,61361,113,1001.9908,450.0,0.0,0.0,0.9561346508562565,-2.482488525856752e-10,1120,0.0003,-2.342492315519798e-10,0.04617152468661743,0.05143243446946144,0.2
18677760,301,61900,114,1002.89575,450.0,0.0,0.0,0.9437595754861832,-4.1985686038970016e-11,1130,0.0003,-2.4941876583262903e-10,0.06352559197413483,0.04482155293226242,0.2
18841600,301,62437,115,889.44385,450.0,0.0,0.0,0.9543002545833588,5.3430539992405104e-11,1140,0.0003,-2.428816487225227e-10,0.0491197907319156,0.04115660488605499,0.2
19005440,301,62978,116,890.9447,450.0,0.0,0.0,0.9428842328488827,-8.341885404661298e-11,1150,0.0003,-2.335607890684849e-10,0.06280176400194705,0.04296823963522911,0.2
19169280,301,63505,117,961.3515,450.0,0.0,0.0,0.9562289640307426,1.7221282178070395e-11,1160,0.0003,-2.2179733189439384e-10,0.04653821299746596,0.07067102193832397,0.2
19333120,301,64046,118,998.79724,450.0,0.0,0.0,0.9417249448597431,3.6754954635398464e-11,1170,0.0003,-2.3731017484348314e-10,0.06573109788192597,0.022868208587169647,0.2
19496960,301,64575,119,1246.9194,450.0,0.0,0.0,0.9446306936442852,-7.05949787516147e-11,1180,0.0003,-2.2736590036938016e-10,0.0592839749954328,0.01728971302509308,0.2
19660800,301,65110,120,934.9844,450.0,0.0,0.0,0.9474023580551147,-1.1484871720313095e-10,1190,0.0003,-2.8449950055574413e-10,0.059830463802759366,0.03076479211449623,0.2
19824640,301,65651,121,912.2078,450.0,0.0,0.0,0.9456661976873875,2.6291218091500922e-11,1200,0.0003,-2.087972992438202e-10,0.057542548353785604,0.016017016023397446,0.2
19988480,302,66179,122,1070.5327,450.0,0.0,0.0,0.9539503119885921,2.129775111825438e-10,1210,0.0003,-2.255874518223677e-10,0.047779462277526365,0.04822801053524017,0.2
20152320,302,66711,123,1024.1125,450.0,0.0,0.0,0.9431496821343899,-1.3001113075006287e-10,1220,0.0003,-2.2752373606539058e-10,0.062362795641902266,0.05581754446029663,0.2
20316160,302,67239,124,1047.7388,450.0,0.0,0.0,0.9548971951007843,3.6810661185882057e-11,1230,0.0003,-2.2837589318087872e-10,0.04935286453412118,0.007853977382183075,0.2
20480000,302,67780,125,958.8501,450.0,0.0,0.0,0.9422865137457848,-6.718323675158899e-12,1240,0.0003,-2.1443796518528548e-10,0.062354950105818714,0.004724754951894283,0.2
20643840,302,68316,126,935.14014,450.0,0.0,0.0,0.9570028856396675,6.074515113141388e-11,1250,0.0003,-2.194084967185807e-10,0.047678971281484336,0.039372559636831284,0.2
20807680,302,68849,127,912.2472,450.0,0.0,0.0,0.9421135783195496,-1.874741428764537e-10,1260,0.0003,-2.0961447601928617e-10,0.06325696048437748,0.04071676731109619,0.2
20971520,302,69431,128,981.7385,450.0,0.0,0.0,0.9535152018070221,-1.8902255760622212e-10,1270,0.0003,-1.9438279162420923e-10,0.04758880736627361,0.0027357107028365135,0.2
21135360,302,69963,129,779.3298,450.0,0.0,0.0,0.9463323131203651,-2.496335582691245e-11,1280,0.0003,-2.2482178792493065e-10,0.05954620297985002,0.016362477093935013,0.2
21299200,302,70503,130,913.97144,450.0,0.0,0.0,0.948020126670599,4.006324161309749e-12,1290,0.0003,-1.8340765317173882e-10,0.054923172676517425,0.04679642990231514,0.2
21463040,302,71043,131,981.73047,450.0,0.0,0.0,0.9522095732390881,-4.926619112666231e-11,1300,0.0003,-2.1727417221108604e-10,0.052205580670383826,0.008296752348542213,0.2
21626880,302,71585,132,1000.4035,450.0,0.0,0.0,0.943019188940525,1.0439407560625113e-10,1310,0.0003,-2.0547717848658655e-10,0.0617937475598319,0.05583366006612778,0.2
21790720,302,72118,133,1002.036,450.0,0.0,0.0,0.9576542489230633,3.830052719422383e-11,1320,0.0003,-1.7454427009907116e-10,0.04263803506134764,0.021843798458576202,0.2
21954560,302,72650,134,1003.7688,450.0,0.0,0.0,0.9401023015379906,-4.255525709595531e-11,1330,0.0003,-2.2461314060702886e-10,0.06677670896493965,0.0398998036980629,0.2
22118400,302,73181,135,980.7933,450.0,0.0,0.0,0.9538780637085438,-1.1178372005815618e-10,1340,0.0003,-1.8173863542715868e-10,0.046470788342544436,0.003519209334626794,0.2
22282240,302,73722,136,998.57477,450.0,0.0,0.0,0.9460597299039364,7.550909231213154e-11,1350,0.0003,-1.9584216450431912e-10,0.058964649093068144,0.04921632260084152,0.2
22446080,302,74259,137,914.7978,450.0,0.0,0.0,0.9562194086611271,-1.9662820704979821e-10,1360,0.0003,-2.0828665378601689e-10,0.04857567411277614,0.002761072013527155,0.2
22609920,302,74800,138,961.34674,450.0,0.0,0.0,0.9459445439279079,-1.9888375391019508e-11,1370,0.0003,-1.7482793424335544e-10,0.056071220179551344,0.025926830247044563,0.2
22773760,302,75330,139,981.6886,450.0,0.0,0.0,0.9397227801382542,2.7501982913236133e-11,1380,0.0003,-2.040405300237681e-10,0.06287584012987281,0.08698956668376923,0.2
22937600,302,75863,140,960.5274,450.0,0.0,0.0,0.9557132981717587,-4.269963937986176e-11,1390,0.0003,-1.7538752417078397e-10,0.04507687515958423,0.011243794113397598,0.2
23101440,302,76403,141,1003.8088,450.0,0.0,0.0,0.9447819218039513,1.9590629563026596e-10,1400,0.0003,-1.767154539983795e-10,0.05750249838039963,0.055379875004291534,0.2
23265280,302,76940,142,1002.0647,450.0,0.0,0.0,0.9469037689268589,-2.0783772924914957e-10,1410,0.0003,-2.2379991648221543e-10,0.05772141193391235,0.008532172068953514,0.2
23429120,302,77472,143,758.9286,450.0,0.0,0.0,0.9461985193192959,-7.525841283495538e-11,1420,0.0003,-1.813039107215165e-10,0.05860618378408617,0.010824494063854218,0.2
23592960,302,78007,144,1005.4063,450.0,0.0,0.0,0.9597840085625648,-8.384517968806904e-11,1430,0.0003,-1.6305375437930298e-10,0.04064689380313211,0.0012680821819230914,0.2
23756800,302,78547,145,867.4286,450.0,0.0,0.0,0.938710656017065,4.7866706154309215e-11,1440,0.0003,-1.8983173145407602e-10,0.06622715421071007,0.038276106119155884,0.2
23920640,302,79085,146,829.19495,450.0,0.0,0.0,0.9580276049673557,3.194713826815132e-11,1450,0.0003,-1.5743018649556213e-10,0.042901589020718806,0.014129316434264183,0.2
24084480,302,79620,147,980.00616,450.0,0.0,0.0,0.9471728205680847,4.546109266811982e-11,1460,0.0003,-1.5214700712875467e-10,0.05354792348131468,0.008154676295816898,0.2
24248320,302,80159,148,842.14813,450.0,0.0,0.0,0.9463955201208591,2.9931470635347065e-11,1470,0.0003,-1.65448046830034e-10,0.056200287883239074,0.015386690385639668,0.2
24412160,302,80692,149,1025.7045,450.0,0.0,0.0,0.9557403661310673,2.5818280846579e-12,1480,0.0003,-1.7700497420103205e-10,0.047681497857429346,0.02150404080748558,0.2
24576000,302,81229,150,1067.374,450.0,0.0,0.0,0.9407598599791527,4.381718099466525e-11,1490,0.0003,-1.9039164096446058e-10,0.06448222913367317,0.06253637373447418,0.2
24739840,302,81751,151,1024.107,450.0,0.0001490108,9.765625e-06,0.9558995701372623,4.870806867529609e-06,1500,0.0003,-5.536466687616945e-06,0.047053735221211354,0.06846015900373459,0.2
24903680,302,82291,152,913.9295,450.0,0.0,0.0,0.9373521506786346,-5.899664756725543e-11,1510,0.0003,-4.0800331509247354e-11,0.0701798516600502,0.07347552478313446,0.2
25067520,302,82834,153,975.9014,450.0,0.0,0.0,0.9553241394460201,-1.392777448927518e-11,1520,0.0003,-4.0020974533331545e-11,0.046990648103401325,0.05836755037307739,0.2
25231360,302,83397,154,890.3061,450.0,0.0,0.0,0.9447114542126656,-3.7289282772690055e-12,1530,0.0003,-3.175062952889818e-11,0.059081723309609514,0.015134269371628761,0.2
25395200,302,83954,155,1046.9496,450.0,0.0,0.0,0.9557059556245804,1.822604644985404e-10,1540,0.0003,-3.64419736987793e-11,0.045211158362453714,0.016298184171319008,0.2
25559040,302,84515,156,1047.8115,450.0,0.0,0.0,0.9438148587942123,1.2224290912854485e-10,1550,0.0003,-3.821586031284341e-11,0.059085770244314516,0.011152487248182297,0.2
25722880,302,85114,157,915.69446,450.0,0.0,0.0,0.9469218291342258,1.1730435289791784e-10,1560,0.0003,-4.1412999290804594e-11,0.05817844835991309,0.03786724805831909,0.2
25886720,302,85669,158,824.1083,450.0,0.0,0.0,0.947171114385128,6.694676812912803e-11,1570,0.0003,-3.447999796838294e-11,0.05584293193139729,0.012404276989400387,0.2
26050560,302,86225,159,979.14795,450.0,0.0,0.0,0.9440993964672089,-7.711150828981772e-11,1580,0.0003,-3.0632816071694353e-11,0.05943257698906109,0.029577801004052162,0.2
26214400,302,86781,160,1004.5458,450.0,0.0,0.0,0.9507456570863724,-3.563764039427042e-10,1590,0.0003,-3.7154599504977583e-11,0.053344165651451475,0.044016558676958084,0.2
26378240,302,87336,161,1070.617,450.0,0.0,0.0,0.9441889487206936,3.627974365372211e-11,1600,0.0003,-3.4178402053557114e-11,0.06083017182028016,0.012637169100344181,0.2
26542080,301,87888,162,1024.1068,450.0,0.0,0.0,0.954049039632082,-2.1261826077534352e-10,1610,0.0003,-3.920368836816487e-11,0.049847256513844515,0.04140448942780495,0.2
26705920,301,88460,163,891.12286,450.0,0.0,0.0,0.9408644288778305,1.047362729877932e-10,1620,0.0003,-3.867051890355391e-11,0.06582867716655529,0.05458100140094757,0.2
26869760,301,89018,164,868.28455,450.0,0.0,0.0,0.9506006576120853,-1.1751410511351423e-10,1630,0.0003,-3.981227473856559e-11,0.05355846988473331,0.01550365425646305,0.2
27033600,301,89581,165,1087.58,450.0,0.0,0.0,0.94384341314435,-1.5081923265825024e-10,1640,0.0003,-3.279562235135406e-11,0.05809806863507219,0.04671758785843849,0.2
27197440,301,90136,166,912.14685,450.0,0.0,0.0,0.9511421024799347,2.636284079926554e-11,1650,0.0003,-4.019647322588788e-11,0.05281204444274863,0.015048719942569733,0.2
27361280,301,90690,167,1134.9315,450.0,0.0,0.0,0.9454365447163582,1.072976374416612e-10,1660,0.0003,-3.343515072838663e-11,0.055758816903580734,0.035045407712459564,0.2
27525120,301,91238,168,890.3175,450.0,0.0,0.0,0.9429226033389568,-4.098978934052866e-12,1670,0.0003,-4.135254264931443e-11,0.05913369562209482,0.043056610971689224,0.2
27688960,301,91791,169,1048.635,450.0,0.0,0.0,0.9541908279061317,3.13264081341913e-11,1680,0.0003,-3.526862863106117e-11,0.046542814417380216,0.001938631758093834,0.2
27852800,301,92347,170,1044.4725,450.0,0.0,0.0,0.9374313727021217,-1.292323759116698e-10,1690,0.0003,-4.022209557803249e-11,0.06858694085218303,0.004767519421875477,0.2
28016640,301,92904,171,931.7684,450.0,0.0,0.0,0.9518881849944592,-3.983245733252261e-11,1700,0.0003,-3.574337784044435e-11,0.051551620369077684,0.03184466063976288,0.2
28180480,301,93456,172,1090.1869,450.0,0.0,0.0,0.9466057382524014,9.842779036262072e-11,1710,0.0003,-3.4472149577777345e-11,0.057610310124573516,0.028879761695861816,0.2
28344320,301,94014,173,1068.8905,450.0,0.0,0.0,0.9502193257212639,-1.6623971532681025e-10,1720,0.0003,-3.218639550050263e-11,0.05038598308009568,0.019294463098049164,0.2
28508160,301,94564,174,891.136,450.0,0.0,0.0,0.9438862092792988,-4.8938773034024055e-11,1730,0.0003,-3.826621762706344e-11,0.061291632888342065,0.028672892600297928,0.2
28672000,301,95114,175,779.41187,450.0,0.0,0.0,0.9547232799232006,2.007368493650574e-11,1740,0.0003,-3.290930362330159e-11,0.04393404208495667,0.029356515035033226,0.2
28835840,301,95677,176,890.289,450.0,0.0,0.0,0.9484104961156845,5.223000698606484e-11,1750,0.0003,-3.055240594824196e-11,0.050567918570568506,0.04563315212726593,0.2
28999680,301,96233,177,912.28674,450.0,0.0,0.0,0.95542111992836,-1.7244587979803326e-10,1760,0.0003,-3.750602115399799e-11,0.04874832891516235,0.03782927989959717,0.2
29163520,301,96793,178,870.7445,450.0,0.0,0.0,0.949358619749546,-8.718643584870733e-11,1770,0.0003,-3.7058608632275176e-11,0.055193749402978935,0.04052649438381195,0.2
29327360,301,97347,179,1116.4031,450.0,0.0,0.0,0.9455345906317234,-1.9819367480522486e-10,1780,0.0003,-3.364521147657404e-11,0.05599176471040664,0.03991604223847389,0.2
29491200,301,97904,180,978.32007,450.0,0.0,0.0,0.9507137164473534,-1.526302639831556e-10,1790,0.0003,-3.5872482122196225e-11,0.0530660794662117,0.05498138815164566,0.2
29655040,301,98459,181,1002.8505,450.0,0.0,0.0,0.9455364495515823,8.558345143683255e-12,1800,0.0003,-3.305085174340933e-11,0.05654321204461667,0.00954244751483202,0.2
29818880,301,99008,182,960.48193,450.0,0.0,0.0,0.9513909891247749,1.6473222785862163e-11,1810,0.0003,-4.003268046144534e-11,0.0530928429737196,0.002386607928201556,0.2
29982720,301,99569,183,1025.7412,450.0,0.0,0.0,0.9372895359992981,-6.715026756864972e-11,1820,0.0003,-3.9880000503933476e-11,0.06668308488400726,0.0275531318038702,0.2
30146560,301,100119,184,979.9652,450.0,0.0,0.0,0.9563120193779469,1.2182908903923816e-10,1830,0.0003,-3.6698543687390435e-11,0.0456431634433693,0.022921105846762657,0.2
30310400,301,100676,185,981.59644,450.0,0.0,0.0,0.9429190121591091,1.519833858765196e-10,1840,0.0003,-3.395185427426848e-11,0.058928502691005635,0.05165823921561241,0.2
30474240,301,101235,186,909.73157,450.0,0.0,0.0,0.9548406414687634,2.399019649601541e-10,1850,0.0003,-3.0830058756331126e-11,0.04610509421234383,0.0037194588221609592,0.2
30638080,300,101797,187,869.8575,450.0,0.0,0.0,0.9480513334274292,-2.232255269518646e-10,1860,0.0003,-3.625131605958536e-11,0.056672571175340636,0.03453291952610016,0.2
30801920,300,102353,188,1090.924,450.0,0.0,0.0,0.9435684382915497,-5.524270818568766e-11,1870,0.0003,-3.280200267606737e-11,0.056335005632181495,0.03222179785370827,0.2
30965760,300,102913,189,1001.2023,450.0,0.0,0.0,0.9514672197401524,-3.034983819816261e-11,1880,0.0003,-3.417574240549576e-11,0.0492636899751642,0.025597333908081055,0.2
31129600,300,103490,190,934.31604,450.0,0.0,0.0,0.9469338543713093,-2.6112729756277986e-11,1890,0.0003,-3.342131205212483e-11,0.05524850802914443,0.0023145140148699284,0.2
31293440,300,104057,191,1066.5085,450.0,0.0,0.0,0.9444364346563816,-4.338289727456867e-12,1900,0.0003,-3.4037819646120206e-11,0.04863109756102858,0.0028432155959308147,0.2
31457280,300,104621,192,1071.3903,450.0,0.0,0.0,0.9411163330078125,-9.571976988809184e-11,1910,0.0003,-3.932168962241166e-11,0.0625724144457854,0.07789398729801178,0.2
31621120,300,105191,193,1047.7172,450.0,0.0,0.0,0.9556581042706966,1.5619491477991687e-10,1920,0.0003,-3.505813568393269e-11,0.04580303179167913,0.004669371526688337,0.2
31784960,300,105752,194,1024.2053,450.0,0.0,0.0,0.9353087916970253,1.1292968338239007e-10,1930,0.0003,-3.750831318376723e-11,0.06897946418000174,0.002871985547244549,0.2
31948800,300,106302,195,1090.2246,450.0,0.0,0.0,0.9502805061638355,4.067942427354865e-11,1940,0.0003,-4.319081637719436e-11,0.05375417704059146,0.07651390880346298,0.2
32112640,300,106864,196,936.005,450.0,0.0,0.0,0.9374643713235855,-9.914856491377577e-11,1950,0.0003,-3.457493315518517e-11,0.06448924786869611,0.058794569224119186,0.2
32276480,300,107427,197,1070.6667,450.0,0.0,0.0,0.9454966671764851,-9.943278200807981e-11,1960,0.0003,-3.16938977029377e-11,0.05262212323456879,0.003908233251422644,0.2
32440320,300,107982,198,1047.7236,450.0,0.0,0.0,0.9526612274348736,7.277208169398364e-11,1970,0.0003,-3.250133227806426e-11,0.048605470975116985,0.01096891239285469,0.2
32604160,300,108544,199,1070.6647,450.0,0.0,0.0,0.941303264349699,3.326888986521226e-11,1980,0.0003,-3.7535113734054697e-11,0.06144646784410725,0.00996017549186945,0.2
32768000,300,109098,200,956.43146,450.0,0.0,0.0,0.9522257074713707,-2.7985151973553e-11,1990,0.0003,-3.9772548341395436e-11,0.051059546363435404,0.029818609356880188,0.2
32931840,300,109660,201,1003.7687,450.0,0.0,0.0,0.9440309107303619,-5.7127635955112055e-11,2000,0.0003,-3.314780600111894e-11,0.05848531122885106,0.04865177720785141,0.2
33095680,300,110219,202,1021.59906,450.0,0.0,0.0,0.9544478319585323,6.446953193517402e-11,2010,0.0003,-3.1385157203863544e-11,0.047193978971322395,0.00761910155415535,0.2
33259520,300,110782,203,871.47455,450.0,0.0,0.0,0.9247770383954048,2.1552750695263968e-11,2020,0.0003,-3.4236941323925396e-11,0.06065865547901922,0.06885506212711334,0.2
33423360,300,111335,204,1071.4435,450.0,0.0,0.0,0.9500902332365513,1.3856151781510561e-11,2030,0.0003,-3.608070434140918e-11,0.04960177265034872,0.0359530970454216,0.2
33587200,300,111890,205,980.0497,450.0,0.0,0.0,0.9395505748689175,-3.7325662560760974e-11,2040,0.0003,-3.8613144196503354e-11,0.06254898736523501,0.06438413262367249,0.2
33751040,300,112449,206,892.63904,450.0,0.0,0.0,0.953405924141407,2.75349520961754e-11,2050,0.0003,-3.575529107761137e-11,0.0485589984366834,0.004378096666187048,0.2
33914880,300,113012,207,911.3843,450.0,0.0,0.0,0.9432701766490936,-3.3751348382793366e-11,2060,0.0003,-3.375639136041552e-11,0.058107276787159205,0.05427781119942665,0.2
34078720,300,113566,208,957.21,450.0,0.0,0.0,0.948209885507822,-9.396899258717894e-11,2070,0.0003,-2.8852640343018864e-11,0.04880803955369629,0.0031758518889546394,0.2
34242560,300,114120,209,980.77344,450.0,0.0,0.0,0.9544742032885551,-1.047783371177502e-10,2080,0.0003,-3.293306500473758e-11,0.0454247703139481,0.0056047700345516205,0.2
34406400,300,114684,210,912.3194,450.0,0.0,0.0,0.9416178688406944,-9.187260729959235e-11,2090,0.0003,-3.282458318763204e-11,0.059846257771960155,0.12927408516407013,0.2
34570240,299,115243,211,1002.945,450.0,0.0,0.0,0.9544195085763931,6.732193469360936e-11,2100,0.0003,-3.2722307831719506e-11,0.04630103356860673,0.059077344834804535,0.2
34734080,299,115801,212,846.93695,450.0,0.0,0.0,0.9460508413612843,1.2833311302529181e-10,2110,0.0003,-2.950386461853218e-11,0.05086445667847329,0.010297606699168682,0.2
34897920,299,116353,213,1069.881,450.0,0.0,0.0,0.9534363895654678,8.324491318489891e-11,2120,0.0003,-3.3579913374473546e-11,0.04609323263251554,0.018720313906669617,0.2
35061760,299,116909,214,890.22327,450.0,0.0,0.0,0.93952576816082,8.162828635249752e-11,2130,0.0003,-4.103321792841652e-11,0.06561412157237101,0.02120460942387581,0.2
35225600,299,117462,215,865.6824,450.0,0.0,0.0,0.9550632387399673,2.4222543970608965e-10,2140,0.0003,-2.642498349764029e-11,0.042933188178708406,0.036988768726587296,0.2
35389440,299,118025,216,936.0059,450.0,0.0,0.0,0.9467643052339554,3.8403413782361896e-11,2150,0.0003,-3.1208426116518365e-11,0.05531615493152458,0.006632816977798939,0.2
35553280,299,118586,217,1048.6373,450.0,0.0,0.0,0.9428130574524403,-2.1077994460938498e-10,2160,0.0003,-3.453337875523406e-11,0.05900654978429884,0.03839742764830589,0.2
35717120,299,119147,218,981.7445,450.0,0.0,0.0,0.9530323892831802,-5.015408532926813e-11,2170,0.0003,-3.2733224936467753e-11,0.04890459411840766,0.01173963863402605,0.2
35880960,299,119709,219,1003.7199,450.0,0.0,0.0,0.941305685788393,-8.293113751278725e-11,2180,0.0003,-3.368397238492997e-11,0.06083599827471517,0.006215598434209824,0.2
36044800,299,120268,220,958.8078,450.0,0.0,0.0,0.9467886090278625,-5.957474513706984e-11,2190,0.0003,-3.78634948038309e-11,0.05657657466183082,0.004725137259811163,0.2
36208640,299,120824,221,1002.93787,450.0,0.0,0.0,0.941349845379591,-5.434230843093247e-13,2200,0.0003,-3.4759527147332386e-11,0.0625779649211745,0.010651390068233013,0.2
36372480,299,121373,222,1025.6997,450.0,0.0,0.0,0.9521819688379765,1.3851376934326255e-10,2210,0.0003,-3.692342935172682e-11,0.05051311380468178,0.004596003796905279,0.2
36536320,299,121925,223,914.66455,450.0,0.0,0.0,0.9426853023469448,2.4273276721942237e-11,2220,0.0003,-3.2686315556881955e-11,0.060471379228174554,0.014934604987502098,0.2
36700160,299,122477,224,952.19165,450.0,0.0,0.0,0.9534398913383484,1.7734009816194886e-10,2230,0.0003,-3.088358095899885e-11,0.04495610677446621,0.012959235347807407,0.2
36864000,299,123040,225,1002.1267,450.0,0.0,0.0,0.9449518397450447,4.760067895404063e-12,2240,0.0003,-3.691537468696948e-11,0.05841261637644493,0.030555954203009605,0.2
37027840,299,123598,226,1022.23376,450.0,0.0,0.0,0.9450676701962948,9.140421752817929e-11,2250,0.0003,-2.8337766277529706e-11,0.053969595922126246,0.0033465614542365074,0.2
37191680,299,124150,227,864.03705,450.0,0.0,0.0,0.9542004242539406,-1.50828327605268e-10,2260,0.0003,-3.2353855175411106e-11,0.04671671493110807,0.016968006268143654,0.2
37355520,299,124705,228,911.38245,450.0,0.0,0.0,0.9465518295764923,-3.725915576069383e-11,2270,0.0003,-3.160127228414951e-11,0.05361151913834874,0.11870549619197845,0.2
37519360,299,125266,229,912.98206,450.0,0.0,0.0,0.9589937292039394,1.3321027836354915e-10,2280,0.0003,-3.005589536323963e-11,0.04030465199662558,0.007969334721565247,0.2
37683200,299,125826,230,1089.4137,450.0,0.0,0.0,0.9424984827637672,6.462414603447542e-11,2290,0.0003,-3.322943607190845e-11,0.05940503650817845,0.010019274428486824,0.2
37847040,299,126373,231,978.3214,450.0,0.0,0.0,0.949398797005415,-1.114335645979736e-10,2300,0.0003,-3.53807951302055e-11,0.05265497680262797,0.002455658046528697,0.2
38010880,299,126926,232,866.5514,450.0,0.0,0.0,0.9444997981190681,-3.122181624348741e-11,2310,0.0003,-3.162746594289319e-11,0.057483028777287476,0.030030306428670883,0.2
38174720,299,127474,233,980.90344,450.0,0.0,0.0,0.9535221718251705,2.3011921257420908e-11,2320,0.0003,-3.101992193134147e-11,0.04883906933044727,0.010613106191158295,0.2
38338560,299,128033,234,914.7915,450.0,0.0,0.0,0.9370623901486397,2.1010919226682746e-10,2330,0.0003,-3.337043879137451e-11,0.06481817626141492,0.05058658495545387,0.2
38502400,299,128588,235,958.7946,450.0,0.0,0.0,0.9511215835809708,-1.4133661352389027e-10,2340,0.0003,-3.333369358176203e-11,0.045492865572309714,0.04784020408987999,0.2
38666240,299,129147,236,1004.58984,450.0,0.0,0.0,0.9425660967826843,-5.3583448789140674e-11,2350,0.0003,-2.994868415254758e-11,0.05775192511889145,0.027941707521677017,0.2
38830080,299,129696,237,823.2317,450.0,0.0,0.0,0.9426352679729462,7.386915967799723e-11,2360,0.0003,-2.901779572763468e-11,0.05871261661174685,0.002622670494019985,0.2
38993920,299,130256,238,981.6612,450.0,0.0,0.0,0.9586780555546284,9.09551545191789e-12,2370,0.0003,-2.5241061707231184e-11,0.03956828798300194,0.002213713014498353,0.2
39157760,299,130816,239,1002.0667,450.0,0.0,0.0,0.9432335197925568,7.675566848774906e-12,2380,0.0003,-3.037583360424546e-11,0.058354781678954165,0.05903805047273636,0.2
39321600,299,131361,240,1046.182,450.0,0.0,0.0,0.9523643031716347,-5.904325917072129e-11,2390,0.0003,-3.357130610875467e-11,0.05000416885848154,0.012137899175286293,0.2
39485440,299,131912,241,865.7366,450.0,0.0,0.0,0.9406718127429485,7.252424438775051e-11,2400,0.0003,-3.7292814770530654e-11,0.06285123145755278,0.007888006046414375,0.2
39649280,299,132462,242,982.4308,450.0,0.0,0.0,0.9552967958152294,9.409859558218159e-11,2410,0.0003,-3.4371596352324124e-11,0.04701499235919073,0.006058902014046907,0.2
39813120,299,133022,243,938.3745,450.0,0.0,0.0,0.9393722414970398,5.916945156059228e-11,2420,0.0003,-3.358960616490747e-11,0.06257712749266829,0.014055841602385044,0.2
39976960,299,133577,244,1070.6187,450.0,0.0,0.0,0.9538929425179958,-2.0165430214547086e-10,2430,0.0003,-2.978378775002043e-11,0.047796216748934056,0.028369639068841934,0.2
40140800,299,134130,245,1000.53143,450.0,0.0,0.0,0.9385874420404434,-1.618798251001863e-10,2440,0.0003,-3.898787036359758e-11,0.06691492759074208,0.016871673986315727,0.2
40304640,299,134680,246,932.58,450.0,0.0,0.0,0.9482600726187229,8.843812793202232e-11,2450,0.0003,-3.0430609599934086e-11,0.052423833510265465,0.005821573548018932,0.2
40468480,299,135239,247,1002.9872,450.0,0.0,0.0,0.9541198126971722,1.4039187590242365e-10,2460,0.0003,-3.088371024994543e-11,0.04748783535287202,0.09961355477571487,0.2
40632320,299,135798,248,985.06335,450.0,0.0,0.0,0.9420856945216656,-9.951236279448495e-11,2470,0.0003,-3.622245637087751e-11,0.06389663260847556,0.018766798079013824,0.2
40796160,299,136413,249,1027.4253,450.0,0.0,0.0,0.9530099630355835,-1.2136183613620233e-10,2480,0.0003,-3.388429870558544e-11,0.047959741175423,0.015201597474515438,0.2
40960000,299,136969,250,1068.9751,450.0,0.0,0.0,0.9360151439905167,-2.185458924941486e-11,2490,0.0003,-3.888169042060949e-11,0.0695542583356746,0.0043989806436002254,0.2
41123840,299,137524,251,980.04987,450.0,0.0,0.0,0.9540300406515598,-1.1850659120682394e-10,2500,0.0003,-3.3700322966228584e-11,0.048559308601920745,0.0026107262820005417,0.2
41287680,299,138085,252,916.4364,450.0,0.0,0.0,0.9421408176422119,1.495209289714694e-11,2510,0.0003,-2.8634956916831207e-11,0.0596056823840081,0.0430007129907608,0.2
41451520,299,138633,253,961.26953,450.0,0.0,0.0,0.9557435400784016,9.222276275977493e-11,2520,0.0003,-2.582965580850689e-11,0.04335487694644144,0.051872819662094116,0.2
41615360,298,139184,254,869.06036,450.0,0.0,0.0,0.9459600485861301,1.434852947568288e-10,2530,0.0003,-2.8363257933460412e-11,0.05502376311460466,0.06997638195753098,0.2
41779200,298,139740,255,954.61334,450.0,0.0,0.0,0.9559485539793968,-8.71980887495738e-11,2540,0.0003,-2.9192627235048375e-11,0.04447113955415261,0.009933553636074066,0.2
41943040,298,140300,256,977.45685,450.0,0.0,0.0,0.9448020532727242,1.1580141290323809e-11,2550,0.0003,-3.6918656620690004e-11,0.0584005880143377,0.004140235483646393,0.2
42106880,298,140856,257,913.8434,450.0,0.0,0.0,0.9400823302567005,-1.1670749699987936e-10,2560,0.0003,-3.5058484153384596e-11,0.0643152254503093,0.013579060323536396,0.2
42270720,298,141409,258,873.2439,450.0,0.0,0.0,0.9534453079104424,9.472159945289604e-11,2570,0.0003,-3.0168830681977516e-11,0.04661721688302805,0.0026285939384251833,0.2
42434560,298,141971,259,916.4319,450.0,0.0,0.0,0.9432473927736282,9.23057541513117e-11,2580,0.0003,-3.3554850334560816e-11,0.05937198130151956,0.026521218940615654,0.2
42598400,298,142524,260,757.979,450.0,0.0,0.0,0.949619997292757,-3.379898316779872e-10,2590,0.0003,-3.087173385203452e-11,0.052224288177644664,0.07350488007068634,0.2
42762240,298,143085,261,1026.5602,450.0,0.0,0.0,0.9504319801926613,-6.418758857762441e-12,2600,0.0003,-2.500418686222334e-11,0.04905339616003403,0.022204097360372543,0.2
42926080,298,143657,262,1002.8055,450.0,0.0,0.0,0.9474197924137115,-1.506123226135969e-10,2610,0.0003,-3.736624759010489e-11,0.05578992116970767,0.023689310997724533,0.2
43089920,298,144208,263,870.7433,450.0,0.0,0.0,0.9444740451872349,-1.6426270121883134e-10,2620,0.0003,-3.3582212703903e-11,0.05891713334651286,0.03104323521256447,0.2
43253760,298,144752,264,1025.71,450.0,0.0,0.0,0.9546081013977528,-1.2695409168372862e-11,2630,0.0003,-3.314407235447942e-11,0.04548068315884848,0.02167666144669056,0.2
43417600,298,145299,265,954.6203,450.0,0.0,0.0,0.9415336959064007,-1.2158920981164556e-10,2640,0.0003,-3.308767964738097e-11,0.062482735335406686,0.1583670973777771,0.2
43581440,298,145843,266,778.3658,450.0,0.0,0.0,0.9392544440925121,1.0335838851460721e-10,2650,0.0003,-3.4531476932554144e-11,0.06412013278697487,0.042611975222826004,0.2
43745280,298,146394,267,822.5437,450.0,0.0,0.0,0.9603719040751457,2.231706730526639e-10,2660,0.0003,-2.6295425538058084e-11,0.03783583942444238,0.011104273609817028,0.2
43909120,298,146947,268,954.7407,450.0,0.0,0.0,0.9450738057494164,4.782236828759778e-11,2670,0.0003,-3.070612094897479e-11,0.054890218005402856,0.0024027759209275246,0.2
44072960,298,147495,269,961.3925,450.0,0.0,0.0,0.9509627111256123,-7.140329216781539e-11,2680,0.0003,-3.526971581390448e-11,0.050742921915566515,0.029597807675600052,0.2
44236800,298,148040,270,1029.0742,450.0,0.0,0.0,0.9441580288112164,2.7253008738625795e-11,2690,0.0003,-2.9406660567464754e-11,0.05641090075127067,0.005773820914328098,0.2
44400640,298,148590,271,1113.894,450.0,0.0,0.0,0.9528291150927544,4.833282218896784e-11,2700,0.0003,-3.544296147119257e-11,0.04891026979657454,0.051279835402965546,0.2
44564480,298,149147,272,1069.023,450.0,0.0,0.0,0.9353132322430611,1.2981672625755892e-10,2710,0.0003,-3.398331855360788e-11,0.06950276889621819,0.012263129465281963,0.2
44728320,298,149698,273,1047.001,450.0,0.0,0.0,0.9525464028120041,2.333104021090548e-10,2720,0.0003,-3.233200302126882e-11,0.0498184548371637,0.04154283180832863,0.2
44892160,298,150252,274,957.205,450.0,0.0,0.0,0.9472504481673241,1.1344809536240063e-10,2730,0.0003,-3.1647190896794564e-11,0.0559579082120581,0.16667555272579193,0.2
45056000,298,150802,275,870.78235,450.0,0.0,0.0,0.9417020790278912,-1.0574126463325229e-10,2740,0.0003,-3.179411103184058e-11,0.05937338642406757,0.08085063099861145,0.2
45219840,298,151345,276,978.46094,450.0,0.0,0.0,0.9523041248321533,5.4652673497912476e-11,2750,0.0003,-3.0955878688002124e-11,0.04807560606361676,0.008519763126969337,0.2
45383680,298,151882,277,1026.6064,450.0,0.0,0.0,0.9442091435194016,5.2159521146677436e-11,2760,0.0003,-3.220062730413833e-11,0.06088728016285131,0.007847416214644909,0.2
45547520,298,152424,278,961.3544,450.0,0.0,0.0,0.9478038884699345,3.49075435224222e-12,2770,0.0003,-3.7744261315324126e-11,0.05501219234934979,0.010065557435154915,0.2
45711360,298,152970,279,1027.3743,450.0,0.0,0.0,0.9393735602498055,6.90761225996539e-11,2780,0.0003,-3.190563708656134e-11,0.06267247426236282,0.08088710904121399,0.2
45875200,298,153510,280,910.56396,450.0,0.0,0.0,0.9571053981781006,2.7049168238590937e-10,2790,0.0003,-3.109301081680854e-11,0.04265985599540727,0.03413962945342064,0.2
46039040,298,154054,281,960.5784,450.0,0.0,0.0,0.9412526302039623,-7.24810433894163e-11,2800,0.0003,-3.256867654148254e-11,0.0618663057458798,0.05050670728087425,0.2
46202880,298,154602,282,1068.1577,450.0,0.0,0.0,0.9505809023976326,6.685809239570517e-11,2810,0.0003,-3.0128898502714417e-11,0.048998016090354216,0.029550490900874138,0.2
46366720,298,155141,283,821.7157,450.0,0.0,0.0,0.9459732212126255,-3.645880042313365e-11,2820,0.0003,-3.369116879167292e-11,0.05706466521372931,0.053699906915426254,0.2
46530560,298,155685,284,865.6372,450.0,0.0,0.0,0.9524438716471195,-1.545629402244231e-11,2830,0.0003,-3.2470589727212555e-11,0.048229411741590414,0.003926675766706467,0.2
46694400,298,156226,285,978.4155,450.0,0.0,0.0,0.9482807442545891,-1.9552089725038967e-10,2840,0.0003,-2.313839140547623e-11,0.05111753844707437,0.05635133758187294,0.2
46858240,298,156768,286,935.0433,450.0,0.0,0.0,0.9397479332983494,-2.271798393849167e-10,2850,0.0003,-3.652258872686076e-11,0.0656837978033127,0.005551337264478207,0.2
47022080,298,157315,287,1028.2626,450.0,0.0,0.0,0.9532530009746552,4.0627128328196706e-11,2860,0.0003,-2.939680812224026e-11,0.04653748749466104,0.005072754807770252,0.2
47185920,298,157865,288,911.46173,450.0,0.0,0.0,0.9454397968947887,1.1441443348303437e-11,2870,0.0003,-2.9869834285306074e-11,0.055663681537134836,0.008366577327251434,0.2
47349760,298,158403,289,909.83167,450.0,0.0,0.0,0.9564007483422756,-7.924541023385245e-11,2880,0.0003,-3.084789615653897e-11,0.04486871389652606,0.005614527966827154,0.2
47513600,298,158941,290,1088.4961,450.0,0.0,0.0,0.9392675198614597,-1.6265744307020213e-10,2890,0.0003,-3.246154578325884e-11,0.06420023327610579,0.02149771898984909,0.2
47677440,298,159479,291,955.5111,450.0,0.0,0.0,0.9505549035966396,-8.199435796996113e-11,2900,0.0003,-3.547375847296013e-11,0.05337837857970498,0.005098674912005663,0.2
47841280,298,160031,292,867.4226,450.0,0.0,0.0,0.9436934813857079,-1.3023736755712888e-10,2910,0.0003,-2.7201475587578157e-11,0.057591397606393,0.004607493057847023,0.2
48005120,298,160582,293,958.117,450.0,0.0,0.0,0.9592215083539486,6.102595762058626e-11,2920,0.0003,-2.564861934725099e-11,0.03936836343974392,0.026472007855772972,0.2
48168960,298,161132,294,1045.4048,450.0,0.0,0.0,0.9416062869131565,7.515950528613757e-11,2930,0.0003,-3.483904790679954e-11,0.06329127406525913,0.05151459202170372,0.2
48332800,298,161669,295,916.4778,450.0,0.0,0.0,0.9356094971299171,1.3596945791505278e-12,2940,0.0003,-3.685993333907983e-11,0.07084974446873275,0.07320612668991089,0.2
48496640,298,162210,296,851.1369,450.0,0.0,0.0,0.953155979514122,-5.7696070143720135e-12,2950,0.0003,-2.925726874020206e-11,0.04736990366166083,0.01775149069726467,0.2
48660480,298,162763,297,912.27716,450.0,0.0,0.0,0.9456792101264,-2.4027599465625824e-10,2960,0.0003,-3.026040652339277e-11,0.05318265025343862,0.0452568456530571,0.2
48824320,298,163310,298,871.6493,450.0,0.0,0.0,0.9564497210085392,-1.3692670108866879e-10,2970,0.0003,-2.9086961622913634e-11,0.04380856613253854,0.022437207400798798,0.2
48988160,298,163856,299,1001.2639,450.0,0.0,0.0,0.9429153352975845,-1.2570922081067692e-10,2980,0.0003,-2.8044112227910644e-11,0.0605653024379626,0.043992094695568085,0.2
49152000,298,164404,300,939.32623,450.0,0.0,0.0,0.9555509611964226,-8.093365977401845e-11,2990,0.0003,-2.7596462605707795e-11,0.04532887116675738,0.00645068846642971,0.2
49315840,298,164956,301,984.2059,450.0,0.0,0.0,0.9419261664152145,1.5292243915610014e-10,3000,0.0003,-3.2227301619746185e-11,0.061478573734257226,0.02144045941531658,0.2
49479680,298,165501,302,1138.3373,450.0,0.0,0.0,0.9567469656467438,-5.303604666551109e-11,3010,0.0003,-3.077797436756288e-11,0.04340756915399652,0.0028421643655747175,0.2
49643520,298,166042,303,961.3995,450.0,0.0,0.0,0.9357505142688751,-6.93228230375098e-11,3020,0.0003,-3.236040492403654e-11,0.06734973364383222,0.05960197001695633,0.2
49807360,298,166592,304,957.0704,450.0,0.0,0.0,0.9537524357438087,-8.280608199129347e-11,3030,0.0003,-3.0322846409642625e-11,0.04691883913882066,0.04679204896092415,0.2
49971200,298,167141,305,1047.7306,450.0,0.0,0.0,0.9466167576611042,5.7054307944781615e-11,3040,0.0003,-3.085311161293067e-11,0.0543212035291117,0.004114684648811817,0.2
50135040,298,167686,306,979.96594,450.0,0.0,0.0,0.9447712115943432,-9.684640644991305e-11,3050,0.0003,-2.95821133225454e-11,0.05908046761566766,0.08918055891990662,0.2
