rollout/ep_rew_mean,time/time_elapsed,time/fps,rollout/ep_len_mean,time/total_timesteps,time/iterations,train/explained_variance,train/clip_fraction,train/learning_rate,train/n_updates,train/clip_range,train/loss,train/policy_gradient_loss,train/value_loss,train/entropy_loss,train/approx_kl
709.6701,18,6678,448.62,122880,1,,,,,,,,,,
736.0438,143,1710,443.32,245760,2,-0.05434000492095947,0.06887125651041667,0.0003,10,0.2,0.013222169131040573,-0.005981404826349414,0.26776673720868227,-4.270577845474084,0.008133831
739.07635,267,1378,446.7,368640,3,0.6353630721569061,0.08732828776041666,0.0003,20,0.2,0.009582377970218658,-0.009038561484157982,0.04938419122161577,-4.262151669760545,0.009238591
724.6002,391,1255,436.54,491520,4,0.6402832567691803,0.110078125,0.0003,30,0.2,0.04995926842093468,-0.009700136219598789,0.07742404117898938,-4.250815160771211,0.010367773
756.1193,514,1193,450.0,614400,5,0.7371379733085632,0.12855875651041668,0.0003,40,0.2,-0.006461266428232193,-0.010903117012779451,0.07750009106869887,-4.236890848030646,0.011749182
785.7869,635,1160,450.0,737280,6,0.6903212666511536,0.1420361328125,0.0003,50,0.2,0.03382260352373123,-0.011084722640219601,0.08125835673786544,-4.223454063634078,0.012689231
834.27545,759,1133,437.54,860160,7,0.718681812286377,0.15063720703125,0.0003,60,0.2,0.012013722211122513,-0.011372272229794665,0.08428579447383527,-4.213008854836225,0.012980131
848.1933,882,1113,444.86,983040,8,0.7003043591976166,0.15815266927083332,0.0003,70,0.2,0.01726619340479374,-0.011082540034609943,0.0891672164859483,-4.201484652161598,0.013458675
908.531,1006,1098,439.6,1105920,9,0.6730331778526306,0.16480712890625,0.0003,80,0.2,0.06723186373710632,-0.01098144330814345,0.10697868456928215,-4.187256731962164,0.014390537
941.25006,1128,1088,441.62,1228800,10,0.6813836395740509,0.16905110677083332,0.0003,90,0.2,0.012651026248931885,-0.011098658873255165,0.11149984624479355,-4.172912155340115,0.014647981
989.7975,1252,1079,449.22,1351680,11,0.7128445208072662,0.1775,0.0003,100,0.2,0.004351582378149033,-0.010785732730103822,0.11054939786030445,-4.154836241652569,0.015255145
1019.32306,1373,1073,444.08,1474560,12,0.6948810517787933,0.18476725260416665,0.0003,110,0.2,0.06380438059568405,-0.011478975237408425,0.11485428901854902,-4.13483626678586,0.01611911
1062.005,1494,1068,444.02,1597440,13,0.663502961397171,0.18571126302083332,0.0003,120,0.2,0.025877749547362328,-0.01088660242883634,0.12099845766827154,-4.1248267297695085,0.016160991
1055.9756,1619,1062,447.86,1720320,14,0.6532129049301147,0.19512044270833334,0.0003,130,0.2,0.01820426806807518,-0.010928597502518945,0.1263486725281109,-4.111073811277747,0.016939346
1064.9413,1744,1056,432.38,1843200,15,0.656670480966568,0.19743408203125,0.0003,140,0.2,0.03622860461473465,-0.010569503400844648,0.1367141449654203,-4.092705997551481,0.017212356
1107.1652,1868,1051,448.74,1966080,16,0.6697455048561096,0.20003580729166667,0.0003,150,0.2,0.04211588203907013,-0.0096879510182589,0.12199370729950412,-4.081522917337716,0.017727662
1124.776,1991,1049,439.3,2088960,17,0.7227489054203033,0.20612223307291666,0.0003,160,0.2,0.009558457881212234,-0.010142716797593796,0.12517357069581825,-4.066366258313258,0.018523397
1130.7205,2112,1046,438.08,2211840,18,0.7748049348592758,0.20623128255208334,0.0003,170,0.2,0.05058252811431885,-0.009723287704746326,0.12191296680549082,-4.048455251629154,0.018238012
1200.2692,2234,1044,443.82,2334720,19,0.8213801681995392,0.21508056640625,0.0003,180,0.2,0.0017780587077140808,-0.009516252210833045,0.10439029806458469,-4.015036141624053,0.018723525
1220.4272,2359,1041,448.58,2457600,20,0.7794789522886276,0.21075113932291667,0.0003,190,0.2,0.09595194458961487,-0.009055021507277465,0.10552024741055599,-4.010863199320932,0.01854765
1237.552,2484,1038,445.94,2580480,21,0.7934410870075226,0.21574869791666668,0.0003,200,0.2,0.029028629884123802,-0.009690900969289942,0.10699025502292595,-3.9979199251160025,0.019722756
1155.1505,2609,1035,430.38,2703360,22,0.7921241819858551,0.220302734375,0.0003,210,0.2,0.032842449843883514,-0.008442170245167897,0.11465429553412833,-3.9804235568021733,0.01972115
1218.1965,2735,1033,436.88,2826240,23,0.8215465396642685,0.2184228515625,0.0003,220,0.2,0.01713613048195839,-0.00869036420914199,0.10215615996518561,-3.9667120544239878,0.019807896
1249.8623,2860,1031,442.32,2949120,24,0.8317862004041672,0.22171712239583333,0.0003,230,0.2,0.08241304755210876,-0.009064032839147937,0.10097317483770894,-3.956867887961368,0.019905247
1287.9128,2985,1028,447.4,3072000,25,0.8043808937072754,0.22181722005208335,0.0003,240,0.2,0.02864992991089821,-0.008887477492698963,0.10205735251385098,-3.9620380280787746,0.020163937
1235.0487,3111,1026,436.22,3194880,26,0.8420401066541672,0.21900146484375,0.0003,250,0.2,0.02277127467095852,-0.008504504363493955,0.10612833110635013,-3.9470066434765854,0.020066766
1254.2802,3233,1026,432.96,3317760,27,0.8442406505346298,0.22910725911458332,0.0003,260,0.2,0.05329148471355438,-0.00842876986798122,0.10151083197735716,-3.920747608381013,0.021025406
1260.6118,3358,1024,442.26,3440640,28,0.868354007601738,0.227734375,0.0003,270,0.2,-0.005982834845781326,-0.008086061809365977,0.1129203383709925,-3.9131718541185063,0.020986285
1235.1981,3484,1022,426.7,3563520,29,0.8557250946760178,0.22918619791666667,0.0003,280,0.2,0.04761776328086853,-0.009046323546320612,0.09031969712969537,-3.9057453255727888,0.020962756
1332.1442,3610,1020,450.0,3686400,30,0.8451136648654938,0.22851969401041666,0.0003,290,0.2,0.00681709498167038,-0.008657219152404043,0.09539242927319719,-3.88904487632215,0.02100288
1298.7301,3736,1019,441.72,3809280,31,0.8569310456514359,0.23636474609375,0.0003,300,0.2,0.021924328058958054,-0.008808201105851671,0.09369414204392039,-3.886260564712187,0.021658964
1295.1735,3862,1017,442.68,3932160,32,0.8398210108280182,0.23576416015625,0.0003,310,0.2,0.0033410899341106415,-0.00910891778412406,0.09424863827366305,-3.8746734454855325,0.02217298
1258.5065,3988,1016,420.82,4055040,33,0.809025913476944,0.24135660807291667,0.0003,320,0.2,0.007028423249721527,-0.007774083524188124,0.11556200552324299,-3.8507552133873104,0.022431092
1266.3508,4114,1015,426.12,4177920,34,0.8479447364807129,0.23752360026041666,0.0003,330,0.2,0.03371162712574005,-0.007790872524989633,0.11104907177883433,-3.8345144738132757,0.0221981
1291.4087,4240,1014,432.78,4300800,35,0.8811522871255875,0.238623046875,0.0003,340,0.2,0.07987378537654877,-0.007724724105009954,0.09725261786516057,-3.8241291059429448,0.022258751
1248.9008,4363,1013,422.4,4423680,36,0.8787476643919945,0.24459147135416667,0.0003,350,0.2,0.16177308559417725,-0.008193931355775324,0.10808044887603804,-3.806906508890291,0.022892775
1307.8782,4487,1013,430.4,4546560,37,0.8523860424757004,0.24396891276041666,0.0003,360,0.2,0.01137956790626049,-0.008138880366165419,0.1053110103152964,-3.796192746683955,0.022411764
1316.9358,4613,1012,435.96,4669440,38,0.8597927242517471,0.24585123697916667,0.0003,370,0.2,0.05536101013422012,-0.008314715185882353,0.1034552223647673,-3.794235529427727,0.023532268
1360.6034,4746,1009,444.04,4792320,39,0.8672240674495697,0.25054036458333334,0.0003,380,0.2,-0.0018047448247671127,-0.00828200131549238,0.11007601060865757,-3.7825488359232744,0.024159256
1341.3022,4872,1008,433.38,4915200,40,0.8579174429178238,0.2535758463541667,0.0003,390,0.2,0.05507870763540268,-0.00845406079559325,0.11503406407330961,-3.7686045994609594,0.024398068
1384.6929,4998,1008,442.88,5038080,41,0.8674481213092804,0.24828043619791668,0.0003,400,0.2,0.048917438834905624,-0.008055490446683205,0.10788124738222299,-3.765505770581464,0.02330252
1360.7948,5123,1007,437.32,5160960,42,0.8209815472364426,0.24594319661458333,0.0003,410,0.2,0.005210168659687042,-0.007851429730380914,0.10645536254829495,-3.7485521938900153,0.023294227
1293.7188,5249,1006,417.98,5283840,43,0.8245088905096054,0.25018961588541666,0.0003,420,0.2,0.01941569522023201,-0.008438416620944432,0.10870577276558227,-3.743459414554139,0.023909498
1392.9591,5372,1006,436.14,5406720,44,0.8718373328447342,0.24883544921875,0.0003,430,0.2,0.01581689529120922,-0.007736231660977258,0.11517493945585254,-3.716945683211088,0.02374204
1385.1661,5495,1006,440.1,5529600,45,0.8408583849668503,0.24859293619791667,0.0003,440,0.2,0.031882353127002716,-0.007617941381195124,0.10791671121585145,-3.7282288595164816,0.023871256
1395.2512,5618,1006,442.54,5652480,46,0.8329144716262817,0.25193196614583335,0.0003,450,0.2,0.017727041617035866,-0.008300295087616785,0.10386664303242772,-3.719190487874051,0.024539983
1403.7783,5744,1005,445.52,5775360,47,0.802724301815033,0.251533203125,0.0003,460,0.2,0.03136252239346504,-0.0074889566966703566,0.11806294512236491,-3.6919476017728448,0.024715027
1397.6846,5870,1004,437.3,5898240,48,0.8081588447093964,0.25666015625,0.0003,470,0.2,0.04486050456762314,-0.008173369856685896,0.11141314485750627,-3.680408978052437,0.025125412
1369.1703,5995,1004,428.84,6021120,49,0.7880847305059433,0.25225504557291667,0.0003,480,0.2,0.029972383752465248,-0.007678547023539674,0.11833946310556105,-3.6697745172306897,0.02479014
1381.3662,6121,1003,429.4,6144000,50,0.7955542057752609,0.25769612630208333,0.0003,490,0.2,0.08622688055038452,-0.007628088354419257,0.12540103318518958,-3.6667189886793494,0.025287831
1344.615,6247,1003,418.78,6266880,51,0.8288228511810303,0.25462158203125,0.0003,500,0.2,0.06257033348083496,-0.007991263971810743,0.11431209021383741,-3.6800912583371,0.024916837
1360.5624,6370,1003,420.02,6389760,52,0.850367933511734,0.25647705078125,0.0003,510,0.2,0.04606281965970993,-0.007756778194210104,0.11425729224196403,-3.667031955954929,0.025416791
1430.1742,6524,998,440.24,6512640,53,0.8654642105102539,0.2621435546875,0.0003,520,0.2,0.007107719779014587,-0.00818264690894163,0.11997035763032424,-3.6547767568255463,0.025867669
1444.9298,6650,997,444.9,6635520,54,0.8215367048978806,0.25739095052083333,0.0003,530,0.2,0.016346735879778862,-0.00800598285275555,0.11509022083705835,-3.6591232749198874,0.024874466
1412.2733,6774,997,435.32,6758400,55,0.7730948179960251,0.2560595703125,0.0003,540,0.2,0.014023544266819954,-0.007406657755788425,0.1134207405326985,-3.662175315221151,0.025082063
1445.5615,6904,996,449.4,6881280,56,0.7681777477264404,0.25822265625,0.0003,550,0.2,0.048538938164711,-0.007227282157709851,0.11781686924756893,-3.627366462362309,0.025651908
1433.5609,7031,996,448.2,7004160,57,0.808199867606163,0.2599593098958333,0.0003,560,0.2,0.060021139681339264,-0.007932347262030816,0.11657486821927401,-3.631166605912149,0.025734894
1341.4092,7158,995,414.88,7127040,58,0.7643164694309235,0.26064371744791665,0.0003,570,0.2,0.0745106190443039,-0.008202932051866204,0.10919788172119298,-3.622556803462406,0.026392154
1284.8912,7284,995,401.96,7249920,59,0.8219191431999207,0.26279052734375,0.0003,580,0.2,0.020283527672290802,-0.007935339847729967,0.147281385018238,-3.6089445883780717,0.026086377
1375.4163,7411,994,425.94,7372800,60,0.8752231076359749,0.25853759765625,0.0003,590,0.2,0.03214830905199051,-0.007259228391327876,0.13456434022586716,-3.597668392856916,0.025754238
1386.6411,7534,994,433.22,7495680,61,0.861980676651001,0.25763102213541667,0.0003,600,0.2,0.03298433870077133,-0.007832878401256191,0.12545575254878108,-3.593662073127925,0.025815362
1295.919,7660,994,412.54,7618560,62,0.8488763123750687,0.25929931640625,0.0003,610,0.2,0.03348840773105621,-0.007518835785576812,0.1314582904218696,-3.5689741441731653,0.025952868
1360.2423,7787,994,426.8,7741440,63,0.8748449832201004,0.25697509765625,0.0003,620,0.2,0.024119842797517776,-0.007919110307696731,0.1198682156536961,-3.566903359144926,0.025885044
1382.7312,7913,993,425.5,7864320,64,0.8637942671775818,0.2588346354166667,0.0003,630,0.2,0.0029330402612686157,-0.008431200844230867,0.11360817634316239,-3.567962005523344,0.025636278
1385.005,8039,993,426.94,7987200,65,0.8679942935705185,0.25419189453125,0.0003,640,0.2,0.027646880596876144,-0.007605823109503642,0.1304934678755429,-3.5499949517473577,0.025335444
1338.6313,8166,993,409.28,8110080,66,0.8520451188087463,0.25994140625,0.0003,650,0.2,0.05525677278637886,-0.007268378503055525,0.13909971787972608,-3.54728470561405,0.026259184
1371.8053,8293,992,424.68,8232960,67,0.8014049977064133,0.25964762369791666,0.0003,660,0.2,0.04451535642147064,-0.006920503501366208,0.16412250408990076,-3.5339401636893553,0.026698874
1382.1401,8417,992,429.76,8355840,68,0.865236222743988,0.26086181640625,0.0003,670,0.2,0.009862147271633148,-0.007558879123189399,0.14465987820081258,-3.52714133999,0.02680062
1375.135,8544,992,416.6,8478720,69,0.8442331254482269,0.2601416015625,0.0003,680,0.2,0.06576433032751083,-0.007048555687130526,0.15637499518255937,-3.513929200048248,0.026835628
1429.4087,8670,991,438.58,8601600,70,0.864843875169754,0.26411783854166665,0.0003,690,0.2,0.03368769958615303,-0.007379967720177471,0.13342016645018398,-3.5054549533873796,0.026877372
1398.7599,8797,991,437.24,8724480,71,0.8156015574932098,0.26890625,0.0003,700,0.2,0.03589944913983345,-0.0071104564344689905,0.14538347775213575,-3.4829857707644503,0.028082749
1393.3278,8924,991,427.3,8847360,72,0.8074245154857635,0.2596435546875,0.0003,710,0.2,0.02918388694524765,-0.006826956401406885,0.14079357312565358,-3.479154712818563,0.026118284
1451.3414,9050,991,440.52,8970240,73,0.813238263130188,0.2615022786458333,0.0003,720,0.2,0.02628432959318161,-0.007642082386919356,0.12813492612205057,-3.4883226521189012,0.02671996
1456.5955,9176,990,444.02,9093120,74,0.8207682818174362,0.25865071614583335,0.0003,730,0.2,0.0182148776948452,-0.007425118260610665,0.1363603115279208,-3.4965776218101383,0.026697822
1399.6757,9330,987,425.4,9216000,75,0.7893291264772415,0.2627840169270833,0.0003,740,0.2,-0.0021955426782369614,-0.008151660619308434,0.12107397410543247,-3.51845321200788,0.027216766
1458.9634,9456,987,438.8,9338880,76,0.7924390584230423,0.2601627604166667,0.0003,750,0.2,-0.005343038588762283,-0.0069334062980487944,0.14080730219022372,-3.5072929485390585,0.026368432
1404.2751,9579,987,426.42,9461760,77,0.8050903677940369,0.25618570963541665,0.0003,760,0.2,0.03175853192806244,-0.006884298743837765,0.1300359690981956,-3.4954122424125673,0.025850166
1461.6963,9706,987,437.5,9584640,78,0.8463558107614517,0.25876057942708336,0.0003,770,0.2,0.024649199098348618,-0.006918213100313248,0.15227750051543504,-3.504638513935109,0.026410082
1388.0884,9832,987,415.64,9707520,79,0.8038379997014999,0.25207926432291666,0.0003,780,0.2,0.08890502154827118,-0.006461495261290414,0.13814624377555446,-3.4977832042550046,0.025715698
1464.187,9956,987,432.82,9830400,80,0.8530675917863846,0.26087890625,0.0003,790,0.2,0.02744414284825325,-0.007263882722788064,0.13724206646477494,-3.4741121132175126,0.027026355
1435.1812,10083,987,429.94,9953280,81,0.8469384610652924,0.25867024739583333,0.0003,800,0.2,0.05577453598380089,-0.0074678227457176645,0.1319800894765649,-3.4652690824121235,0.02649903
1410.1243,10209,986,424.48,10076160,82,0.8378275036811829,0.262216796875,0.0003,810,0.2,0.05745454877614975,-0.007572644055744604,0.14607477222656598,-3.456767241358757,0.026666718
1364.5916,10337,986,409.3,10199040,83,0.8262034207582474,0.2628279622395833,0.0003,820,0.2,0.016485024243593216,-0.007038300134336168,0.14747012419102248,-3.4242779231692353,0.027486768
1426.5569,10461,986,424.18,10321920,84,0.8516281247138977,0.2587589518229167,0.0003,830,0.2,0.026979956775903702,-0.007159869849256211,0.12880533587561027,-3.432267652886609,0.026789986
1392.9777,10588,986,413.56,10444800,85,0.8446177989244461,0.2626619466145833,0.0003,840,0.2,0.04523338004946709,-0.007583833849312213,0.12412091722382078,-3.4089619203656913,0.02783651
1437.7223,10712,986,429.12,10567680,86,0.846747025847435,0.2618310546875,0.0003,850,0.2,0.031032750383019447,-0.00702255179462251,0.14689167240217404,-3.408325943139692,0.026979951
1388.7378,10838,986,413.58,10690560,87,0.8108161687850952,0.25734619140625,0.0003,860,0.2,0.03366484493017197,-0.006910419398300291,0.11933268397910676,-3.397779151437183,0.026460212
1435.1366,10966,986,428.44,10813440,88,0.8665095120668411,0.2565966796875,0.0003,870,0.2,0.01657169498503208,-0.007203104967811669,0.1293604935579545,-3.402964724637568,0.02703651
1451.0854,11089,986,428.18,10936320,89,0.8554920554161072,0.25793050130208334,0.0003,880,0.2,0.001371081918478012,-0.006950439674310474,0.12411480160653203,-3.3841252566253144,0.026123771
1469.7544,11213,986,433.18,11059200,90,0.8507704436779022,0.2624853515625,0.0003,890,0.2,0.01421327143907547,-0.007345602595020561,0.13464298900100402,-3.3943653207520645,0.02786397
1449.3444,11347,985,430.12,11182080,91,0.8406335115432739,0.26111083984375,0.0003,900,0.2,0.026640743017196655,-0.006906393702247442,0.17094799450045683,-3.3678883485123516,0.027335424
1387.8916,11472,985,414.6,11304960,92,0.8456358462572098,0.2636490885416667,0.0003,910,0.2,0.054512832313776016,-0.007640719486492647,0.1426792619204692,-3.376594801818331,0.027183251
1417.6255,11598,985,417.2,11427840,93,0.8295086026191711,0.2628125,0.0003,920,0.2,0.16920331120491028,-0.006824651322100787,0.1505193276957531,-3.3404059432819486,0.027252184
1457.6592,11724,985,433.1,11550720,94,0.8466876894235611,0.2621354166666667,0.0003,930,0.2,0.07937600463628769,-0.006537679376833694,0.1497934896221462,-3.3393830087656777,0.027222844
1455.8717,11850,985,426.18,11673600,95,0.7763164043426514,0.26517415364583335,0.0003,940,0.2,-0.0003795679658651352,-0.007312193600828323,0.15306416405102938,-3.3426485958571237,0.027857464
1461.1747,11977,984,435.3,11796480,96,0.8356045484542847,0.2636637369791667,0.0003,950,0.2,0.019850654527544975,-0.007603882527067374,0.12656484632209564,-3.3614649764696756,0.028367793
1428.4307,12100,985,420.92,11919360,97,0.8127694576978683,0.2608870442708333,0.0003,960,0.2,0.04443135857582092,-0.0069226162687543065,0.1302144455415934,-3.356846664460997,0.027669813
1426.9526,12227,984,421.98,12042240,98,0.8158416450023651,0.2587003580729167,0.0003,970,0.2,0.08243489265441895,-0.006963443968315914,0.13092493973546274,-3.3541403984526794,0.027367124
1436.6697,12352,984,427.8,12165120,99,0.8276171982288361,0.26058349609375,0.0003,980,0.2,0.20879322290420532,-0.0073580365575253385,0.14263922137353802,-3.340456503815949,0.027254855
1469.5562,12477,984,431.04,12288000,100,0.8155763149261475,0.25972330729166665,0.0003,990,0.2,0.446758508682251,-0.006981712775116952,0.12731344741546005,-3.337447785809636,0.02692053
1436.7394,12604,984,424.46,12410880,101,0.8603699207305908,0.25825113932291666,0.0003,1000,0.2,0.027766771614551544,-0.0071037497686635715,0.12528431436240983,-3.3266618982578318,0.026824303
1462.798,12742,983,434.44,12533760,102,0.853701189160347,0.26127034505208335,0.0003,1010,0.2,-0.014131611213088036,-0.006426061783762028,0.13846195972776817,-3.297639874406159,0.027302584
1503.0464,12869,983,437.78,12656640,103,0.8043693900108337,0.2631201171875,0.0003,1020,0.2,0.05411145091056824,-0.006589712348589577,0.14507388617494144,-3.2973036026085416,0.028545046
1467.2601,12996,983,433.84,12779520,104,0.810772642493248,0.25835611979166667,0.0003,1030,0.2,0.08928609639406204,-0.006447099054251643,0.12725115172021711,-3.2885685071970028,0.02724367
1441.4581,13123,983,422.42,12902400,105,0.8433123081922531,0.2601416015625,0.0003,1040,0.2,-0.007951714098453522,-0.006464819289837275,0.11864881065121154,-3.2898994046946366,0.026930686
1402.9279,13247,983,415.54,13025280,106,0.8624401241540909,0.2644954427083333,0.0003,1050,0.2,0.02387470193207264,-0.0070912277713311295,0.11649400348105701,-3.27018347017467,0.027972681
1459.9371,13371,983,428.18,13148160,107,0.8270581215620041,0.2558439127604167,0.0003,1060,0.2,0.03296263515949249,-0.006523263045801286,0.11925129322975409,-3.2703595911711454,0.027166607
1418.077,13496,983,414.24,13271040,108,0.8240362256765366,0.2612451171875,0.0003,1070,0.2,0.032688796520233154,-0.0069624675309023585,0.12507572951901239,-3.2575752256438135,0.027898008
1430.7354,13624,983,418.0,13393920,109,0.8447529673576355,0.26172281901041666,0.0003,1080,0.2,0.0699278935790062,-0.006494140710844173,0.13717010515082317,-3.2801382801060877,0.028506571
1450.9966,13750,982,427.86,13516800,110,0.8540943711996078,0.2651700846354167,0.0003,1090,0.2,0.024804841727018356,-0.006902360418498574,0.13404631421639351,-3.256709454494218,0.028280383
1443.4153,13877,982,422.08,13639680,111,0.8200975209474564,0.26093994140625,0.0003,1100,0.2,0.024449367076158524,-0.006118143436530469,0.13172189814329613,-3.2381260329733292,0.02770869
1454.342,14004,982,431.68,13762560,112,0.8738269656896591,0.26632242838541664,0.0003,1110,0.2,0.10004594922065735,-0.006468070181059981,0.12620447258203057,-3.2131220723564424,0.02878021
1488.8423,14128,982,436.62,13885440,113,0.7944765537977219,0.26140787760416667,0.0003,1120,0.2,0.01193968951702118,-0.006665109784335072,0.12840629826290145,-3.208225425630808,0.028108282
1449.0942,14252,982,429.68,14008320,114,0.8185164034366608,0.26367919921875,0.0003,1130,0.2,0.050521090626716614,-0.006445031080353753,0.15246215759669818,-3.195110136071841,0.02843577
1467.419,14380,982,430.16,14131200,115,0.8428912907838821,0.26448404947916665,0.0003,1140,0.2,0.01803908869624138,-0.006499166218103104,0.11932786821348904,-3.2060462567210197,0.0288591
1445.8414,14514,982,421.44,14254080,116,0.8666562139987946,0.2651847330729167,0.0003,1150,0.2,0.03187406808137894,-0.006460287871080558,0.14138506142277038,-3.1601300488164026,0.02917141
1501.053,14642,981,433.12,14376960,117,0.850867748260498,0.26561116536458335,0.0003,1160,0.2,0.023538772016763687,-0.006229244863825443,0.14039330398178815,-3.173830968973537,0.029133972
1474.4625,14770,981,425.3,14499840,118,0.8257513493299484,0.2657958984375,0.0003,1170,0.2,0.037883829325437546,-0.006447039295508148,0.135704568142343,-3.161062747351825,0.028387366
1489.4489,14897,981,427.48,14622720,119,0.8334509581327438,0.26788248697916667,0.0003,1180,0.2,0.004372678697109222,-0.006389773060521596,0.15519502466418392,-3.1503978932028014,0.028756807
1431.7527,15025,981,421.78,14745600,120,0.8457123637199402,0.2677294921875,0.0003,1190,0.2,0.13339906930923462,-0.007001927931105456,0.14464643324157805,-3.1483008175094924,0.029567055
1517.182,15153,981,440.98,14868480,121,0.8365895301103592,0.2664949544270833,0.0003,1200,0.2,0.026748312637209892,-0.006159375348797767,0.15948482484954488,-3.1424372647330165,0.029402593
1435.2478,15278,981,416.64,14991360,122,0.8657229989767075,0.25971354166666666,0.0003,1210,0.2,0.010370537638664246,-0.006321541152926026,0.14530976614546187,-3.1467510232453546,0.028089277
1455.5874,15402,981,421.68,15114240,123,0.848047137260437,0.26317708333333334,0.0003,1220,0.2,0.11538450419902802,-0.006638595693132932,0.14782863082247785,-3.122403492157658,0.028544242
1475.3336,15530,981,425.08,15237120,124,0.8735270947217941,0.26003824869791664,0.0003,1230,0.2,0.043384991586208344,-0.006471393524974094,0.1347832037853853,-3.132044685098032,0.028586693
1516.2087,15657,981,434.58,15360000,125,0.8218575119972229,0.26024983723958334,0.0003,1240,0.2,0.013974462635815144,-0.00608425484006754,0.13892187398586733,-3.117919693676134,0.028058743
1482.2217,15781,981,422.8,15482880,126,0.8208916783332825,0.26129638671875,0.0003,1250,0.2,0.02530689164996147,-0.006729264234788085,0.1301868391033107,-3.1450791371862095,0.028570507
1485.8639,15905,981,427.2,15605760,127,0.8055432140827179,0.26483561197916666,0.0003,1260,0.2,0.06521435081958771,-0.0062439499081665415,0.16204754241373545,-3.135433835424483,0.029093243
1474.825,16032,981,423.0,15728640,128,0.7940643876791,0.2633186848958333,0.0003,1270,0.2,0.011681558564305305,-0.006918755754692635,0.14001265191686496,-3.1349153939137855,0.029207636
1437.0072,16160,980,418.14,15851520,129,0.8208196014165878,0.2589697265625,0.0003,1280,0.2,0.017203835770487785,-0.006392213511890077,0.1234580297274321,-3.115364959537983,0.028302241
1520.4905,16285,980,434.28,15974400,130,0.8405797183513641,0.25476155598958333,0.0003,1290,0.2,0.1006997674703598,-0.006411090869830029,0.12249099786470954,-3.1092396287371713,0.027409954
1455.333,16412,980,417.26,16097280,131,0.7993797659873962,0.26059895833333335,0.0003,1300,0.2,0.03214316442608833,-0.0065992347975558615,0.14983012268601062,-3.1058615639433267,0.029018011
1500.9298,16537,980,430.54,16220160,132,0.8478206247091293,0.26096028645833336,0.0003,1310,0.2,0.026287518441677094,-0.006969354617058343,0.15127568638408168,-3.1302102709934116,0.02890964
1499.8936,16662,980,432.9,16343040,133,0.8342634737491608,0.256884765625,0.0003,1320,0.2,0.021182183176279068,-0.0069081033793888,0.12752280346108213,-3.1319012768690784,0.027390096
1507.7975,16787,980,432.62,16465920,134,0.8380703777074814,0.25893717447916664,0.0003,1330,0.2,0.044286489486694336,-0.006607242297007663,0.12174265687470325,-3.1167575796693563,0.028146578
1570.1859,16917,980,447.02,16588800,135,0.8197766691446304,0.2523396809895833,0.0003,1340,0.2,0.006623752415180206,-0.006705359296441505,0.1163195847327006,-3.124653324286143,0.027657576
1488.5568,17041,980,427.42,16711680,136,0.8109647929668427,0.25450520833333334,0.0003,1350,0.2,0.012149512767791748,-0.0069637034238742975,0.1188743907972821,-3.1305980753401914,0.028039591
1503.9078,17166,980,430.24,16834560,137,0.8480639606714249,0.253974609375,0.0003,1360,0.2,0.011964503675699234,-0.006610340741796487,0.13944173626465878,-3.1085031431665024,0.0276665
1509.3453,17293,980,435.7,16957440,138,0.8259272277355194,0.25416666666666665,0.0003,1370,0.2,0.044969137758016586,-0.006947172016407421,0.14056160436031254,-3.1181003410493333,0.027877001
1417.5088,17430,979,401.36,17080320,139,0.8211270570755005,0.25652099609375,0.0003,1380,0.2,0.05580133572220802,-0.007346489079579139,0.1284196639956402,-3.127627397266527,0.028167535
1473.2993,17557,979,423.3,17203200,140,0.849638357758522,0.2565608723958333,0.0003,1390,0.2,0.010367907583713531,-0.006687364722141259,0.14350270926515804,-3.107843227436145,0.027980797
1499.2212,17685,979,425.84,17326080,141,0.839322879910469,0.25849283854166666,0.0003,1400,0.2,0.029010280966758728,-0.0067879092454859345,0.14267976553800205,-3.1046373996386927,0.02874476
1510.9976,17810,979,432.92,17448960,142,0.8502820730209351,0.25925537109375,0.0003,1410,0.2,0.05243294686079025,-0.0068461385067106065,0.14171649175036388,-3.092258538218836,0.028988946
1449.7214,17934,979,414.66,17571840,143,0.85445237159729,0.2557568359375,0.0003,1420,0.2,0.02607531100511551,-0.006607534058706127,0.14313212540087988,-3.086478520035744,0.027624672
1473.9343,18059,979,423.44,17694720,144,0.8521543592214584,0.2551350911458333,0.0003,1430,0.2,0.07249832898378372,-0.0065374252809245565,0.12876939364932088,-3.0832585341855885,0.028534502
1487.289,18183,979,427.38,17817600,145,0.8168218433856964,0.2537060546875,0.0003,1440,0.2,-0.005983240902423859,-0.006668808417346858,0.12167572710992923,-3.072746268150707,0.028152522
1501.9476,18308,979,426.38,17940480,146,0.8341283202171326,0.25597737630208334,0.0003,1450,0.2,0.030421722680330276,-0.0066129332775866105,0.15709270202108502,-3.0647519848123195,0.028793525
1497.2594,18432,979,425.44,18063360,147,0.8125395774841309,0.25602620442708335,0.0003,1460,0.2,0.010104738175868988,-0.005398442458172213,0.17941250164129693,-3.07309640708069,0.02883911
1559.94,18559,979,446.56,18186240,148,0.8402527868747711,0.25462890625,0.0003,1470,0.2,0.1821240782737732,-0.006794846889673257,0.15688198423090702,-3.0628118473291397,0.028915776
1435.4886,18683,979,411.9,18309120,149,0.8161003142595291,0.25517903645833334,0.0003,1480,0.2,0.05287547409534454,-0.005890424717896773,0.16050730343248384,-3.043706425254544,0.028162416
1520.6436,18811,979,437.52,18432000,150,0.8597733080387115,0.25078125,0.0003,1490,0.2,0.33690837025642395,-0.005624007733701243,0.1906368896343823,-3.043822900963326,0.027973702
1466.2134,18938,979,416.46,18554880,151,0.8383856266736984,0.25292236328125,0.0003,1500,0.2,0.04424215108156204,-0.00616456661978494,0.14643075403136513,-3.026464374313752,0.028246645
1501.9915,19063,979,427.7,18677760,152,0.8173613101243973,0.2538720703125,0.0003,1510,0.2,0.019509784877300262,-0.006204006604448296,0.1651112371235892,-3.0493414487938084,0.028474001
1398.0876,19188,979,396.74,18800640,153,0.8441085368394852,0.25358154296875,0.0003,1520,0.2,0.044585030525922775,-0.006854185627823123,0.1386385090407566,-3.0463684208318593,0.02879748
1528.835,19313,979,438.84,18923520,154,0.8716995269060135,0.25466796875,0.0003,1530,0.2,0.022600658237934113,-0.0068104368209272554,0.15276283913961378,-3.0535846285149457,0.028883832
1519.8995,19438,979,432.78,19046400,155,0.8059456646442413,0.25658935546875,0.0003,1540,0.2,0.005174577236175537,-0.0068976073073099544,0.13853765646771837,-3.035182805620134,0.029266957
1547.9894,19565,979,440.52,19169280,156,0.8252168893814087,0.25530843098958333,0.0003,1550,0.2,0.03150990605354309,-0.006715032089126301,0.14712816841027235,-3.0442113573476672,0.028922653
1514.3838,19690,979,428.82,19292160,157,0.8146231770515442,0.2502596028645833,0.0003,1560,0.2,0.03446248918771744,-0.006731916400034,0.13303602085031646,-3.040035743775467,0.028157918
1527.6106,19814,979,433.94,19415040,158,0.8524022102355957,0.2517268880208333,0.0003,1570,0.2,-0.0011381469666957855,-0.006822169206200972,0.11675575246859808,-3.0304158624634145,0.02800384
1480.0696,19943,979,416.62,19537920,159,0.8307556360960007,0.253564453125,0.0003,1580,0.2,0.040830980986356735,-0.006388897884814166,0.15186507026461185,-3.0407606151203312,0.028695215
1574.0669,20071,979,444.9,19660800,160,0.8564431071281433,0.24972574869791667,0.0003,1590,0.2,0.03328990936279297,-0.006698404841305698,0.12425470189579452,-3.017097874345879,0.027822403
1497.1288,20198,979,425.6,19783680,161,0.8081889152526855,0.2504541015625,0.0003,1600,0.2,0.12519197165966034,-0.007020730221659809,0.13022339887014822,-3.0275997406989337,0.02742376
1511.3679,20323,979,422.8,19906560,162,0.794101357460022,0.2532145182291667,0.0003,1610,0.2,0.13444653153419495,-0.006786454399461945,0.15684898462796507,-3.0129106787095465,0.029231159
1457.9408,20451,979,414.16,20029440,163,0.8326977491378784,0.25305338541666667,0.0003,1620,0.2,0.07070183008909225,-0.007547390602952267,0.13442333258038464,-3.028970071102182,0.028562162
1529.898,20575,979,435.36,20152320,164,0.8390613794326782,0.24684163411458335,0.0003,1630,0.2,0.04341377317905426,-0.0066561491595833406,0.13848811789493387,-3.000424696281552,0.028459108
1510.2635,20700,979,427.78,20275200,165,0.8465223014354706,0.24839925130208335,0.0003,1640,0.2,-0.0033674556761980057,-0.006441321972530811,0.13645649927222014,-3.0071865203479926,0.028660677
1541.7983,20827,979,435.38,20398080,166,0.8324762135744095,0.24996256510416667,0.0003,1650,0.2,-0.010615935549139977,-0.007262057049592841,0.15137395301853152,-3.0097956209257246,0.028292926
1487.6278,20983,977,419.42,20520960,167,0.8066771328449249,0.25167154947916665,0.0003,1660,0.2,0.058559395372867584,-0.0066758558727603185,0.14619724082081423,-3.0083205384761094,0.028607873
1482.5181,21110,977,414.56,20643840,168,0.8174550086259842,0.25168538411458335,0.0003,1670,0.2,0.010205399245023727,-0.0063734283361130415,0.1598966687018401,-2.985811870036026,0.028527375
1508.8917,21238,977,424.9,20766720,169,0.8385048806667328,0.2534025065104167,0.0003,1680,0.2,0.04882315546274185,-0.006754153113737023,0.1514798313532568,-2.9761286805197598,0.028988093
1502.8315,21366,977,420.36,20889600,170,0.8265957981348038,0.24776692708333334,0.0003,1690,0.2,0.029506511986255646,-0.006012710247487121,0.13733515188670328,-2.975380139661332,0.028573692
1437.3325,21491,977,403.36,21012480,171,0.8198693543672562,0.2500504557291667,0.0003,1700,0.2,0.01834923028945923,-0.006584516588251669,0.14630011065960086,-2.9898216312254466,0.028673105
1532.0875,21619,977,428.18,21135360,172,0.8209182173013687,0.24915608723958332,0.0003,1710,0.2,0.0003519318997859955,-0.0068070639376977245,0.1535100451981998,-2.9741088767101367,0.028327823
1562.371,21747,977,439.22,21258240,173,0.8265539556741714,0.2510498046875,0.0003,1720,0.2,0.06357666850090027,-0.006988516306070475,0.1349181591324062,-2.971581280529499,0.028696438
1574.7388,21875,977,443.24,21381120,174,0.8160112202167511,0.2438525390625,0.0003,1730,0.2,0.1049065887928009,-0.006279605945583171,0.13161965341050139,-2.973863814882934,0.027615964
1521.553,21999,977,427.96,21504000,175,0.7836477011442184,0.25058837890625,0.0003,1740,0.2,0.08588360995054245,-0.0067896768811200065,0.13541961522971785,-2.9728378696242967,0.028391715
1492.655,22124,977,420.16,21626880,176,0.8408391922712326,0.252080078125,0.0003,1750,0.2,0.052257515490055084,-0.006789519633730379,0.14896629260426078,-2.961818427083393,0.028131692
1504.9825,22270,976,424.52,21749760,177,0.8475457578897476,0.24853678385416667,0.0003,1760,0.2,0.07469795644283295,-0.00668929056733153,0.1566110233493479,-2.9719075732554,0.028309535
1552.6266,22426,975,434.0,21872640,178,0.8232395648956299,0.24643717447916666,0.0003,1770,0.2,-0.0005217734724283218,-0.007045013678646986,0.14609417189019344,-2.967982545023163,0.027703194
1514.6449,22554,975,426.7,21995520,179,0.7905829399824142,0.24999104817708334,0.0003,1780,0.2,0.06290952116250992,-0.0068205953830329236,0.13288897373509825,-2.9607064586132763,0.028221155
1547.9563,22679,975,433.68,22118400,180,0.78968945145607,0.2519637044270833,0.0003,1790,0.2,0.07515980303287506,-0.006771613664926311,0.14203024559508776,-2.9410244711736837,0.02929976
1535.6886,22818,974,431.46,22241280,181,0.822887733578682,0.24576009114583333,0.0003,1800,0.2,0.03330835700035095,-0.006458627217659038,0.11127858715097924,-2.9521554265047114,0.027551105
1571.2233,22944,974,440.42,22364160,182,0.8050289154052734,0.24974202473958335,0.0003,1810,0.2,0.013886988162994385,-0.0070508720700551445,0.11491115141121554,-2.9495403575897217,0.027972303
1544.5359,23068,974,432.32,22487040,183,0.8063260316848755,0.24827962239583334,0.0003,1820,0.2,0.04346765577793121,-0.0069494922534219464,0.13146961198687981,-2.944736860791842,0.028660353
1445.1184,23194,974,404.1,22609920,184,0.8076861947774887,0.24934814453125,0.0003,1830,0.2,0.07942171394824982,-0.006688923177540953,0.12428027391215438,-2.91214038134863,0.028579134
1517.9404,23325,974,422.92,22732800,185,0.828655943274498,0.24885335286458332,0.0003,1840,0.2,0.13348796963691711,-0.006391420717936853,0.12858525148534683,-2.929909879292051,0.028267251
1469.1655,23462,974,410.9,22855680,186,0.8551415950059891,0.24938232421875,0.0003,1850,0.2,0.04763337969779968,-0.006891112476672181,0.13436759635359824,-2.9229964869469405,0.02868581
1475.4087,23590,974,411.94,22978560,187,0.8808308467268944,0.24298909505208333,0.0003,1860,0.2,-0.016119591891765594,-0.006421299983762765,0.11766868567443453,-2.932402102512618,0.027132686
1465.9296,23718,973,409.92,23101440,188,0.8116380721330643,0.24923502604166667,0.0003,1870,0.2,-0.0005625151097774506,-0.006858260888554166,0.1410608473599617,-2.9334375710785388,0.028333014
1517.8497,23847,973,429.02,23224320,189,0.8578376621007919,0.24498372395833334,0.0003,1880,0.2,0.060280755162239075,-0.006448259443617038,0.13364634157604693,-2.928061332392196,0.02795022
1573.9928,23972,973,439.34,23347200,190,0.8190590143203735,0.24836751302083335,0.0003,1890,0.2,0.0847512036561966,-0.006218182139964484,0.13677085714201287,-2.913665043811003,0.028568363
1533.7025,24100,973,428.86,23470080,191,0.7999823987483978,0.248994140625,0.0003,1900,0.2,0.0888863056898117,-0.005744483512180523,0.15160241178217498,-2.9240967820957304,0.028742826
1469.9576,24228,973,411.42,23592960,192,0.8064890056848526,0.2461376953125,0.0003,1910,0.2,0.07671554386615753,-0.006058926978357704,0.14146905632563478,-2.905748784057796,0.027576584
1520.2465,24353,973,422.04,23715840,193,0.8322658091783524,0.24745930989583334,0.0003,1920,0.2,0.06497466564178467,-0.005867770919803661,0.137671418103176,-2.8962025367841124,0.028422529
1532.919,24493,973,430.62,23838720,194,0.8486351370811462,0.24611409505208334,0.0003,1930,0.2,0.06796221435070038,-0.006879585221498322,0.13742157822697967,-2.9060253983239335,0.028015923
1544.1097,24621,973,428.28,23961600,195,0.8037632405757904,0.2487109375,0.0003,1940,0.2,0.048086799681186676,-0.006369235493048108,0.16723170162993484,-2.9012900944426656,0.028330583
1499.096,24750,973,421.2,24084480,196,0.83517125248909,0.24757080078125,0.0003,1950,0.2,0.05469420552253723,-0.006555511436775608,0.14044656953881107,-2.8613134634370607,0.028624408
1481.3821,24879,972,418.06,24207360,197,0.8125505149364471,0.249560546875,0.0003,1960,0.2,0.017352022230625153,-0.006505783411145482,0.15041921123988383,-2.846832457284133,0.029446138
1524.727,25006,972,424.68,24330240,198,0.8403281718492508,0.24902262369791667,0.0003,1970,0.2,0.04902864247560501,-0.0059158674343173815,0.16711511200332704,-2.857725599333644,0.0285659
1520.5786,25134,972,423.14,24453120,199,0.823815792798996,0.24636800130208333,0.0003,1980,0.2,0.06015040725469589,-0.006172105543344818,0.11726780500660729,-2.882357681542635,0.027789483
1544.0648,25262,972,436.62,24576000,200,0.8306755423545837,0.2526326497395833,0.0003,1990,0.2,0.04469629377126694,-0.006375689377770565,0.1422847744593552,-2.869530448205769,0.028932644
1482.9108,25388,972,419.88,24698880,201,0.8718648850917816,0.25098225911458333,0.0003,2000,0.2,0.08282182365655899,-0.005698300979890216,0.14983867351528413,-2.8569432073955734,0.028941253
1542.799,25512,972,434.18,24821760,202,0.825601115822792,0.25473876953125,0.0003,2010,0.2,0.11395462602376938,-0.006149802977282282,0.18328068786572355,-2.8536031384641927,0.030631607
1535.1714,25640,972,432.62,24944640,203,0.7833271324634552,0.24853597005208333,0.0003,2020,0.2,0.036634661257267,-0.006126516249041742,0.1263231541450174,-2.8763084774588545,0.028669816
1510.9077,25768,972,419.24,25067520,204,0.8092335313558578,0.25208251953125,0.0003,2030,0.2,0.008334189653396606,-0.006031049623034051,0.14221165966436577,-2.873468832510213,0.029599506
1551.5055,25896,972,431.26,25190400,205,0.8150725215673447,0.24624348958333334,0.0003,2040,0.2,0.03912454843521118,-0.005958634841930082,0.13343747591764743,-2.9027184615905086,0.02934436
1540.9442,26022,972,434.28,25313280,206,0.731325775384903,0.25427978515625,0.0003,2050,0.2,0.05243740603327751,-0.0060411487426851335,0.15646298731066055,-2.8883232186983028,0.029568199
1494.1145,26150,972,418.98,25436160,207,0.7862238585948944,0.2539396158854167,0.0003,2060,0.2,0.023614000529050827,-0.005815867730598256,0.1593878581482568,-2.8787978218744197,0.029314244
1445.665,26277,972,411.58,25559040,208,0.8342923223972321,0.2493701171875,0.0003,2070,0.2,0.030613698065280914,-0.006629970859958121,0.1282056292904114,-2.8804946744317808,0.028548846
1532.3595,26405,972,427.56,25681920,209,0.8258816599845886,0.2522200520833333,0.0003,2080,0.2,0.06597566604614258,-0.006010391506636855,0.16024636009630436,-2.8613443424801033,0.028970877
1528.2172,26532,972,431.14,25804800,210,0.8217202872037888,0.251142578125,0.0003,2090,0.2,0.004663798958063126,-0.006636892178463919,0.11776675787725253,-2.864096798313161,0.028621469
1534.8827,26660,972,430.04,25927680,211,0.807195782661438,0.25135416666666666,0.0003,2100,0.2,0.038047097623348236,-0.005819138956539973,0.15940496252752687,-2.843022491633892,0.029562635
1522.6261,26788,972,427.2,26050560,212,0.8127016723155975,0.25014078776041665,0.0003,2110,0.2,0.06006626784801483,-0.005815896724064563,0.14345625408934817,-2.836601097409924,0.028838962
1528.1921,26916,972,425.6,26173440,213,0.7938132882118225,0.25122395833333333,0.0003,2120,0.2,0.06595930457115173,-0.006269915099552843,0.16582628945271913,-2.847937733021875,0.029206824
1559.6924,27043,972,436.82,26296320,214,0.821701243519783,0.2522737630208333,0.0003,2130,0.2,0.019005730748176575,-0.006936658815569293,0.17841611263157878,-2.8526318862785898,0.029342985
1559.8816,27171,972,437.92,26419200,215,0.8335622102022171,0.25074381510416666,0.0003,2140,0.2,0.06537696719169617,-0.00601643226405334,0.15522990556559912,-2.855557559405764,0.029871421
1591.5035,27297,972,442.2,26542080,216,0.7945940792560577,0.25310139973958334,0.0003,2150,0.2,0.03546144440770149,-0.006568688701166441,0.14081337112671463,-2.842363680352767,0.029419107
1514.083,27425,972,426.82,26664960,217,0.7876294255256653,0.25160807291666665,0.0003,2160,0.2,0.04514992609620094,-0.0059350258091156625,0.15856939158790434,-2.831566606151561,0.029140668
1523.235,27553,972,426.4,26787840,218,0.8392655551433563,0.2527620442708333,0.0003,2170,0.2,0.030941307544708252,-0.005826024624038837,0.13102360880371028,-2.808273830662171,0.029960541
1479.9419,27681,972,417.4,26910720,219,0.8407581895589828,0.2549055989583333,0.0003,2180,0.2,0.0350165031850338,-0.006394508553503328,0.16310685773389802,-2.8048194441075127,0.029660098
1558.7275,27808,972,440.5,27033600,220,0.8639115691184998,0.25403971354166666,0.0003,2190,0.2,0.0025219209492206573,-0.006101827991042228,0.1324433931162154,-2.7708818240091206,0.030031314
1407.9675,27936,972,396.64,27156480,221,0.8452852815389633,0.25335286458333334,0.0003,2200,0.2,0.042048461735248566,-0.0055707144217619015,0.15749551041798743,-2.772550194313129,0.029786734
1507.1293,28064,972,426.44,27279360,222,0.845331996679306,0.2555623372395833,0.0003,2210,0.2,0.03651753067970276,-0.0056419692303764655,0.17649338742679296,-2.758932826668024,0.030442981
1586.9352,28188,972,446.34,27402240,223,0.8440069109201431,0.2545418294270833,0.0003,2220,0.2,-0.009935308247804642,-0.005815704804478325,0.17564725623650398,-2.7626141791294017,0.030029269
1523.4636,28316,972,431.14,27525120,224,0.8326001018285751,0.257021484375,0.0003,2230,0.2,0.0923757404088974,-0.006230645388598835,0.1605538829167684,-2.788133939181765,0.030352559
1509.3501,28443,972,425.98,27648000,225,0.7942672520875931,0.2525333658854167,0.0003,2240,0.2,0.04689878225326538,-0.005868918676430137,0.17252583966221816,-2.778772067837417,0.030522536
1506.4012,28571,971,421.04,27770880,226,0.8558798283338547,0.25165364583333333,0.0003,2250,0.2,0.009322021156549454,-0.006046860063227844,0.15743623327677295,-2.7765675669908525,0.030143434
1490.2343,28698,971,419.76,27893760,227,0.8367068469524384,0.25452555338541666,0.0003,2260,0.2,0.06067698448896408,-0.006134069372837985,0.1724839672112527,-2.769325486284991,0.029240916
1512.434,28826,971,429.02,28016640,228,0.8326105028390884,0.25883544921875,0.0003,2270,0.2,-0.012931739911437035,-0.006387108843415869,0.19313311154187734,-2.786518448976179,0.031255957
1509.0278,28953,971,425.06,28139520,229,0.8291857540607452,0.25354166666666667,0.0003,2280,0.2,0.05006541684269905,-0.0053473884262893985,0.1901356989236471,-2.771014339538912,0.030571854
1507.6733,29080,971,422.66,28262400,230,0.795426994562149,0.2556070963541667,0.0003,2290,0.2,0.04776223003864288,-0.00585343194374218,0.1921939536150118,-2.774621915630996,0.031026784
1490.0786,29208,971,418.96,28385280,231,0.8502034246921539,0.24952311197916666,0.0003,2300,0.2,0.05679066851735115,-0.006142195678767166,0.16005651631605966,-2.769387993477285,0.030316139
1489.8019,29333,971,418.44,28508160,232,0.7892583161592484,0.24849039713541668,0.0003,2310,0.2,0.06252777576446533,-0.005139166126312678,0.17629616974455226,-2.7605591748779017,0.029215356
1458.471,29461,971,412.68,28631040,233,0.831026092171669,0.2560343424479167,0.0003,2320,0.2,0.045502789318561554,-0.005556267722143579,0.2042388949931289,-2.756695085763931,0.030304432
1438.8364,29589,971,405.0,28753920,234,0.799713984131813,0.25426839192708334,0.0003,2330,0.2,0.11003801971673965,-0.005634997198467317,0.20736699217134932,-2.7457880889003476,0.031047571
1541.0547,29717,971,430.06,28876800,235,0.843339130282402,0.24799641927083332,0.0003,2340,0.2,0.04059743881225586,-0.005709029031580334,0.20257120992930142,-2.769184027314186,0.030271571
1498.7996,29845,971,420.94,28999680,236,0.8294345885515213,0.24846435546875,0.0003,2350,0.2,0.08852244168519974,-0.006540602321389694,0.1455757046470535,-2.763049627294143,0.029770633
1546.4994,29973,971,433.42,29122560,237,0.8320730775594711,0.24688395182291667,0.0003,2360,0.2,0.05849913880228996,-0.006093259163098992,0.17556098921326338,-2.7811931115885575,0.028655533
1569.0519,30098,971,441.38,29245440,238,0.8088988810777664,0.24642822265625,0.0003,2370,0.2,0.05745179206132889,-0.005722559633498652,0.13197657550714212,-2.778193579999109,0.029696433
1362.3191,30225,971,381.74,29368320,239,0.7410638332366943,0.2498486328125,0.0003,2380,0.2,0.028202706947922707,-0.006300360572095087,0.13722013807224964,-2.7345167755459747,0.030175555
1530.0775,30353,971,431.04,29491200,240,0.7775971293449402,0.25305582682291666,0.0003,2390,0.2,-0.019260000437498093,-0.006089033299964891,0.18590542882254038,-2.73268777448684,0.03102243
1571.9137,30480,971,436.62,29614080,241,0.8210910558700562,0.25002685546875,0.0003,2400,0.2,-0.020200716331601143,-0.006281723590042626,0.14538190842722543,-2.744808776937425,0.030561099
1572.0342,30620,971,440.38,29736960,242,0.8318648934364319,0.24657063802083334,0.0003,2410,0.2,0.09236051887273788,-0.006190162311574265,0.12495704291553314,-2.7714423213899138,0.029641617
1532.7137,30748,971,427.02,29859840,243,0.8454279601573944,0.25464518229166666,0.0003,2420,0.2,0.06786006689071655,-0.006517790160475366,0.1457320022242493,-2.7420008681714534,0.03139205
1460.1273,30873,971,412.6,29982720,244,0.8304992020130157,0.25066975911458333,0.0003,2430,0.2,0.11995933204889297,-0.0058979171249120554,0.15675369488608945,-2.754437250941992,0.029379325
1523.6416,31003,971,424.22,30105600,245,0.82638780772686,0.24944498697916667,0.0003,2440,0.2,0.00820748507976532,-0.0061818223596431686,0.16847872846924777,-2.744009495700399,0.030451179
1479.9457,31128,971,413.38,30228480,246,0.817450076341629,0.24197428385416667,0.0003,2450,0.2,0.0481526255607605,-0.005358529703729195,0.14958313579001697,-2.7231370421995718,0.028710721
1466.6132,31253,971,414.38,30351360,247,0.8094366490840912,0.2505859375,0.0003,2460,0.2,0.03815729543566704,-0.00581170907484496,0.154535287777447,-2.71793783073624,0.030331163
1540.1614,31383,971,429.1,30474240,248,0.7958283573389053,0.24742513020833334,0.0003,2470,0.2,0.01913589984178543,-0.005641477105200465,0.16526728598352444,-2.6947720394904415,0.030363409
1581.909,31538,970,443.66,30597120,249,0.7834711819887161,0.24725341796875,0.0003,2480,0.2,0.05586336553096771,-0.005824347104614086,0.14741254385075686,-2.7195157826816043,0.030336825
1522.9747,31666,970,428.38,30720000,250,0.7976115792989731,0.2450048828125,0.0003,2490,0.2,0.0514182411134243,-0.005844918792906053,0.1440800282283453,-2.7142470111325383,0.029909449
1507.5004,31815,969,424.94,30842880,251,0.834346354007721,0.24290364583333332,0.0003,2500,0.2,0.011154690757393837,-0.005964967888888471,0.14286723131668017,-2.706632451675832,0.029283728
1498.6188,31944,969,424.5,30965760,252,0.8287204504013062,0.24684895833333334,0.0003,2510,0.2,0.0516764372587204,-0.0061148544623210906,0.160025030336595,-2.7221222107733287,0.030444706
1522.5625,32075,969,424.26,31088640,253,0.7924346476793289,0.24350911458333332,0.0003,2520,0.2,0.05233773961663246,-0.005977265372578889,0.1970684498094488,-2.6806407479941843,0.030105468
1583.234,32203,969,437.3,31211520,254,0.8321801275014877,0.24453369140625,0.0003,2530,0.2,0.09052921086549759,-0.006097978981573154,0.16881635086872848,-2.693050064096848,0.029664237
1475.914,32329,969,414.48,31334400,255,0.8290511220693588,0.24170247395833333,0.0003,2540,0.2,0.011975426226854324,-0.00592195619860225,0.15265749324636999,-2.6736994644751153,0.02908841
1491.5724,32457,969,414.36,31457280,256,0.8248265385627747,0.24544596354166667,0.0003,2550,0.2,0.07153350859880447,-0.006013253125101983,0.15684874914896985,-2.669295590892434,0.030396195
1500.3032,32584,969,417.9,31580160,257,0.8384030759334564,0.24726725260416665,0.0003,2560,0.2,0.01119202934205532,-0.006402585691830609,0.17881287913934404,-2.675842176154256,0.030513315
1522.3253,32713,969,423.82,31703040,258,0.8428989797830582,0.24760091145833332,0.0003,2570,0.2,0.023121565580368042,-0.005669707775941788,0.1713033091967615,-2.637685635263721,0.03057766
1440.2512,32841,969,403.96,31825920,259,0.8218889832496643,0.245986328125,0.0003,2580,0.2,0.03706924989819527,-0.006032154626200281,0.12561504659048903,-2.6720510072881978,0.030796034
1515.15,32969,969,420.12,31948800,260,0.8162641376256943,0.24544840494791667,0.0003,2590,0.2,0.1142510399222374,-0.005720405547526753,0.15692526058012543,-2.666530151553452,0.030397307
1414.3962,33094,969,398.56,32071680,261,0.8178130090236664,0.24712727864583334,0.0003,2600,0.2,0.22227239608764648,-0.005873084675992383,0.17398995967562467,-2.6580552595232922,0.030482607
1568.4191,33219,969,437.58,32194560,262,0.8379085659980774,0.24471842447916667,0.0003,2610,0.2,0.10748988389968872,-0.005105034778983585,0.15979426195990526,-2.648282411110898,0.029155023
1495.3103,33344,969,416.02,32317440,263,0.8428304195404053,0.24299886067708334,0.0003,2620,0.2,0.04344607889652252,-0.005889790901853,0.15927914176737734,-2.648874201066792,0.029902833
1480.9187,33472,969,412.24,32440320,264,0.8468859046697617,0.24241373697916666,0.0003,2630,0.2,-0.019521616399288177,-0.00622838331655051,0.13815505233214936,-2.665842480709155,0.029057639
1537.5596,33601,969,428.54,32563200,265,0.829205647110939,0.24581949869791667,0.0003,2640,0.2,0.17565158009529114,-0.005965061837317384,0.1567957741924814,-2.649328680286805,0.029734036
1460.7478,33726,969,406.48,32686080,266,0.8028253018856049,0.24650309244791666,0.0003,2650,0.2,0.11823390424251556,-0.0061947314791905225,0.1673062236031789,-2.6525429623077312,0.03070031
1529.6765,33853,969,423.78,32808960,267,0.8259490579366684,0.24006673177083335,0.0003,2660,0.2,0.06960908323526382,-0.005413586903875209,0.14864316107069803,-2.626045326155921,0.028585698
1477.9061,33981,969,412.82,32931840,268,0.7856584787368774,0.248232421875,0.0003,2670,0.2,0.07341316342353821,-0.005868106929719943,0.18477075988533517,-2.6163078147917984,0.030882088
1557.0914,34105,969,433.28,33054720,269,0.8159035891294479,0.249326171875,0.0003,2680,0.2,0.12965844571590424,-0.005559325373657581,0.17737277240278976,-2.602434330843389,0.030598115
1536.6133,34233,969,427.68,33177600,270,0.8486680239439011,0.2447021484375,0.0003,2690,0.2,0.08632276952266693,-0.005811619263777174,0.13957215210956445,-2.577736207973212,0.030421006
1531.1952,34362,969,424.36,33300480,271,0.805187538266182,0.24554280598958333,0.0003,2700,0.2,0.053400568664073944,-0.005849417988332183,0.17086354724422562,-2.5859493849178157,0.03039556
1586.0977,34489,969,443.88,33423360,272,0.843555212020874,0.24702880859375,0.0003,2710,0.2,-0.008505895733833313,-0.005416391391678796,0.15831426733270443,-2.589810810635487,0.02983425
1607.6368,34615,969,447.94,33546240,273,0.8082620948553085,0.24702229817708332,0.0003,2720,0.2,0.019104206934571266,-0.0056075374104693765,0.15830175463760193,-2.5604682406038046,0.030723969
1526.21,34742,969,430.34,33669120,274,0.788558840751648,0.251416015625,0.0003,2730,0.2,0.06107839569449425,-0.006170292919850908,0.14899759859355982,-2.5533212344907223,0.030541908
1552.4525,34867,969,433.66,33792000,275,0.8259446769952774,0.24763834635416668,0.0003,2740,0.2,0.03155204653739929,-0.006286776206989089,0.15723822407375943,-2.5627605251719556,0.030343214
1602.315,34992,969,447.36,33914880,276,0.832546204328537,0.24319091796875,0.0003,2750,0.2,-0.0011775679886341095,-0.005459875749420462,0.15420351719784472,-2.5756386572867633,0.029258244
1566.1256,35120,969,437.08,34037760,277,0.8144769221544266,0.24004150390625,0.0003,2760,0.2,0.041846100240945816,-0.0052058443404105975,0.15603446906713847,-2.566948674482604,0.029685741
1518.1842,35246,969,422.88,34160640,278,0.7510896921157837,0.24601318359375,0.0003,2770,0.2,0.08507006615400314,-0.00587363886835495,0.1537836365447341,-2.5765866429855424,0.031764634
1505.3579,35370,969,416.2,34283520,279,0.781995102763176,0.24544270833333334,0.0003,2780,0.2,0.041732534766197205,-0.0059630762896388965,0.17972201217140538,-2.5586120575666427,0.030882947
1559.0233,35496,969,435.06,34406400,280,0.8012177795171738,0.23694498697916666,0.0003,2790,0.2,0.06534622609615326,-0.00562327430372837,0.170614885322575,-2.5585050569226344,0.029951653
1572.7917,35621,969,431.52,34529280,281,0.8036135584115982,0.24178548177083334,0.0003,2800,0.2,0.042828187346458435,-0.0059897781997278795,0.16056326530636095,-2.54844414614141,0.029224722
1515.746,35749,969,419.3,34652160,282,0.8143460154533386,0.23967122395833335,0.0003,2810,0.2,0.1790432631969452,-0.0057547200473406215,0.15783214166702236,-2.5655715946604807,0.028629187
1481.6786,35877,969,415.44,34775040,283,0.8108264952898026,0.24470296223958332,0.0003,2820,0.2,0.15544123947620392,-0.005408705289713301,0.1715394332735256,-2.551433700757722,0.03047496
1418.647,36017,968,392.8,34897920,284,0.8143025189638138,0.24146728515625,0.0003,2830,0.2,0.06677502393722534,-0.005214933941967198,0.1557317921015783,-2.5596431702375413,0.029641064
1575.3263,36144,968,436.72,35020800,285,0.8162534832954407,0.24323079427083333,0.0003,2840,0.2,0.013673033565282822,-0.004972692774032718,0.18217373047218038,-2.558068573201696,0.030294128
