time/iterations,time/time_elapsed,time/total_timesteps,time/fps,rollout/ep_rew_mean,rollout/ep_len_mean,train/entropy_loss,train/value_loss,train/loss,train/approx_kl,train/learning_rate,train/policy_gradient_loss,train/explained_variance,train/clip_range,train/clip_fraction,train/n_updates
1,18,122880,6705,701.7506,445.86,,,,,,,,,,
2,143,245760,1712,718.0795,450.0,-4.270913020496567,0.3441956707945792,0.028819171711802483,0.008430064,0.0003,-0.005846852688385601,0.00951075553894043,0.2,0.06605061848958334,10
3,266,368640,1384,718.8482,450.0,-4.261491872494419,0.1078349760104902,-0.017467673867940903,0.009806574,0.0003,-0.009502005540549969,0.47466200590133667,0.2,0.09577473958333334,20
4,387,491520,1267,726.8681,442.9,-4.249849637250105,0.12138399685286762,0.036816105246543884,0.011116573,0.0003,-0.01069031174718475,0.5681546032428741,0.2,0.11697347005208333,30
5,509,614400,1205,760.149,442.76,-4.237441364973783,0.1464962071343325,0.0783284604549408,0.011853187,0.0003,-0.010626660556560334,0.5362131893634796,0.2,0.127822265625,40
6,632,737280,1165,749.9297,448.0,-4.224680879016717,0.16124236459475166,0.0334428995847702,0.01276796,0.0003,-0.011211282383762107,0.5586791336536407,0.2,0.14195638020833334,50
7,755,860160,1138,760.18085,442.74,-4.21126772629718,0.17681483710456328,0.050010256469249725,0.013273458,0.0003,-0.010842470497464092,0.48106032609939575,0.2,0.1512841796875,60
8,878,983040,1119,802.89557,450.0,-4.202272570257386,0.19358527318846125,0.10825598239898682,0.013898091,0.0003,-0.011215846785198665,0.5027521252632141,0.2,0.15925048828125,70
9,1001,1105920,1103,822.8811,445.64,-4.191333517879247,0.18504159608487195,0.04248887300491333,0.014519154,0.0003,-0.011240689301757811,0.5509157776832581,0.2,0.16726643880208333,80
10,1131,1228800,1085,810.4096,444.68,-4.179320037464301,0.17667990513204132,0.08496840298175812,0.0146088125,0.0003,-0.011506362384461682,0.5734361708164215,0.2,0.16901692708333332,90
11,1255,1351680,1076,813.6612,437.8,-4.171960469161471,0.17736358160366458,0.014266610145568848,0.015181732,0.0003,-0.011348621355379389,0.5096573531627655,0.2,0.17270345052083333,100
12,1382,1474560,1066,815.4138,435.12,-4.155997347558539,0.2069961662842737,0.020403418689966202,0.015801081,0.0003,-0.011343522364756305,0.5709726214408875,0.2,0.18166585286458334,110
13,1507,1597440,1059,886.3452,445.06,-4.142415503015121,0.18193251486110967,0.02722993865609169,0.016076837,0.0003,-0.011379616058608615,0.6068437695503235,0.2,0.18361083984375,120
14,1633,1720320,1053,878.4485,443.56,-4.129492969661951,0.1881666505439595,0.061759646981954575,0.016723655,0.0003,-0.011310857849154369,0.6027359068393707,0.2,0.1910693359375,130
15,1757,1843200,1048,909.3498,439.68,-4.116930764690042,0.18986177450725034,0.07323005050420761,0.016804034,0.0003,-0.010849048484251398,0.5770904123783112,0.2,0.19332194010416667,140
16,1880,1966080,1045,925.6571,439.3,-4.10605406905214,0.18730221570314218,0.00531364232301712,0.01699719,0.0003,-0.010803698476350595,0.6489349007606506,0.2,0.19654459635416666,150
17,2003,2088960,1042,923.7419,433.04,-4.101287688290079,0.197514821778362,0.08794942498207092,0.016946107,0.0003,-0.011023531446686927,0.6456573605537415,0.2,0.1943359375,160
18,2128,2211840,1039,989.6715,443.06,-4.081135535302262,0.20162423475839508,0.033449187874794006,0.017797802,0.0003,-0.010616005937905963,0.7069106101989746,0.2,0.1997509765625,170
19,2252,2334720,1036,980.8368,437.94,-4.0778433444226785,0.20158193008081676,0.03740321099758148,0.01798081,0.0003,-0.010992952677837214,0.609431117773056,0.2,0.20359700520833332,180
20,2377,2457600,1033,1032.6505,447.98,-4.067094918017586,0.2268941278551938,0.07204818725585938,0.018215172,0.0003,-0.010609667818874489,0.574004739522934,0.2,0.20526936848958333,190
21,2502,2580480,1031,1023.51556,450.0,-4.060001112235089,0.18204054972428518,0.10076408833265305,0.017780595,0.0003,-0.010416904205036796,0.6458633840084076,0.2,0.20133463541666666,200
22,2627,2703360,1029,1070.4741,450.0,-4.038698046381275,0.18504813711100723,0.004707105457782745,0.018995274,0.0003,-0.011056566715033113,0.5392753183841705,0.2,0.21042805989583332,210
23,2752,2826240,1026,1039.848,430.76,-4.031456567049027,0.18248754887570007,0.06599000841379166,0.018862605,0.0003,-0.01055136396564194,0.529179722070694,0.2,0.20903645833333334,220
24,2905,2949120,1014,1088.3525,443.4,-4.001565472967923,0.19459530278574674,0.08346229791641235,0.020095635,0.0003,-0.010170690212750438,0.631903350353241,0.2,0.218623046875,230
25,3030,3072000,1013,1075.3938,431.94,-3.9939435927942397,0.17153062560925417,0.03670120984315872,0.01964185,0.0003,-0.010083631600440034,0.6509120166301727,0.2,0.21637613932291666,240
26,3167,3194880,1008,1116.1,449.08,-3.977073270653685,0.18266754821524955,0.02858530357480049,0.019649165,0.0003,-0.009998310279776585,0.6946026384830475,0.2,0.21677815755208332,250
27,3304,3317760,1004,1146.6678,445.72,-3.963483076343934,0.17949085985892452,0.0616946741938591,0.020271031,0.0003,-0.010267640849548721,0.6913932859897614,0.2,0.22132242838541666,260
28,3431,3440640,1002,1139.8508,444.2,-3.9516442848121125,0.17622825751216928,0.003662198781967163,0.020148752,0.0003,-0.010120605444268828,0.5880936682224274,0.2,0.22045003255208334,270
29,3558,3563520,1001,1163.4121,448.66,-3.9313972085838516,0.17903464816724105,0.10583405941724777,0.020567784,0.0003,-0.010163960420231887,0.6304196119308472,0.2,0.22742757161458332,280
30,3682,3686400,1001,1178.1377,445.52,-3.913597855704526,0.1705724083977596,0.09729769825935364,0.02080668,0.0003,-0.009737405132721809,0.6886219084262848,0.2,0.22687418619791666,290
31,3808,3809280,1000,1220.3422,446.72,-3.9038954462483524,0.168653368097924,0.07072021067142487,0.020773679,0.0003,-0.00923898884974733,0.728706568479538,0.2,0.22465983072916668,300
32,3932,3932160,999,1225.3997,450.0,-3.887507806258897,0.15922879719505242,0.022445261478424072,0.020692816,0.0003,-0.009160592551203687,0.7176148891448975,0.2,0.22708984375,310
33,4056,4055040,999,1164.2887,433.38,-3.884852924955388,0.17271649189079957,0.04521436616778374,0.021219488,0.0003,-0.009569460118467153,0.7001067101955414,0.2,0.2304736328125,320
34,4183,4177920,998,1196.825,434.34,-3.8563789247348903,0.1764474309932363,0.08514244854450226,0.021758778,0.0003,-0.010060604384852923,0.7519603371620178,0.2,0.23215413411458333,330
35,4310,4300800,997,1180.3964,432.9,-3.858080032492677,0.15808088874434664,0.03362138569355011,0.021502864,0.0003,-0.009112451403871092,0.7958824187517166,0.2,0.23117268880208333,340
36,4437,4423680,996,1234.0413,444.18,-3.83714384795477,0.16316161712001,0.08854220062494278,0.021851595,0.0003,-0.008601174893374263,0.7390043437480927,0.2,0.23246663411458332,350
37,4565,4546560,995,1204.7665,435.38,-3.8311635540425777,0.15370091835124186,0.04873444139957428,0.022130426,0.0003,-0.009250186435574506,0.7330405116081238,0.2,0.23511149088541666,360
38,4692,4669440,995,1225.7664,445.22,-3.8131309717893602,0.14769556086452212,0.06534364819526672,0.022315947,0.0003,-0.00878243942390327,0.7476878762245178,0.2,0.23569498697916666,370
39,4819,4792320,994,1223.4552,431.0,-3.8074626992022,0.15809506465254042,0.06442978233098984,0.021991702,0.0003,-0.008769126608537287,0.7101843655109406,0.2,0.23084391276041666,380
40,4947,4915200,993,1252.2605,446.1,-3.7992045831431946,0.1702261804365359,0.041863180696964264,0.023072926,0.0003,-0.008884285586706635,0.6797474026679993,0.2,0.24023111979166667,390
41,5072,5038080,993,1241.4579,438.28,-3.7909963663791615,0.1559568688671182,0.040478646755218506,0.022925043,0.0003,-0.009854093260473746,0.6835382282733917,0.2,0.24225992838541666,400
42,5198,5160960,992,1264.0714,439.64,-3.773498901153604,0.1837011993835525,0.026942633092403412,0.022769995,0.0003,-0.008684246999655443,0.6853750646114349,0.2,0.23993733723958333,410
43,5324,5283840,992,1274.1117,441.8,-3.776664383386572,0.1741608980721018,0.1633472740650177,0.022279887,0.0003,-0.00862838334477298,0.65290766954422,0.2,0.23619954427083334,420
44,5451,5406720,991,1267.3651,431.7,-3.7610184635594486,0.17807502961038457,0.06859258562326431,0.022740372,0.0003,-0.008360876819460827,0.6798910200595856,0.2,0.23923421223958333,430
45,5576,5529600,991,1228.3925,428.36,-3.760919302254915,0.20283998857368715,-0.007170740514993668,0.023174874,0.0003,-0.008979394543075614,0.6862046420574188,0.2,0.240732421875,440
46,5706,5652480,990,1249.3462,432.02,-3.757880236953497,0.16108665545723247,0.019109753891825676,0.022896346,0.0003,-0.008826849308085609,0.7683334201574326,0.2,0.2410888671875,450
47,5832,5775360,990,1249.8802,432.7,-3.7316143529986343,0.15832792345104585,0.033216871321201324,0.023258809,0.0003,-0.008564373835724837,0.7625118046998978,0.2,0.23938883463541666,460
48,5958,5898240,989,1246.9033,435.12,-3.7171914854397374,0.15881160862093868,0.06130777299404144,0.023599165,0.0003,-0.008849056848457621,0.7056543529033661,0.2,0.2424951171875,470
49,6085,6021120,989,1290.2069,436.86,-3.6982507692525783,0.16222701845060025,0.04590282961726189,0.023700058,0.0003,-0.008407135768648004,0.7928906977176666,0.2,0.24312906901041667,480
50,6211,6144000,989,1314.9929,437.04,-3.6878675594429176,0.13391616814536975,0.049919530749320984,0.023197444,0.0003,-0.008638163352528257,0.8015575110912323,0.2,0.24144449869791668,490
51,6339,6266880,988,1329.3704,449.94,-3.695192178885142,0.1713574823154098,0.022556865587830544,0.024214292,0.0003,-0.008433146649961903,0.7125005722045898,0.2,0.24644449869791665,500
52,6464,6389760,988,1313.7086,439.86,-3.6782866171126565,0.14980351389735005,-0.02311316318809986,0.023653898,0.0003,-0.008683123468678484,0.6970030963420868,0.2,0.24318603515625,510
53,6590,6512640,988,1316.0121,439.94,-3.6801933805520335,0.14247138568966572,0.028508663177490234,0.023974525,0.0003,-0.009042406270079179,0.7277784049510956,0.2,0.24305419921875,520
54,6718,6635520,987,1317.9978,445.28,-3.6686329229051866,0.13255997936231628,0.004376765340566635,0.02384353,0.0003,-0.00826710783857076,0.7022996842861176,0.2,0.2412646484375,530
55,6843,6758400,987,1305.729,440.76,-3.6357684167350333,0.1557070032679864,0.03662180155515671,0.024620118,0.0003,-0.00831764729461914,0.6881299316883087,0.2,0.25170979817708333,540
56,6968,6881280,987,1312.4678,437.04,-3.6222052834307155,0.1654998228995828,0.049937762320041656,0.02485183,0.0003,-0.00872613598753863,0.7740267366170883,0.2,0.24899820963541666,550
57,7096,7004160,986,1297.801,435.66,-3.6181254199768107,0.15410965672383706,0.034897226840257645,0.024549464,0.0003,-0.008719602384990139,0.7720773220062256,0.2,0.24816243489583334,560
58,7223,7127040,986,1306.2792,431.92,-3.619793937963744,0.1752652559002551,0.04459243640303612,0.024913235,0.0003,-0.00801606867938972,0.7613161206245422,0.2,0.25153157552083333,570
59,7347,7249920,986,1339.9734,440.58,-3.635045643846194,0.1572263591129255,0.08435548096895218,0.02456001,0.0003,-0.008409203929246966,0.8275627195835114,0.2,0.24612467447916667,580
60,7471,7372800,986,1320.8955,439.14,-3.6315040764957667,0.15305647535268993,0.05864719673991203,0.02371336,0.0003,-0.00820269851651877,0.835770308971405,0.2,0.24184244791666668,590
61,7609,7495680,985,1341.9868,443.08,-3.6339980302751065,0.1477082626092791,0.020135672762989998,0.024774043,0.0003,-0.00884731027632976,0.7704014033079147,0.2,0.24497151692708333,600
62,7748,7618560,983,1296.1362,431.74,-3.626396702751517,0.1583324518769708,0.025180386379361153,0.024457341,0.0003,-0.008247602183394823,0.7622418403625488,0.2,0.24387613932291666,610
63,7876,7741440,982,1307.6576,430.14,-3.6069290918981034,0.20326004648542342,0.056281086057424545,0.025125425,0.0003,-0.008101585503366853,0.7246673107147217,0.2,0.24825358072916667,620
64,8001,7864320,982,1357.5813,442.96,-3.594649220183492,0.15785887483119343,0.05424640700221062,0.024543038,0.0003,-0.007902490543359212,0.787862703204155,0.2,0.24444254557291667,630
65,8126,7987200,982,1368.7432,444.98,-3.5852012860029934,0.1750466457680644,0.06751000881195068,0.024398226,0.0003,-0.00774112230599106,0.7609425783157349,0.2,0.24358072916666668,640
66,8252,8110080,982,1310.0802,435.64,-3.555903230595092,0.16326979718471799,-0.0004985779523849487,0.024739452,0.0003,-0.0079072895720977,0.7748259007930756,0.2,0.2500301106770833,650
67,8379,8232960,982,1319.4259,433.12,-3.5542799029126764,0.15832742613788772,0.05882071703672409,0.025299497,0.0003,-0.007828039444417905,0.8120409101247787,0.2,0.24752034505208334,660
68,8504,8355840,982,1295.4064,423.32,-3.5473787018035847,0.16918981471884764,0.022843357175588608,0.02615202,0.0003,-0.007916236560073836,0.7944231629371643,0.2,0.25335856119791667,670
69,8630,8478720,982,1355.9784,441.62,-3.5542206467563906,0.14671165697839267,0.05943590775132179,0.024253193,0.0003,-0.007724036866863268,0.7966595888137817,0.2,0.24369059244791666,680
70,8757,8601600,982,1347.7024,435.5,-3.564081861463686,0.15438584794309768,-0.0075685083866119385,0.025555672,0.0003,-0.008349368020541684,0.7111776769161224,0.2,0.24743570963541667,690
71,8886,8724480,981,1358.9265,447.72,-3.566887652662893,0.17706873872540504,0.06312054395675659,0.025212714,0.0003,-0.008146810457225607,0.7527662664651871,0.2,0.24833902994791668,700
72,9019,8847360,980,1394.124,450.0,-3.5235331052169205,0.1675442038467736,0.09918029606342316,0.025489725,0.0003,-0.008320070952219491,0.7733077257871628,0.2,0.25091145833333334,710
73,9146,8970240,980,1324.7653,428.8,-3.5119423447176814,0.1481430867817835,0.039758652448654175,0.024763219,0.0003,-0.007367297654042583,0.6640589833259583,0.2,0.24474202473958334,720
74,9285,9093120,979,1363.979,438.44,-3.489398683309555,0.1767346125957556,0.14976684749126434,0.026895223,0.0003,-0.00789969560654754,0.7381555140018463,0.2,0.25469645182291667,730
75,9412,9216000,979,1357.7758,429.86,-3.50200560575972,0.16219860908274616,0.01484396867454052,0.026141196,0.0003,-0.008389960640949237,0.6966066956520081,0.2,0.2519783528645833,740
76,9568,9338880,975,1351.7471,433.92,-3.500228443903228,0.15543447146153389,0.03940967470407486,0.025621725,0.0003,-0.008022282383656905,0.7245910465717316,0.2,0.24930908203125,750
77,9698,9461760,975,1381.2913,445.74,-3.4935645092154544,0.1639849184724153,0.12852680683135986,0.025425319,0.0003,-0.00764950484948713,0.7803802043199539,0.2,0.24963053385416667,760
78,9826,9584640,975,1362.0345,433.46,-3.480907759219408,0.14839840692894843,-0.004646517336368561,0.025843281,0.0003,-0.007706517202874844,0.7551912516355515,0.2,0.25070393880208336,770
79,9982,9707520,972,1355.691,435.14,-3.46626246376584,0.18530640023052306,0.01101669855415821,0.026701149,0.0003,-0.008324580730040908,0.7395522892475128,0.2,0.25642496744791665,780
80,10133,9830400,970,1346.5051,439.9,-3.4563139632716773,0.13932458317343843,0.07305653393268585,0.025889516,0.0003,-0.007624664418414492,0.7216242849826813,0.2,0.24900716145833332,790
81,10260,9953280,970,1366.9503,442.0,-3.4407958022380867,0.1496783961370238,0.1557030826807022,0.025986755,0.0003,-0.00799569257083931,0.7847745269536972,0.2,0.2496044921875,800
82,10386,10076160,970,1355.0469,432.88,-3.421251097979645,0.12961336743397017,0.011083334684371948,0.025335366,0.0003,-0.0076916756439338015,0.7510480433702469,0.2,0.24722737630208333,810
83,10543,10199040,967,1371.8894,435.68,-3.4809173671652873,0.15534057406757104,0.08629059046506882,0.025951583,0.0003,-0.007855002388429663,0.7766581922769547,0.2,0.24741617838541666,820
84,10668,10321920,967,1343.9595,429.58,-3.437537359756728,0.1372131283338725,-0.014180732890963554,0.026081312,0.0003,-0.007901438568793917,0.7809051722288132,0.2,0.24991048177083333,830
85,10795,10444800,967,1319.5771,428.12,-3.4338630595058204,0.163339504103933,0.014092322438955307,0.026229981,0.0003,-0.007442788255035945,0.8119196444749832,0.2,0.24894694010416665,840
86,10922,10567680,967,1347.0458,429.2,-3.41439927102377,0.18733109028466666,0.06473623216152191,0.02604019,0.0003,-0.007790847695080932,0.800653487443924,0.2,0.24898030598958334,850
87,11065,10690560,966,1359.7874,430.74,-3.4327275785803795,0.1797130465466762,0.04522694647312164,0.025760455,0.0003,-0.0076431672029927235,0.7999506592750549,0.2,0.24806315104166668,860
88,11200,10813440,965,1331.1129,419.62,-3.424622748506566,0.15101951640623157,0.00940820574760437,0.025611712,0.0003,-0.007333383722167733,0.779310017824173,0.2,0.24425455729166667,870
89,11327,10936320,965,1390.1708,442.04,-3.435960571852823,0.1810273340481217,-0.00906015932559967,0.025780326,0.0003,-0.007787497653268171,0.7830087691545486,0.2,0.24649658203125,880
90,11454,11059200,965,1385.7551,431.3,-3.427792136470477,0.16115685060639712,0.06986693292856216,0.026078613,0.0003,-0.008044898779389768,0.7338082790374756,0.2,0.24762288411458333,890
91,11582,11182080,965,1345.4951,433.54,-3.4228762661417327,0.14386380191620748,-0.003363925963640213,0.025297485,0.0003,-0.00748439853491315,0.7595503479242325,0.2,0.24518473307291666,900
92,11718,11304960,964,1419.4371,445.42,-3.4044785808771847,0.16977582344115943,0.0622737891972065,0.025833538,0.0003,-0.007716053723555281,0.7778434753417969,0.2,0.24819905598958333,910
93,11849,11427840,964,1401.1594,443.9,-3.3936914600680272,0.17697164524928666,0.022851236164569855,0.026711518,0.0003,-0.0074082626825232485,0.7542486190795898,0.2,0.2507731119791667,920
94,11974,11550720,964,1367.0172,433.76,-3.4008097628379863,0.15177004685712744,0.04576931148767471,0.024802344,0.0003,-0.00751364634236476,0.7790351808071136,0.2,0.24535074869791668,930
95,12102,11673600,964,1354.7382,427.48,-3.387073776858548,0.16507571023025472,0.02700929529964924,0.02552573,0.0003,-0.006899072150942326,0.7239876091480255,0.2,0.24775797526041668,940
96,12230,11796480,964,1369.359,433.42,-3.3945779871443906,0.16609209112279738,0.04248544201254845,0.025815984,0.0003,-0.007938617410733666,0.7807831764221191,0.2,0.24739095052083335,950
97,12359,11919360,964,1372.1283,436.54,-3.38815655618906,0.19987641042661078,0.02503361366689205,0.026944928,0.0003,-0.007506964279297487,0.7677567154169083,0.2,0.24883626302083334,960
98,12486,12042240,964,1374.7546,436.82,-3.3730255575478076,0.17239366587173816,0.13696566224098206,0.026544772,0.0003,-0.00698587015573139,0.7651214152574539,0.2,0.2478076171875,970
99,12619,12165120,963,1326.6317,418.28,-3.3509688566500944,0.15137779087565528,0.031703151762485504,0.025624266,0.0003,-0.007565124320656954,0.7685468792915344,0.2,0.24902750651041666,980
100,12745,12288000,964,1385.895,432.82,-3.339315619642536,0.17589050094538833,0.016895009204745293,0.026997868,0.0003,-0.008052850644359448,0.7950057983398438,0.2,0.24857340494791666,990
101,12870,12410880,964,1387.8486,436.74,-3.3542333943396807,0.15680287680598365,0.09193909913301468,0.025598895,0.0003,-0.007495653733464375,0.7945008128881454,0.2,0.2438037109375,1000
102,12996,12533760,964,1362.3239,430.16,-3.345520780210694,0.18265560246421955,0.05862994119524956,0.025877308,0.0003,-0.007557409123479981,0.801661029458046,0.2,0.24696940104166668,1010
103,13124,12656640,964,1379.6392,433.5,-3.3778200942650436,0.1671175439011616,0.009669944643974304,0.025261207,0.0003,-0.007225984447219768,0.7967094630002975,0.2,0.24573893229166666,1020
104,13249,12779520,964,1382.5936,434.7,-3.3387941665078205,0.16066137724837365,0.02386322058737278,0.026364613,0.0003,-0.00750392272215322,0.7620622664690018,0.2,0.24656575520833332,1030
105,13375,12902400,964,1394.6753,437.06,-3.348519600195189,0.18119352705437147,0.5629540681838989,0.026114583,0.0003,-0.007314018218797476,0.7265632152557373,0.2,0.24716471354166666,1040
106,13500,13025280,964,1407.3204,441.82,-3.345858767554164,0.17241183337493568,0.07931014895439148,0.026170911,0.0003,-0.007380582726206436,0.7347316145896912,0.2,0.24682047526041667,1050
107,13627,13148160,964,1370.3877,432.44,-3.3439096791048843,0.13164494770947688,0.017616432160139084,0.0259241,0.0003,-0.00784737425105656,0.7610183656215668,0.2,0.24752034505208334,1060
108,13751,13271040,965,1322.1228,413.34,-3.3483594251796602,0.15180274509300942,0.10404369235038757,0.02682759,0.0003,-0.007668471126298755,0.7866544723510742,0.2,0.25022705078125,1070
109,13878,13393920,965,1405.1616,442.94,-3.330596522477766,0.20366745838808128,0.006373710930347443,0.026988761,0.0003,-0.007948894858824739,0.7922990620136261,0.2,0.2514290364583333,1080
110,14003,13516800,965,1434.6648,443.7,-3.314186147948106,0.15578519019016918,0.03248408064246178,0.025506938,0.0003,-0.007200165086451307,0.790836438536644,0.2,0.24485921223958335,1090
111,14131,13639680,965,1367.0066,432.52,-3.3172862200438975,0.16370167091158994,0.027036253362894058,0.026201664,0.0003,-0.007981100175262934,0.7659360766410828,0.2,0.24318522135416668,1100
112,14258,13762560,965,1372.514,435.76,-3.301229756809771,0.15918413469926843,0.04064930975437164,0.02638495,0.0003,-0.006888746814959935,0.7395157814025879,0.2,0.24638916015625,1110
113,14400,13885440,964,1365.9419,422.56,-3.291318486643334,0.16864595457804776,0.07867690920829773,0.026713736,0.0003,-0.008010775141174235,0.7826803624629974,0.2,0.2488134765625,1120
114,14526,14008320,964,1397.7184,433.08,-3.297613290796677,0.18798632151195002,0.09602482616901398,0.027353145,0.0003,-0.008005168831520375,0.7483402192592621,0.2,0.25160400390625,1130
115,14651,14131200,964,1400.4928,435.88,-3.294221882733206,0.17450268120660137,0.0548967681825161,0.026479539,0.0003,-0.00690706814013538,0.772834062576294,0.2,0.248115234375,1140
116,14776,14254080,964,1418.55,439.18,-3.2748584352309504,0.17559584127845787,0.13329464197158813,0.026427828,0.0003,-0.007336402340861241,0.762651652097702,0.2,0.24752766927083333,1150
117,14902,14376960,964,1388.5242,438.34,-3.261650156341493,0.17289349221168474,0.051035232841968536,0.027884243,0.0003,-0.0070548632813612734,0.7052538990974426,0.2,0.25088053385416664,1160
118,15027,14499840,964,1449.5746,443.74,-3.2311081330478193,0.16930663609266047,0.03299092501401901,0.027049053,0.0003,-0.007328353940726326,0.7406624853610992,0.2,0.24843343098958334,1170
119,15154,14622720,964,1397.846,426.86,-3.2640233299757044,0.1680307910622408,0.0415840670466423,0.02674139,0.0003,-0.00671233680821994,0.7648561149835587,0.2,0.24754150390625,1180
120,15283,14745600,964,1390.7979,433.5,-3.2602077267318963,0.15784356081780668,0.058415476232767105,0.027291989,0.0003,-0.007460113116485445,0.8211653977632523,0.2,0.2493896484375,1190
121,15410,14868480,964,1421.2546,439.8,-3.2408700027440984,0.1690668345572582,0.013125959783792496,0.027645538,0.0003,-0.006795666652451473,0.7502629607915878,0.2,0.2505517578125,1200
122,15539,14991360,964,1407.9385,436.0,-3.222044260688126,0.17816435932744448,0.04570169746875763,0.028337238,0.0003,-0.007882104567282416,0.7188282310962677,0.2,0.25629557291666666,1210
123,15666,15114240,964,1402.5206,436.84,-3.1948288182169198,0.16273209506248046,0.027051378041505814,0.026609616,0.0003,-0.006971295309740526,0.761165663599968,0.2,0.247998046875,1220
124,15796,15237120,964,1446.3306,442.82,-3.214222427395483,0.1893178439301361,0.09233358502388,0.027126938,0.0003,-0.006914064499457405,0.7697802484035492,0.2,0.2512589518229167,1230
125,15924,15360000,964,1459.8735,445.38,-3.2104069988429544,0.16070750391586142,0.037693195044994354,0.027132573,0.0003,-0.007596523130723653,0.7167825102806091,0.2,0.24962483723958334,1240
126,16052,15482880,964,1386.6897,426.96,-3.253716062270105,0.16229824154967598,0.03677499294281006,0.027463768,0.0003,-0.00803449575306028,0.7383418381214142,0.2,0.25225179036458334,1250
127,16181,15605760,964,1380.7158,426.08,-3.2251822806273895,0.16324889364865763,0.06711121648550034,0.027383327,0.0003,-0.007336081210123666,0.8076786249876022,0.2,0.2504166666666667,1260
128,16307,15728640,964,1398.8359,426.72,-3.215827216754357,0.15578730451525188,-0.010038197040557861,0.026988033,0.0003,-0.006921789810130577,0.7968231439590454,0.2,0.246650390625,1270
129,16433,15851520,964,1365.6517,412.86,-3.1951047668978574,0.19807312598937035,0.04278445988893509,0.026773853,0.0003,-0.006425593415351614,0.7611764073371887,0.2,0.24700439453125,1280
130,16579,15974400,963,1386.7649,423.8,-3.1797157706444463,0.18050112081575206,0.025388699024915695,0.027944488,0.0003,-0.007513281299594989,0.8147101849317551,0.2,0.2542822265625,1290
131,16717,16097280,962,1370.7874,415.32,-3.1550901902715367,0.20409083314414603,0.05865499749779701,0.027744215,0.0003,-0.006889600327643469,0.8065758496522903,0.2,0.25472330729166665,1300
132,16847,16220160,962,1374.0641,416.1,-3.1359167301778994,0.18959749825153266,0.05885782837867737,0.027674712,0.0003,-0.006886002875307895,0.8069113940000534,0.2,0.25396158854166667,1310
133,16973,16343040,962,1375.1357,425.7,-3.1656843788425126,0.2074037676077569,0.04133757948875427,0.02860883,0.0003,-0.007311079481520816,0.7620086073875427,0.2,0.25488606770833333,1320
134,17100,16465920,962,1378.7429,433.56,-3.094653404963513,0.20434057931241115,0.07052826881408691,0.02707931,0.0003,-0.006288604866895185,0.7617257833480835,0.2,0.25186604817708336,1330
135,17234,16588800,962,1396.0782,437.44,-3.070033712598185,0.1972643002923966,0.09884797781705856,0.028106922,0.0003,-0.0067936285873414215,0.762661337852478,0.2,0.2553662109375,1340
136,17363,16711680,962,1336.1138,419.56,-3.083793555150429,0.17270001473564964,0.03460628539323807,0.028226819,0.0003,-0.006345731189879492,0.7911115288734436,0.2,0.2551375325520833,1350
137,17490,16834560,962,1365.8032,420.18,-3.068986449254056,0.18194422230580434,0.06372369825839996,0.027835406,0.0003,-0.006897399899729256,0.7698008120059967,0.2,0.2557194010416667,1360
138,17616,16957440,962,1396.8317,430.92,-3.0639860764766733,0.208167638569527,0.1017996147274971,0.02881403,0.0003,-0.006803156348923949,0.713840663433075,0.2,0.25819091796875,1370
139,17743,17080320,962,1399.3104,433.66,-3.047526047726472,0.1852614591542321,0.12520524859428406,0.028347405,0.0003,-0.006603925248079273,0.8062877655029297,0.2,0.2556941731770833,1380
140,17871,17203200,962,1443.8135,434.72,-3.0650057686989505,0.17397692973279238,0.03967519849538803,0.027790593,0.0003,-0.006459941923082321,0.7729758471250534,0.2,0.2539900716145833,1390
141,17999,17326080,962,1448.9496,440.64,-3.0719247125834226,0.17705256709188688,0.08018523454666138,0.028303515,0.0003,-0.006784211744707136,0.7810673266649246,0.2,0.2563142903645833,1400
142,18125,17448960,962,1465.6929,442.64,-3.0769153144583106,0.1463077687517701,0.105496846139431,0.028385656,0.0003,-0.006961814763138439,0.8033865541219711,0.2,0.25650634765625,1410
143,18251,17571840,962,1419.737,429.48,-3.0691287295892833,0.1666985717554538,0.014421429485082626,0.026869917,0.0003,-0.006043146314495971,0.6841956973075867,0.2,0.25146728515625,1420
144,18378,17694720,962,1454.592,437.04,-3.0239540505036713,0.16273239543874904,0.0274772010743618,0.027651574,0.0003,-0.006742155787815136,0.7443930208683014,0.2,0.25471435546875,1430
145,18505,17817600,962,1396.8008,422.84,-3.029957978054881,0.17636416403925978,0.21170280873775482,0.028123116,0.0003,-0.006733888253535649,0.7425120174884796,0.2,0.25653238932291667,1440
146,18633,17940480,962,1462.5966,447.58,-3.0025528968373933,0.19024768321503263,0.054746828973293304,0.028749814,0.0003,-0.006317104374199213,0.6900465488433838,0.2,0.25941324869791665,1450
147,18760,18063360,962,1398.7878,429.1,-3.0224541230872273,0.15742792734410613,0.06448335200548172,0.028351549,0.0003,-0.007095176441131722,0.7997543513774872,0.2,0.25709879557291665,1460
148,18887,18186240,962,1409.5597,421.86,-2.9922076116874816,0.16150284788823532,0.07005703449249268,0.027880173,0.0003,-0.0062766660818185,0.7599915564060211,0.2,0.25429117838541665,1470
149,19014,18309120,962,1382.1842,426.7,-3.014447627378007,0.19297447600217613,0.02709175832569599,0.028466871,0.0003,-0.006319570998366544,0.7922785878181458,0.2,0.25726806640625,1480
150,19142,18432000,962,1434.2837,433.74,-3.008619822176794,0.16218477074920276,0.08346205949783325,0.027614113,0.0003,-0.0062205900987282806,0.8101097196340561,0.2,0.2520458984375,1490
151,19269,18554880,962,1332.9108,403.08,-3.001261441571017,0.16245155116242435,0.028288710862398148,0.027886381,0.0003,-0.006441448557361582,0.8106958419084549,0.2,0.2520475260416667,1500
152,19396,18677760,962,1398.7677,425.6,-3.0029677831505737,0.19924385790286275,0.07789696007966995,0.028143648,0.0003,-0.0062675238417796205,0.7914561778306961,0.2,0.25723714192708336,1510
153,19523,18800640,962,1446.4047,435.7,-2.9902482795715333,0.22361271915976735,0.049056366086006165,0.02818611,0.0003,-0.006145423069089399,0.7899525016546249,0.2,0.2572355143229167,1520
154,19650,18923520,962,1316.0631,395.74,-3.00718858388563,0.20160680173352982,0.1791185885667801,0.02780346,0.0003,-0.006592274704677645,0.801186591386795,0.2,0.252861328125,1530
155,19776,19046400,963,1389.9126,419.68,-2.9499236876765886,0.22670210111207173,0.05486409366130829,0.029598875,0.0003,-0.006506331351641468,0.8157896846532822,0.2,0.26086751302083333,1540
156,19904,19169280,963,1448.1384,435.16,-2.9855446101725103,0.2078206789449905,0.06705059856176376,0.028587408,0.0003,-0.00639511457537689,0.7741004824638367,0.2,0.25499104817708335,1550
157,20032,19292160,963,1421.5277,423.82,-2.9685049192110697,0.17950442730090194,0.07585885375738144,0.028626679,0.0003,-0.006722747405310656,0.8054122924804688,0.2,0.25863199869791664,1560
158,20161,19415040,962,1382.1411,423.54,-2.9614110814407466,0.19733584141290825,0.04981999844312668,0.028604342,0.0003,-0.0064597875173664455,0.7298071980476379,0.2,0.2543058268229167,1570
159,20289,19537920,962,1418.6284,425.72,-2.9651395326852796,0.1917388045640352,0.10543477535247803,0.029171782,0.0003,-0.006530071170169928,0.7375903427600861,0.2,0.25646647135416667,1580
160,20421,19660800,962,1409.1172,422.2,-2.953207661211491,0.16972714854346121,0.10227292031049728,0.027272617,0.0003,-0.005843451260825532,0.782540500164032,0.2,0.2502970377604167,1590
161,20550,19783680,962,1411.1266,428.72,-2.9586410251632334,0.21697335275278115,-0.0024012532085180283,0.02864554,0.0003,-0.006188667214773886,0.773214265704155,0.2,0.25542561848958334,1600
162,20679,19906560,962,1435.1154,432.14,-2.903104180432856,0.18302047405120295,0.14345604181289673,0.028479397,0.0003,-0.006017150897211347,0.7644671946763992,0.2,0.25518391927083334,1610
163,20837,20029440,961,1447.843,439.84,-2.9087212279811503,0.18456479760886094,0.03796197846531868,0.028049907,0.0003,-0.006418224089259942,0.7831969708204269,0.2,0.25525390625,1620
164,20983,20152320,960,1398.9628,417.74,-2.895088117818038,0.18056456702004653,0.018446411937475204,0.028715137,0.0003,-0.005707507552003032,0.7413279414176941,0.2,0.25584228515625,1630
165,21130,20275200,959,1416.6885,423.74,-2.910395893181364,0.207144149459394,0.05908689275383949,0.028916527,0.0003,-0.006442870287367744,0.7498763203620911,0.2,0.25780598958333334,1640
166,21258,20398080,959,1459.7572,442.32,-2.9128230186675985,0.2387375886295922,0.08001456409692764,0.02898186,0.0003,-0.00636477947918138,0.7992459833621979,0.2,0.2581477864583333,1650
167,21385,20520960,959,1391.2814,421.66,-2.882061675277849,0.17668696700352787,0.04271838068962097,0.028507898,0.0003,-0.00656327280331728,0.788963258266449,0.2,0.2568001302083333,1660
168,21512,20643840,959,1430.7059,431.86,-2.876772971910735,0.21792087526371082,0.04261453449726105,0.029937962,0.0003,-0.005872636512558529,0.7627554535865784,0.2,0.2608284505208333,1670
169,21638,20766720,959,1440.0847,434.52,-2.888020707157751,0.18624526981429274,0.03629676625132561,0.02905734,0.0003,-0.005911192183448293,0.7875120937824249,0.2,0.25535481770833335,1680
170,21769,20889600,959,1444.943,427.42,-2.88608811241885,0.1889392543853804,0.006482161581516266,0.028546942,0.0003,-0.0060838799901284804,0.769347071647644,0.2,0.25512858072916667,1690
171,21896,21012480,959,1436.3872,435.56,-2.8827072841549914,0.19097265357956833,0.04148440808057785,0.029463144,0.0003,-0.0062796511500588775,0.7340547144412994,0.2,0.2566023763020833,1700
172,22023,21135360,959,1468.2439,444.5,-2.860005777751406,0.195607842040093,0.061196036636829376,0.028965792,0.0003,-0.006060248968078667,0.797415629029274,0.2,0.25360758463541666,1710
173,22149,21258240,959,1438.4878,431.58,-2.8791445865109564,0.19160794054875926,0.12702392041683197,0.029620202,0.0003,-0.006846014220021364,0.755464106798172,0.2,0.26048909505208334,1720
174,22275,21381120,959,1454.8834,435.98,-2.873148880538841,0.19138155453586175,0.04858743026852608,0.028892089,0.0003,-0.006492216248795255,0.7406998872756958,0.2,0.25306070963541666,1730
175,22402,21504000,959,1492.8175,439.76,-2.8655546894172828,0.16698466061944298,0.03522080183029175,0.029252058,0.0003,-0.0069906916028836955,0.7405802607536316,0.2,0.2562101236979167,1740
176,22529,21626880,959,1385.4135,415.54,-2.8902015662690004,0.20039503039016077,0.10664331912994385,0.029283706,0.0003,-0.006701399224281582,0.7536588609218597,0.2,0.25742268880208335,1750
177,22655,21749760,960,1433.154,434.3,-2.851610927792887,0.21805476817147185,0.08568384498357773,0.028738972,0.0003,-0.006035318262129294,0.7283440828323364,0.2,0.25665283203125,1760
178,22783,21872640,960,1419.1594,431.14,-2.8415711597477396,0.20619894114128934,0.040863290429115295,0.028759595,0.0003,-0.006112082502246873,0.7507639229297638,0.2,0.2534228515625,1770
179,22912,21995520,959,1392.1919,423.64,-2.8608743384232125,0.17735457965463866,0.09908942878246307,0.028438171,0.0003,-0.006441773390112454,0.7384490370750427,0.2,0.25040120442708336,1780
180,23041,22118400,959,1419.2869,432.94,-2.826229331990083,0.20522189962270204,0.1285800039768219,0.029283348,0.0003,-0.006084209865700056,0.8036436140537262,0.2,0.25452229817708333,1790
181,23169,22241280,959,1439.8152,428.94,-2.846521412692964,0.19253004695482862,0.05275529623031616,0.029195016,0.0003,-0.006449557665667574,0.7532464116811752,0.2,0.25410319010416665,1800
182,23295,22364160,960,1448.6624,433.02,-2.836467845638593,0.19073749071316948,0.07029349356889725,0.029711928,0.0003,-0.006504048877814057,0.7695922255516052,0.2,0.25525797526041666,1810
183,23425,22487040,959,1474.0481,439.12,-2.868204997492333,0.2033026379791166,0.07063204050064087,0.028625943,0.0003,-0.006372231485383964,0.7421621680259705,0.2,0.2539876302083333,1820
184,23553,22609920,959,1467.1156,435.12,-2.864492188307146,0.2219031198277177,0.059473056346178055,0.028947195,0.0003,-0.00727620874147154,0.7586587816476822,0.2,0.25564697265625,1830
185,23683,22732800,959,1382.0941,419.26,-2.8653926808511216,0.21485598770397094,0.15518450736999512,0.02861013,0.0003,-0.006518075286197321,0.7640645056962967,0.2,0.25102783203125,1840
186,23810,22855680,959,1432.6775,426.64,-2.835584903185566,0.2190208746434655,0.08344646543264389,0.028759163,0.0003,-0.006408650779958407,0.7979631572961807,0.2,0.25231363932291667,1850
187,23939,22978560,959,1399.1189,416.2,-2.8390342427045105,0.21461120789346752,0.06896862387657166,0.029972441,0.0003,-0.006156913317408907,0.7553827166557312,0.2,0.25581298828125,1860
188,24067,23101440,959,1499.3506,443.92,-2.8535023718948165,0.208280102063048,0.0167219340801239,0.028874064,0.0003,-0.007065535555157112,0.7265620231628418,0.2,0.25601806640625,1870
189,24196,23224320,959,1487.0509,439.0,-2.884166640204688,0.18757567383911616,0.10477608442306519,0.029238923,0.0003,-0.0066481616004845515,0.6997019350528717,0.2,0.2543155924479167,1880
190,24326,23347200,959,1455.1577,432.5,-2.8689822889491916,0.2118481104122475,0.05649581551551819,0.028764334,0.0003,-0.005954806813806499,0.7271070182323456,0.2,0.252353515625,1890
191,24455,23470080,959,1459.1227,430.0,-2.8627697303767006,0.1823297570781627,0.06616505980491638,0.029513448,0.0003,-0.0066523774265806425,0.7346861958503723,0.2,0.25278157552083336,1900
192,24583,23592960,959,1475.8488,441.66,-2.8581695008898773,0.2013845005626596,0.11215697228908539,0.029647054,0.0003,-0.006889386634611583,0.792369082570076,0.2,0.25294108072916666,1910
193,24709,23715840,959,1406.0859,422.64,-2.8213946266844867,0.1501923692083801,0.01686759665608406,0.028552854,0.0003,-0.006012658059635214,0.7261745929718018,0.2,0.24876708984375,1920
194,24836,23838720,959,1513.9019,447.98,-2.813012067452073,0.2036526112202167,0.02517647296190262,0.030291365,0.0003,-0.006502071272091901,0.7076472640037537,0.2,0.2591357421875,1930
195,24966,23961600,959,1462.6077,435.28,-2.8156887070834635,0.18994391725631432,0.02034049853682518,0.0289459,0.0003,-0.006436673097550738,0.7837701737880707,0.2,0.25319580078125,1940
196,25093,24084480,959,1503.62,441.24,-2.8097827707231047,0.21384797497555458,0.11442755162715912,0.029470997,0.0003,-0.006396287439498944,0.7117156386375427,0.2,0.2531559244791667,1950
197,25220,24207360,959,1462.0713,431.84,-2.897927619442344,0.1721532979766683,0.04095479100942612,0.02792323,0.0003,-0.006489402400926944,0.725605309009552,0.2,0.2440478515625,1960
198,25350,24330240,959,1468.2842,431.62,-2.8607226432984074,0.2014267712441506,0.02892429009079933,0.027776377,0.0003,-0.00639030192027955,0.7369310855865479,0.2,0.24551513671875,1970
199,25477,24453120,959,1409.1803,411.44,-2.85169191579024,0.20746385758490457,0.061853546649217606,0.02859354,0.0003,-0.00661086461212714,0.7219104766845703,0.2,0.24661539713541666,1980
200,25607,24576000,959,1364.6617,403.28,-2.8299046808977923,0.18199248214504526,0.07157476991415024,0.028143099,0.0003,-0.006534980718115548,0.7148374021053314,0.2,0.24589111328125,1990
201,25734,24698880,959,1475.6609,432.08,-2.795028672615687,0.23345052974017258,0.11234856396913528,0.028717212,0.0003,-0.005924498983504236,0.7594767659902573,0.2,0.25047607421875,2000
202,25866,24821760,959,1376.4595,403.9,-2.806068692021072,0.20801358591765165,0.10807972401380539,0.029555019,0.0003,-0.005950498614444465,0.7751107215881348,0.2,0.25035481770833334,2010
203,25996,24944640,959,1430.9681,421.34,-2.8005841831242044,0.24615982985987406,0.07103508710861206,0.029046647,0.0003,-0.005833923521937928,0.7741360068321228,0.2,0.24803059895833332,2020
204,26123,25067520,959,1426.553,417.64,-2.817620301308731,0.19613477912712066,0.008837848901748657,0.028587194,0.0003,-0.005792057246535478,0.7560379803180695,0.2,0.24743326822916667,2030
205,26254,25190400,959,1429.5067,425.7,-2.7680874584739406,0.20524317778278298,0.0862797349691391,0.028991846,0.0003,-0.006611252006611418,0.770387664437294,0.2,0.2517928059895833,2040
206,26383,25313280,959,1449.4346,426.16,-2.7721023480966687,0.2008616303668047,0.09380719810724258,0.029681455,0.0003,-0.005797864578501806,0.7625186145305634,0.2,0.24868815104166667,2050
207,26541,25436160,958,1420.962,421.02,-2.7647278992335003,0.26558919056512725,0.12192027270793915,0.0294183,0.0003,-0.005458009687275383,0.7434249520301819,0.2,0.250400390625,2060
208,26667,25559040,958,1416.8263,427.86,-2.7584335600833096,0.21133724759488057,0.09510926902294159,0.028958043,0.0003,-0.006047902877465579,0.8035737127065659,0.2,0.24705159505208332,2070
209,26795,25681920,958,1431.9325,429.64,-2.7874480379745363,0.21125478700715272,0.08857686817646027,0.030109549,0.0003,-0.006361087836078999,0.7619580626487732,0.2,0.24963134765625,2080
210,26941,25804800,957,1412.8785,417.04,-2.778150727103154,0.2561891358648427,0.1285284161567688,0.029839162,0.0003,-0.006234684226862252,0.7770368009805679,0.2,0.25015625,2090
211,27068,25927680,957,1464.6932,434.38,-2.7736523743222157,0.27647574288751153,0.07125699520111084,0.02963552,0.0003,-0.005487887289158001,0.7286371886730194,0.2,0.24571207682291665,2100
212,27216,26050560,957,1346.5972,404.16,-2.7455351089810334,0.25695988182987395,0.1160954087972641,0.030085202,0.0003,-0.005602506288311512,0.7166095674037933,0.2,0.2511083984375,2110
213,27345,26173440,957,1445.0352,424.84,-2.7586902771890163,0.26190692646894603,0.09807472676038742,0.030186677,0.0003,-0.006117783187401074,0.7175782322883606,0.2,0.2507120768229167,2120
214,27473,26296320,957,1400.715,415.58,-2.7566372903808953,0.27213967862170346,0.04515901580452919,0.030167047,0.0003,-0.005879877908034056,0.7398595213890076,0.2,0.2532731119791667,2130
215,27604,26419200,957,1424.9396,418.44,-2.7336696938797833,0.25207397509502094,0.06746326386928558,0.028714713,0.0003,-0.005673944748280822,0.810770183801651,0.2,0.24374186197916667,2140
216,27732,26542080,957,1447.2247,428.24,-2.7647274117916822,0.23496086787451834,0.12091732025146484,0.028898645,0.0003,-0.006443137256743891,0.7769479602575302,0.2,0.24713785807291666,2150
217,27862,26664960,957,1454.5043,425.44,-2.761831465624273,0.21786166566540488,0.07968481630086899,0.028841762,0.0003,-0.00666226929549642,0.7754747718572617,0.2,0.24718505859375,2160
218,27989,26787840,957,1435.6942,424.76,-2.784293193904062,0.24183881132514215,0.1010926365852356,0.028884236,0.0003,-0.006144125518488484,0.7352805137634277,0.2,0.24626546223958334,2170
219,28117,26910720,957,1492.4069,441.04,-2.7689526433000964,0.22898256741192502,0.03976447135210037,0.028845152,0.0003,-0.006048625948139185,0.7894030660390854,0.2,0.2442041015625,2180
220,28246,27033600,957,1440.0607,421.24,-2.7677275981133183,0.2416665678867139,0.021981071680784225,0.0278324,0.0003,-0.006090866193371767,0.7663515955209732,0.2,0.24304850260416666,2190
221,28378,27156480,956,1437.8828,433.8,-2.7798574459925294,0.26010323824516185,0.6808367371559143,0.028427888,0.0003,-0.006032425124079358,0.7700021415948868,0.2,0.24458577473958334,2200
222,28504,27279360,957,1450.3873,430.86,-2.7621708023175597,0.19227957917600483,0.05615803599357605,0.028695088,0.0003,-0.006300895077098782,0.7836736291646957,0.2,0.2443603515625,2210
223,28630,27402240,957,1399.591,413.46,-2.7737356804683806,0.2601983147630623,0.1262209713459015,0.028937766,0.0003,-0.005876803431662362,0.7839651852846146,0.2,0.24747151692708333,2220
224,28758,27525120,957,1425.3639,416.94,-2.7822097331906357,0.17574952884877953,0.024737726897001266,0.028754277,0.0003,-0.006157802001962409,0.7751715630292892,0.2,0.24391194661458335,2230
225,28885,27648000,957,1462.3453,425.32,-2.783990735622744,0.2003213230324521,0.07693351805210114,0.028695157,0.0003,-0.006688924877247094,0.7395264506340027,0.2,0.2405859375,2240
226,29012,27770880,957,1406.8914,416.56,-2.75776530418545,0.189409315372759,0.13400299847126007,0.027870497,0.0003,-0.006299323641469528,0.79890176653862,0.2,0.23658040364583333,2250
227,29138,27893760,957,1409.1464,421.1,-2.690890418427686,0.23716306979185903,0.028597429394721985,0.02876575,0.0003,-0.0058854104316045175,0.8101142197847366,0.2,0.24410074869791668,2260
228,29264,28016640,957,1483.9314,436.52,-2.705618338820835,0.25826260942926943,0.14262127876281738,0.02900763,0.0003,-0.00531238250315558,0.7625976353883743,0.2,0.24125651041666665,2270
229,29394,28139520,957,1388.6422,411.7,-2.7356154959773025,0.23107939121585028,0.11998894065618515,0.028575838,0.0003,-0.0062484647431059175,0.7407368421554565,0.2,0.23865315755208333,2280
230,29520,28262400,957,1391.9137,410.32,-2.7114849376057584,0.2388377281955521,0.05981944501399994,0.028426146,0.0003,-0.005611154379615376,0.7251216769218445,0.2,0.24069498697916666,2290
231,29650,28385280,957,1341.7058,395.14,-2.683340054017802,0.2586711352511581,0.01745758391916752,0.02866953,0.0003,-0.0054011392592656195,0.7650914490222931,0.2,0.2423388671875,2300
232,29779,28508160,957,1468.9921,430.64,-2.7372290464987357,0.24553737436052567,0.10781598091125488,0.02848934,0.0003,-0.005621828245430152,0.7778436690568924,0.2,0.23507731119791667,2310
233,29906,28631040,957,1376.888,411.76,-2.6889096986378234,0.28183738667770136,0.11776912212371826,0.029524336,0.0003,-0.006077893346997977,0.7755945920944214,0.2,0.24349283854166667,2320
234,30033,28753920,957,1443.4799,427.84,-2.6911425660923123,0.25122926589644823,0.03562445193529129,0.030188475,0.0003,-0.005969350605222037,0.7961922436952591,0.2,0.24481852213541666,2330
235,30191,28876800,956,1498.2184,442.78,-2.713051317644616,0.2240085110599951,0.07516387104988098,0.028100064,0.0003,-0.005634989645107756,0.7761784493923187,0.2,0.23912760416666667,2340
236,30319,28999680,956,1411.0055,416.94,-2.7233355982229113,0.19599686017337567,0.089322030544281,0.02786746,0.0003,-0.006207810497714187,0.7691617459058762,0.2,0.23656656901041667,2350
237,30447,29122560,956,1443.9346,422.16,-2.7224063344423968,0.19865435575067145,0.09429167211055756,0.02827969,0.0003,-0.006221473840590382,0.7905279248952866,0.2,0.23510986328125,2360
238,30575,29245440,956,1384.1378,411.04,-2.722195400049289,0.21552102904883214,0.03246673196554184,0.029645983,0.0003,-0.006429934872312515,0.7082470655441284,0.2,0.24014811197916666,2370
239,30705,29368320,956,1451.0767,427.9,-2.702859496014814,0.26615508285254086,0.0654090866446495,0.030235041,0.0003,-0.005767184290214875,0.7547247856855392,0.2,0.24674886067708332,2380
240,30833,29491200,956,1440.7262,426.88,-2.7090839362517,0.21846842510043643,0.08942893147468567,0.02872396,0.0003,-0.0060811093378106305,0.7449982166290283,0.2,0.24048258463541666,2390
241,30960,29614080,956,1323.1647,393.1,-2.690680519292752,0.21365815967787058,0.03232479840517044,0.029800158,0.0003,-0.006221146952029812,0.7573042660951614,0.2,0.2414013671875,2400
242,31087,29736960,956,1418.1864,423.18,-2.6682621653005483,0.2518653806378522,0.07415898144245148,0.029762503,0.0003,-0.005897509276577087,0.7410687208175659,0.2,0.24634765625,2410
243,31215,29859840,956,1405.8484,423.38,-2.6661490533004204,0.22466302575330094,0.04256467521190643,0.03039617,0.0003,-0.00603683779556377,0.7897370606660843,0.2,0.24273030598958334,2420
244,31342,29982720,956,1446.2223,431.22,-2.6457559310769043,0.2586177619463221,0.0678795874118805,0.029712927,0.0003,-0.005498833463376892,0.7393822968006134,0.2,0.24415690104166668,2430
245,31469,30105600,956,1396.0442,415.8,-2.6692497961347303,0.2200281012126167,0.009468574076890945,0.029794319,0.0003,-0.006081678038111325,0.752460241317749,0.2,0.24509928385416666,2440
246,31597,30228480,956,1345.6243,405.56,-2.6395762297759453,0.23273322780635983,0.02110140025615692,0.029162494,0.0003,-0.005609163734358541,0.7757711559534073,0.2,0.24314046223958333,2450
247,31726,30351360,956,1364.1477,407.36,-2.6602323513353863,0.260301405065887,0.03292247653007507,0.029900832,0.0003,-0.005075373278527877,0.8042865097522736,0.2,0.24410074869791668,2460
248,31854,30474240,956,1410.5256,424.1,-2.6559259432926776,0.22075345915101935,0.016535427421331406,0.029061345,0.0003,-0.005964100803048496,0.7550244033336639,0.2,0.24486165364583334,2470
249,31982,30597120,956,1438.0565,432.66,-2.654141301003595,0.2513995431749693,0.04398339241743088,0.028982956,0.0003,-0.005277454883810909,0.7482982575893402,0.2,0.24216471354166666,2480
250,32109,30720000,956,1452.4321,437.02,-2.6833645933121444,0.2401696874802777,0.03852846100926399,0.02964762,0.0003,-0.006343564759796815,0.7030916810035706,0.2,0.24390625,2490
251,32238,30842880,956,1395.1658,420.62,-2.688780405831834,0.22006648996262812,0.07549072802066803,0.029279025,0.0003,-0.006046518320345058,0.741719126701355,0.2,0.24021728515625,2500
252,32368,30965760,956,1376.2855,414.44,-2.6458673025046786,0.25365232015843503,0.12890423834323883,0.02926023,0.0003,-0.005703644082829366,0.7650562524795532,0.2,0.24321533203125,2510
253,32497,31088640,956,1404.6731,416.16,-2.6701249792675177,0.2824190254870336,0.08156588673591614,0.029702885,0.0003,-0.005555164329859205,0.778593510389328,0.2,0.24050130208333334,2520
254,32625,31211520,956,1365.3807,407.9,-2.651843508568903,0.26238008476095276,0.025160644203424454,0.030445706,0.0003,-0.005963525883635157,0.7683459371328354,0.2,0.24522135416666666,2530
255,32754,31334400,956,1458.711,441.34,-2.6129477314154306,0.2035528481656608,0.038708433508872986,0.029113928,0.0003,-0.006031478049092888,0.7545747756958008,0.2,0.23918782552083334,2540
256,32881,31457280,956,1448.1274,433.7,-2.643698890656233,0.22905051672452828,0.060812078416347504,0.029505499,0.0003,-0.005674792436432957,0.7407421469688416,0.2,0.23881998697916668,2550
257,33009,31580160,956,1437.9972,431.24,-2.6439900695408385,0.2172774796136461,0.13336846232414246,0.029320395,0.0003,-0.005617391428604606,0.7726598829030991,0.2,0.24045572916666666,2560
258,33137,31703040,956,1437.1031,431.8,-2.6422531587754685,0.26869353259447964,0.1106109470129013,0.030349748,0.0003,-0.0060416945795077484,0.7451583445072174,0.2,0.24674479166666666,2570
259,33267,31825920,956,1422.423,424.18,-2.651084623100857,0.23874228929227684,0.06977298855781555,0.029252732,0.0003,-0.0058362751345885045,0.7618643492460251,0.2,0.238544921875,2580
260,33394,31948800,956,1350.2769,398.62,-2.6449153536682326,0.20125001267898673,0.02550036460161209,0.028444568,0.0003,-0.00609949525843452,0.7640615552663803,0.2,0.23885579427083334,2590
261,33522,32071680,956,1375.548,405.04,-2.6466924176737665,0.3053924104517015,0.1550605744123459,0.029823659,0.0003,-0.005462518729188256,0.729357123374939,0.2,0.24418050130208332,2600
262,33651,32194560,956,1365.9087,400.64,-2.646348807501296,0.256843337129103,0.04676981270313263,0.029019268,0.0003,-0.005446036921481815,0.7781392633914948,0.2,0.24052815755208334,2610
263,33779,32317440,956,1333.9827,405.4,-2.6209553639094034,0.2337384427517342,0.09720716625452042,0.029380845,0.0003,-0.005397142853647286,0.8099481165409088,0.2,0.23721842447916666,2620
264,33906,32440320,956,1389.1027,414.84,-2.6207780541603762,0.21728385887671417,0.1308998018503189,0.02935708,0.0003,-0.0057747164141558945,0.7806521505117416,0.2,0.24042643229166666,2630
265,34034,32563200,956,1427.5933,425.18,-2.630906906872988,0.21780899601668352,0.07861320674419403,0.028851558,0.0003,-0.005434790362175287,0.764734223484993,0.2,0.23720947265625,2640
266,34163,32686080,956,1322.6406,387.88,-2.6183576267957687,0.1995607131710858,0.35659441351890564,0.029575113,0.0003,-0.005933118584034673,0.8094363361597061,0.2,0.23943684895833334,2650
267,34290,32808960,956,1489.6809,437.42,-2.6278002862880627,0.2455409305857029,0.11696149408817291,0.028813818,0.0003,-0.00509755876180255,0.7925993502140045,0.2,0.23708577473958334,2660
268,34419,32931840,956,1448.5664,427.12,-2.633596879467368,0.2409871709209013,0.38930779695510864,0.029967163,0.0003,-0.005824771335361826,0.7672333121299744,0.2,0.2395947265625,2670
269,34546,33054720,956,1486.505,433.06,-2.6044822966183223,0.28388563358438357,0.08072608709335327,0.029083077,0.0003,-0.005291174244691017,0.759150967001915,0.2,0.24128580729166665,2680
270,34676,33177600,956,1503.3481,440.52,-2.634207032521566,0.21982422223760903,0.23971426486968994,0.028880682,0.0003,-0.005887501731188725,0.7577715367078781,0.2,0.23629150390625,2690
271,34804,33300480,956,1393.7479,412.02,-2.658721778392792,0.1964112289059752,0.08782512694597244,0.028813554,0.0003,-0.006422405224511749,0.7547473013401031,0.2,0.23623291015625,2700
272,34934,33423360,956,1445.8036,420.62,-2.658436029665172,0.2398631048000728,0.08126924186944962,0.028524924,0.0003,-0.005811606309465181,0.7596585303544998,0.2,0.23405029296875,2710
273,35063,33546240,956,1427.8008,415.06,-2.6655052499845624,0.21625469094113214,0.02630259096622467,0.02841149,0.0003,-0.005620171029938017,0.7150861024856567,0.2,0.23552652994791667,2720
274,35190,33669120,956,1370.438,406.06,-2.689745593853295,0.22168963516169848,0.042475376278162,0.028415592,0.0003,-0.006086233872465528,0.7229499220848083,0.2,0.23499104817708333,2730
275,35319,33792000,956,1411.2848,417.5,-2.6828117149819932,0.24743860774615314,0.08552663028240204,0.028328678,0.0003,-0.006040486434861426,0.745072990655899,0.2,0.23380452473958332,2740
276,35447,33914880,956,1425.2372,419.52,-2.6784030416980387,0.2266364122912637,0.12140016257762909,0.029311407,0.0003,-0.006179553445217607,0.750152125954628,0.2,0.23701822916666668,2750
277,35574,34037760,956,1429.3209,415.8,-2.6443245318283637,0.25708240462234244,0.11439642310142517,0.028792975,0.0003,-0.006102320768650316,0.775314599275589,0.2,0.23777018229166666,2760
278,35701,34160640,956,1443.8666,425.06,-2.62054972410202,0.24441151555802207,0.08433185517787933,0.027730959,0.0003,-0.005387113461022939,0.7739103585481644,0.2,0.23308756510416667,2770
279,35828,34283520,956,1483.8523,435.16,-2.630657438946267,0.2849531801716269,0.3659466505050659,0.028565625,0.0003,-0.005442756342805903,0.7404510080814362,0.2,0.23607503255208334,2780
280,35957,34406400,956,1465.5669,422.94,-2.6423083059862256,0.23462446441253026,0.12247247993946075,0.029032754,0.0003,-0.006207527545229823,0.7367706000804901,0.2,0.2358251953125,2790
281,36084,34529280,956,1473.7323,431.68,-2.6609606588756045,0.21397246914420975,0.08252117782831192,0.027703792,0.0003,-0.005481952293442494,0.7156524360179901,0.2,0.23066324869791666,2800
282,36210,34652160,956,1446.7563,423.68,-2.635775165297091,0.25453147068367493,0.48723751306533813,0.028155351,0.0003,-0.005678895973596809,0.6999803185462952,0.2,0.233427734375,2810
283,36338,34775040,956,1468.8464,424.48,-2.6362873074660698,0.25419780292150485,0.012208417057991028,0.02882486,0.0003,-0.005835859992233358,0.7495130002498627,0.2,0.23506103515625,2820
284,36465,34897920,957,1381.4475,404.72,-2.650731633293132,0.20061619946849532,0.06849031895399094,0.027954347,0.0003,-0.006171492491333386,0.7794235199689865,0.2,0.22884440104166667,2830
285,36595,35020800,956,1530.0593,444.84,-2.632444584406912,0.26910911553830374,0.0993955209851265,0.028800748,0.0003,-0.005568312012880294,0.7926368564367294,0.2,0.2325,2840
