time/time_elapsed,time/iterations,rollout/ep_len_mean,rollout/ep_rew_mean,time/fps,time/total_timesteps,train/n_updates,train/value_loss,train/clip_fraction,train/explained_variance,train/policy_gradient_loss,train/loss,train/learning_rate,train/entropy_loss,train/approx_kl,train/clip_range
19,1,438.04,719.5775,6454,122880,,,,,,,,,,
147,2,450.0,700.16034,1661,245760,10,0.24401335551418016,0.07364664713541667,-0.16216051578521729,-0.005284808577944205,0.037831246852874756,0.0005,-4.27050058071812,0.008861498,0.2
273,3,450.0,724.7258,1350,368640,20,0.04938490185139623,0.1124072265625,0.625826895236969,-0.00886215472647867,0.026657385751605034,0.0005,-4.262128744994601,0.011075989,0.2
399,4,441.12,731.00226,1229,491520,30,0.06968468422584313,0.13743489583333332,0.6396410465240479,-0.009665520462688922,0.0055950842797756195,0.0005,-4.252148287793,0.012424513,0.2
526,5,450.0,772.6658,1167,614400,40,0.0885626265918836,0.15336995442708334,0.6327293515205383,-0.009781076025947187,-0.010090440511703491,0.0005,-4.242544779926538,0.013943803,0.2
655,6,442.8,762.0126,1124,737280,50,0.08410779211194798,0.16830403645833333,0.6574777066707611,-0.009831304343685284,-0.0024790316820144653,0.0005,-4.2311286262671155,0.014775323,0.2
785,7,443.22,808.285,1094,860160,60,0.1022570558130974,0.18345947265625,0.6230606734752655,-0.0100794260696451,0.0261349156498909,0.0005,-4.2205796300371485,0.01577741,0.2
912,8,438.8,825.88086,1077,983040,70,0.09892135393883413,0.18567220052083333,0.6694588363170624,-0.009833419491381695,0.02762814238667488,0.0005,-4.205427690818905,0.016257051,0.2
1042,9,443.08,847.6311,1061,1105920,80,0.12556953467486892,0.1905810546875,0.6131797432899475,-0.009182479315774495,0.032705169171094894,0.0005,-4.195162132009864,0.017075948,0.2
1171,10,447.84,868.2324,1049,1228800,90,0.10799548575363588,0.19504964192708332,0.6288659572601318,-0.009037745015472562,0.046019297093153,0.0005,-4.183857487688462,0.017284827,0.2
1298,11,446.28,913.84875,1040,1351680,100,0.12225122399802785,0.20241048177083334,0.6702722907066345,-0.009381211619718973,0.014592532068490982,0.0005,-4.1704925036927065,0.018389976,0.2
1425,12,449.78,955.8068,1034,1474560,110,0.13176004997376972,0.20858968098958333,0.6118404567241669,-0.0085863158503768,0.02916000597178936,0.0005,-4.157072573627035,0.019193534,0.2
1555,13,450.0,921.63983,1026,1597440,120,0.11375659283531907,0.20956787109375,0.6672793924808502,-0.008789672965006805,0.029193749651312828,0.0005,-4.142514065255721,0.01903884,0.2
1682,14,450.0,925.8521,1022,1720320,130,0.1234169656826028,0.21804361979166667,0.6869697868824005,-0.007995885305344928,0.03486518934369087,0.0005,-4.129648177127043,0.019799862,0.2
1810,15,449.66,986.94525,1018,1843200,140,0.1181706544389211,0.21951334635416667,0.6502918303012848,-0.008405383388550642,0.04106585681438446,0.0005,-4.118118023971717,0.02054048,0.2
1939,16,438.18,986.9771,1013,1966080,150,0.1251163859340401,0.22120279947916666,0.6523564457893372,-0.00864513826972446,0.05844173580408096,0.0005,-4.106271183143059,0.020513894,0.2
2070,17,437.88,988.2494,1008,2088960,160,0.12326082218244361,0.224482421875,0.6987369060516357,-0.00799613399331065,0.02189163863658905,0.0005,-4.093124913523595,0.020977791,0.2
2201,18,437.88,1031.6495,1004,2211840,170,0.12654487488907762,0.23214599609375,0.7015871405601501,-0.0077096528815188015,0.07180514931678772,0.0005,-4.076748844459653,0.02165435,0.2
2329,19,437.52,1075.6757,1002,2334720,180,0.12733568267693043,0.23318359375,0.7407559752464294,-0.007087954211480489,0.030555903911590576,0.0005,-4.055641313145558,0.02223919,0.2
2459,20,445.54,1090.3434,999,2457600,190,0.12668477033672387,0.2363818359375,0.719218909740448,-0.007602256543086696,0.029855621978640556,0.0005,-4.054827193071445,0.022695044,0.2
2590,21,441.06,1110.1683,996,2580480,200,0.1192232921202473,0.2345166015625,0.7362044453620911,-0.007369488412611341,0.05625313147902489,0.0005,-4.044825729206204,0.022589983,0.2
2721,22,443.92,1112.0892,993,2703360,210,0.12352864418139992,0.23493489583333332,0.751355841755867,-0.006672645923390519,0.06164921447634697,0.0005,-4.033972579451898,0.022680135,0.2
2849,23,434.66,1123.9869,991,2826240,220,0.1160996888090934,0.23641682942708334,0.7568623572587967,-0.006463955606080466,0.16205072402954102,0.0005,-4.024603944954773,0.023067372,0.2
2980,24,444.66,1157.8363,989,2949120,230,0.11935930653678951,0.24105224609375,0.7456732988357544,-0.006775729471864906,0.03960777819156647,0.0005,-4.014192088507116,0.023804903,0.2
3109,25,448.46,1198.2471,988,3072000,240,0.10601003221585416,0.23876302083333334,0.7893435657024384,-0.006383626331050133,0.06644804030656815,0.0005,-3.9991034041966,0.023376677,0.2
3240,26,441.28,1194.2805,985,3194880,250,0.11957456868985901,0.2442138671875,0.7618616968393326,-0.00635919476380271,0.03911927342414856,0.0005,-3.984973733611405,0.024619581,0.2
3371,27,449.12,1218.0935,984,3317760,260,0.11607529950978157,0.24604085286458333,0.768289715051651,-0.006103403542426046,0.0720829963684082,0.0005,-3.967192670168976,0.024881333,0.2
3499,28,438.52,1210.4591,983,3440640,270,0.12135340337563927,0.24786295572916667,0.7691965997219086,-0.005498584374126949,0.0891442820429802,0.0005,-3.9573708743477862,0.02500329,0.2
3627,29,429.5,1193.4547,982,3563520,280,0.1202456147892129,0.2504093424479167,0.7908164858818054,-0.006162376950366403,0.028666216880083084,0.0005,-3.9471841621523103,0.025759695,0.2
3755,30,441.14,1227.4039,981,3686400,290,0.12625778579269537,0.249384765625,0.8077337890863419,-0.005927432800505509,0.017990238964557648,0.0005,-3.9347875888397295,0.025482995,0.2
3883,31,445.96,1241.6162,980,3809280,300,0.10793991297017783,0.2505598958333333,0.83802230656147,-0.005738393440060463,0.011694545857608318,0.0005,-3.9169563412914674,0.026181182,0.2
4015,32,442.94,1262.6646,979,3932160,310,0.11488523058399247,0.2571915690104167,0.8089915961027145,-0.006028371572507846,0.03897888958454132,0.0005,-3.9040741597488524,0.027000064,0.2
4146,33,444.08,1258.647,977,4055040,320,0.10979638240251613,0.25024169921875,0.8290175646543503,-0.0060348640561884775,0.04268407076597214,0.0005,-3.9070946423709394,0.026067983,0.2
4275,34,433.94,1236.7987,977,4177920,330,0.10050723141107785,0.25229817708333335,0.8213339745998383,-0.005779769394418205,0.08632723987102509,0.0005,-3.8978194240604838,0.026624555,0.2
4406,35,416.72,1201.5488,975,4300800,340,0.11691050754045136,0.254580078125,0.7908449321985245,-0.004767193314398052,0.07225477695465088,0.0005,-3.882331778941055,0.026204893,0.2
4548,36,434.02,1247.3201,972,4423680,350,0.11306187629913135,0.2579573567708333,0.825869008898735,-0.005346558439929747,0.1741020232439041,0.0005,-3.8564856875066957,0.026925484,0.2
4679,37,450.0,1325.1484,971,4546560,360,0.1097767981038972,0.255791015625,0.8562546521425247,-0.004607577247164348,-0.009395498782396317,0.0005,-3.858275175889333,0.027006183,0.2
4840,38,424.98,1248.6687,964,4669440,370,0.09677181898611403,0.2637532552083333,0.774983212351799,-0.005489112456398288,0.03395790234208107,0.0005,-3.8455218272283673,0.028331188,0.2
4972,39,423.2,1261.4844,963,4792320,380,0.11106474869098747,0.2582902018229167,0.8226329535245895,-0.004275126077130456,0.025744611397385597,0.0005,-3.8351168535028894,0.027381858,0.2
5103,40,434.86,1313.4677,963,4915200,390,0.11972805880495192,0.2632828776041667,0.8271830677986145,-0.0046777829100877475,0.02805393934249878,0.0005,-3.8345668896536034,0.02801743,0.2
5234,41,437.98,1328.0725,962,5038080,400,0.12052052774175535,0.25836263020833333,0.8114702105522156,-0.005543899214620372,0.018924273550510406,0.0005,-3.8510301435862977,0.028000463,0.2
5366,42,426.86,1306.979,961,5160960,410,0.1173037644965613,0.2597607421875,0.8419271111488342,-0.005384703146258592,0.05722102150321007,0.0005,-3.8340402707333365,0.028440684,0.2
5499,43,437.08,1329.9385,960,5283840,420,0.1178289730915761,0.2657625325520833,0.8444858491420746,-0.004587403418815181,0.02760767750442028,0.0005,-3.810240135155618,0.028796336,0.2
5630,44,417.84,1266.189,960,5406720,430,0.11128581254791546,0.2680126953125,0.8386566936969757,-0.005694862627812351,0.07718484848737717,0.0005,-3.7941869255403677,0.029548349,0.2
5761,45,433.0,1345.0913,959,5529600,440,0.12019276412397933,0.2681640625,0.8139042109251022,-0.004932422663099108,0.027186617255210876,0.0005,-3.7835456513240935,0.029723188,0.2
5894,46,446.38,1359.6858,959,5652480,450,0.11895449648223197,0.26493408203125,0.7988788187503815,-0.004976609132008889,0.021689623594284058,0.0005,-3.7980051122233274,0.0285207,0.2
6055,47,433.72,1312.2773,953,5775360,460,0.09785278893541545,0.2606404622395833,0.8103854060173035,-0.004580980625863352,0.004230974242091179,0.0005,-3.784433011052509,0.028398441,0.2
6185,48,434.54,1315.8473,953,5898240,470,0.10596084403815136,0.26645345052083336,0.8618375360965729,-0.004440448707679631,0.01420452632009983,0.0005,-3.7644337636232374,0.029452395,0.2
6317,49,427.44,1313.4836,953,6021120,480,0.09760924848087597,0.2654736328125,0.8479505032300949,-0.004757044912785204,0.020244944840669632,0.0005,-3.7586935353899995,0.029304825,0.2
6463,50,431.74,1297.5204,950,6144000,490,0.10681225437874672,0.26211344401041664,0.8645308464765549,-0.005139606732239675,0.019366465508937836,0.0005,-3.7713648127391934,0.029611172,0.2
6596,51,440.9,1342.2253,949,6266880,500,0.11267726473636382,0.2574666341145833,0.860702395439148,-0.00435484376948807,0.012066442519426346,0.0005,-3.7533034773419303,0.028689047,0.2
6728,52,430.36,1338.9257,949,6389760,510,0.10496099067628771,0.25964274088541667,0.8144087940454483,-0.004250702003473634,0.013493329286575317,0.0005,-3.7522641102472942,0.02884422,0.2
6860,53,416.1,1269.2596,949,6512640,520,0.11383326166702318,0.2556486002604167,0.8506530374288559,-0.004472960059993056,0.040160126984119415,0.0005,-3.7553148693591356,0.028250476,0.2
7021,54,428.82,1331.1616,944,6635520,530,0.11519846521967944,0.25768798828125,0.8196554332971573,-0.004118150788081039,-0.002280190587043762,0.0005,-3.711758839637041,0.028704276,0.2
7154,55,445.58,1391.7141,944,6758400,540,0.11881897917133756,0.26046875,0.841434508562088,-0.0038119564707934234,-0.014384744688868523,0.0005,-3.7133995938301085,0.029811688,0.2
7287,56,432.94,1364.5424,944,6881280,550,0.09661550285537183,0.25727783203125,0.8040236383676529,-0.0043465682295633695,0.03780830651521683,0.0005,-3.7058212440336744,0.028699983,0.2
7418,57,439.44,1389.4769,944,7004160,560,0.09972524970871746,0.26063395182291665,0.8352797031402588,-0.004938884113107634,-3.7632882595062256e-05,0.0005,-3.6815128107368946,0.029559264,0.2
7549,58,437.58,1384.3492,944,7127040,570,0.09707231212062956,0.2580485026041667,0.8242658376693726,-0.004405047283368427,0.04043013975024223,0.0005,-3.690318009095887,0.029267542,0.2
7705,59,435.06,1390.1646,940,7249920,580,0.09740716467126428,0.26483154296875,0.8612807840108871,-0.004194243444180757,0.009445959702134132,0.0005,-3.653275506335,0.030073604,0.2
7836,60,440.22,1405.1117,940,7372800,590,0.07974220477301666,0.25506103515625,0.874203622341156,-0.004317377560290272,0.07363970577716827,0.0005,-3.6766708882525565,0.02894599,0.2
7967,61,431.92,1370.3289,940,7495680,600,0.09480175109822692,0.26263916015625,0.8438277244567871,-0.003587690470394591,-0.003244057297706604,0.0005,-3.662634617264072,0.02916368,0.2
8099,62,445.68,1408.7761,940,7618560,610,0.10021537486638409,0.26029134114583335,0.8098915666341782,-0.004093976165980469,-0.010075515136122704,0.0005,-3.6469330623870095,0.029281847,0.2
8229,63,424.82,1372.913,940,7741440,620,0.08930224455500138,0.2600276692708333,0.8404053896665573,-0.003873651791946031,0.010915003716945648,0.0005,-3.627283394038677,0.029631454,0.2
8362,64,421.94,1351.6416,940,7864320,630,0.09987948246047987,0.2597786458333333,0.850480392575264,-0.00455078451295473,0.007106440141797066,0.0005,-3.6525205425421396,0.029685585,0.2
8495,65,440.36,1409.0183,940,7987200,640,0.10227436088525185,0.2634228515625,0.8303527235984802,-0.0038121931223213325,0.02852495014667511,0.0005,-3.6223465822140377,0.029372508,0.2
8628,66,436.28,1408.7236,939,8110080,650,0.08197060292358704,0.255263671875,0.8713077306747437,-0.0037240348426348644,0.012038420885801315,0.0005,-3.606584941968322,0.028568722,0.2
8761,67,436.14,1418.3575,939,8232960,660,0.10613884786012932,0.2602978515625,0.8190438896417618,-0.003495219452155046,0.03960665315389633,0.0005,-3.59952217237403,0.029611452,0.2
8891,68,434.1,1434.7806,939,8355840,670,0.09694614066019615,0.2654012044270833,0.8705510050058365,-0.004019139108944122,0.03534017503261566,0.0005,-3.5824923708662393,0.030166034,0.2
9024,69,427.14,1398.1592,939,8478720,680,0.11162087935197633,0.26107584635416664,0.8585727661848068,-0.004104422358789937,0.01187538355588913,0.0005,-3.594161543076237,0.029739048,0.2
9157,70,434.56,1418.0375,939,8601600,690,0.12297813321240635,0.25843505859375,0.8357332944869995,-0.0036786810368357693,0.02120952680706978,0.0005,-3.573474306004743,0.029573034,0.2
9286,71,426.86,1401.549,939,8724480,700,0.10073329399863723,0.26021240234375,0.845261737704277,-0.004346152304672918,0.01770978607237339,0.0005,-3.5727678396056097,0.029561587,0.2
9416,72,438.28,1441.2188,939,8847360,710,0.11526746018149424,0.2645703125,0.8302948176860809,-0.004329156553643164,0.05662044137716293,0.0005,-3.5615831624468166,0.031114543,0.2
9548,73,444.64,1475.8342,939,8970240,720,0.11960437945226052,0.25799886067708333,0.8228053152561188,-0.004273246229095093,0.037397947162389755,0.0005,-3.5995946449413894,0.029025469,0.2
9678,74,435.8,1435.0302,939,9093120,730,0.11035638037705212,0.2559562174479167,0.8315276354551315,-0.004351236012832184,0.09216469526290894,0.0005,-3.5723920229574047,0.029039297,0.2
9811,75,445.14,1484.1586,939,9216000,740,0.09396044053544755,0.25259765625,0.832742914557457,-0.003989161953007472,0.04288513958454132,0.0005,-3.5585563295458753,0.02826515,0.2
9944,76,441.36,1449.9822,939,9338880,750,0.09801871652457825,0.25066813151041667,0.8452719151973724,-0.0032134305520897517,0.007293485105037689,0.0005,-3.553611020669341,0.029118944,0.2
10076,77,446.24,1465.4583,938,9461760,760,0.09265308528221794,0.25018391927083333,0.836616575717926,-0.004271761064707486,0.04764372482895851,0.0005,-3.555637044211229,0.02934978,0.2
10209,78,434.76,1426.3516,938,9584640,770,0.09845085006925122,0.2605183919270833,0.7898059040307999,-0.00439631040153472,-0.025574153289198875,0.0005,-3.530372341647744,0.029362563,0.2
10339,79,441.76,1461.1581,938,9707520,780,0.10935582444663548,0.2534407552083333,0.8276025354862213,-0.0032170008324040587,0.00715609360486269,0.0005,-3.4835095617299277,0.028990217,0.2
10469,80,415.06,1369.6678,938,9830400,790,0.10536319163419346,0.2569197591145833,0.8105969578027725,-0.0039258661477712545,0.08205007761716843,0.0005,-3.487549810434381,0.029168354,0.2
10602,81,433.78,1433.1764,938,9953280,800,0.10463903713258332,0.25463948567708333,0.8359038978815079,-0.004336838206636457,0.03852859139442444,0.0005,-3.4813956148177385,0.030057745,0.2
10731,82,422.82,1409.2286,938,10076160,810,0.1103493689907676,0.252509765625,0.8224840611219406,-0.003550704779045191,0.039941027760505676,0.0005,-3.482009420928856,0.029874532,0.2
10864,83,431.48,1443.6305,938,10199040,820,0.1159834193472731,0.250888671875,0.8088738769292831,-0.003382269646299392,0.0712663009762764,0.0005,-3.4750169733787577,0.03005304,0.2
10997,84,431.74,1416.1982,938,10321920,830,0.11011975306319073,0.25415445963541666,0.8176060914993286,-0.003894820877479409,0.010371064767241478,0.0005,-3.49250841944168,0.029468259,0.2
11130,85,442.74,1474.7365,938,10444800,840,0.11020723138111256,0.25499104817708335,0.8344284296035767,-0.0038225185581601787,0.01803540252149105,0.0005,-3.472482477799058,0.030565387,0.2
11262,86,440.74,1444.8417,938,10567680,850,0.09900029449544187,0.24686848958333332,0.8336913138628006,-0.003479334871796406,0.042115047574043274,0.0005,-3.4711222512771687,0.029135097,0.2
11395,87,450.0,1499.8856,938,10690560,860,0.10714432668804269,0.24787760416666665,0.8440703898668289,-0.0036334884810518514,0.017237195745110512,0.0005,-3.461339686202506,0.030115929,0.2
11528,88,444.2,1461.0481,937,10813440,870,0.09090691163127,0.24635986328125,0.8551857620477676,-0.0031674732258034056,0.013055555522441864,0.0005,-3.468855690546334,0.029421011,0.2
11660,89,429.7,1384.4666,937,10936320,880,0.09582124753796961,0.2506355794270833,0.8423171192407608,-0.0032374595011121225,0.09369397163391113,0.0005,-3.440214619934559,0.030837465,0.2
11793,90,418.72,1395.7488,937,11059200,890,0.10396542962048747,0.25469970703125,0.8267911821603775,-0.00283286923675405,0.14199112355709076,0.0005,-3.443151225609084,0.03186677,0.2
11923,91,439.72,1451.5848,937,11182080,900,0.12005010410328396,0.26012532552083334,0.8395596444606781,-0.0035266754774086924,0.0272507481276989,0.0005,-3.4460715187589326,0.032338794,0.2
12056,92,435.86,1451.1399,937,11304960,910,0.10497553710752981,0.25406087239583336,0.8006351143121719,-0.003525270963800722,-0.03104354441165924,0.0005,-3.43006879294912,0.030955596,0.2
12190,93,428.12,1405.1338,937,11427840,920,0.11075922767767528,0.25812906901041666,0.8371589183807373,-0.0030579004927767527,0.2939087748527527,0.0005,-3.4034085340673723,0.031124258,0.2
12321,94,411.24,1369.8782,937,11550720,930,0.11601771169836866,0.2590665690104167,0.8247711658477783,-0.0025692687199019323,0.014092735014855862,0.0005,-3.3811319586262107,0.031988684,0.2
12454,95,445.82,1456.3657,937,11673600,940,0.10956659231577456,0.2576985677083333,0.8638963401317596,-0.0030069129521871217,0.030098095536231995,0.0005,-3.3993098529055716,0.032283656,0.2
12588,96,419.96,1375.6011,937,11796480,950,0.11417040300051061,0.26196940104166666,0.8176891207695007,-0.002521414747249461,-0.016074886545538902,0.0005,-3.383880517743528,0.032232765,0.2
12722,97,414.08,1322.6997,936,11919360,960,0.12456394098281938,0.2628377278645833,0.8446481972932816,-0.002396080325906951,0.01633383147418499,0.0005,-3.324685898932318,0.03365248,0.2
12851,98,422.92,1363.4706,937,12042240,970,0.12567861411283957,0.26313395182291666,0.8531599640846252,-0.0024960164218706875,0.08509562909603119,0.0005,-3.3337757913644115,0.033976275,0.2
12985,99,425.28,1390.8694,936,12165120,980,0.12342521887408414,0.2581510416666667,0.8480071872472763,-0.0029295810830262782,0.026961226016283035,0.0005,-3.3444194506232936,0.032750357,0.2
13114,100,418.72,1358.5875,936,12288000,990,0.1255682684731437,0.2614973958333333,0.8525905013084412,-0.0028229600431920214,0.048057910054922104,0.0005,-3.346077318439881,0.033441987,0.2
13248,101,415.8,1344.66,936,12410880,1000,0.1409213500188586,0.2668025716145833,0.8387002348899841,-0.0025846331502483127,0.005240416154265404,0.0005,-3.2959389443074665,0.034165565,0.2
13381,102,446.98,1481.5323,936,12533760,1010,0.13289146318051887,0.26439534505208334,0.8649085909128189,-0.002603232035689871,0.05480320006608963,0.0005,-3.3266758871078492,0.03354827,0.2
13514,103,422.14,1394.5571,936,12656640,1020,0.1363777605276361,0.26027587890625,0.7788747847080231,-0.002680593381931734,0.03146497160196304,0.0005,-3.3331123689686257,0.03264011,0.2
13644,104,446.0,1471.2891,936,12779520,1030,0.1424491139794312,0.25811604817708333,0.8361961394548416,-0.003032878081048693,0.02029389888048172,0.0005,-3.3457135232786337,0.032937538,0.2
13774,105,411.24,1369.2247,936,12902400,1040,0.1434658285007269,0.26691650390625,0.7686425149440765,-0.002934472468829578,0.033851463347673416,0.0005,-3.311428858054181,0.03356603,0.2
13906,106,443.86,1460.6957,936,13025280,1050,0.13990341313697474,0.2609358723958333,0.8502907305955887,-0.0024964982045579138,0.031236734241247177,0.0005,-3.3217865559707085,0.032909673,0.2
14036,107,421.72,1383.6786,936,13148160,1060,0.11570645144024941,0.26529052734375,0.8289095461368561,-0.003071810428664321,0.046614520251750946,0.0005,-3.293753605435292,0.0344007,0.2
14169,108,417.14,1381.1343,936,13271040,1070,0.14498009279952384,0.26427327473958334,0.8271069079637527,-0.0018128227909680087,0.0786610096693039,0.0005,-3.304333999728163,0.03445579,0.2
14302,109,424.86,1411.7407,936,13393920,1080,0.1474265436787391,0.26263671875,0.842493861913681,-0.002407524859888023,0.07802554219961166,0.0005,-3.307226565144956,0.03273065,0.2
14435,110,424.08,1392.6644,936,13516800,1090,0.1442450304372081,0.2678938802083333,0.8381929248571396,-0.002654852534657645,-0.0028066448867321014,0.0005,-3.3035229806229474,0.034232207,0.2
14567,111,405.82,1347.3793,936,13639680,1100,0.13294951795095888,0.2618790690104167,0.8537861406803131,-0.0028803010419202715,0.013456279411911964,0.0005,-3.312743676106135,0.032817386,0.2
14697,112,424.24,1401.1525,936,13762560,1110,0.16283814718704281,0.26130126953125,0.8675542026758194,-0.0025521851721562903,0.11139051616191864,0.0005,-3.3221907816827296,0.033374034,0.2
14826,113,438.48,1461.4332,936,13885440,1120,0.14785230298002716,0.26436767578125,0.8093663454055786,-0.0026691913206620182,0.08922700583934784,0.0005,-3.311052059009671,0.034421787,0.2
14955,114,421.0,1404.159,936,14008320,1130,0.12189833453739993,0.25800944010416665,0.8221310377120972,-0.0027592344621613545,0.05929086357355118,0.0005,-3.312835474212964,0.03339158,0.2
15085,115,425.76,1436.0822,936,14131200,1140,0.1270483016241148,0.2559000651041667,0.8501169085502625,-0.0031921339727887243,0.0025925971567630768,0.0005,-3.3217671192934115,0.034607552,0.2
15218,116,436.3,1470.3096,936,14254080,1150,0.1214033980590951,0.25831298828125,0.7949855774641037,-0.002048123778859008,0.025739025324583054,0.0005,-3.2937578972180686,0.03375372,0.2
15350,117,433.48,1448.298,936,14376960,1160,0.136387474333751,0.25962972005208335,0.8164879977703094,-0.002672237358729035,0.01909947395324707,0.0005,-3.289825353908042,0.03380306,0.2
15479,118,430.76,1443.773,936,14499840,1170,0.122804472171847,0.25940022786458333,0.8317758440971375,-0.0031102288759272292,0.0008914880454540253,0.0005,-3.2813251069312295,0.03368291,0.2
15609,119,433.28,1436.4558,936,14622720,1180,0.13241109495594477,0.2578304036458333,0.8119255155324936,-0.003073398763026489,0.02267332747578621,0.0005,-3.2944365274906158,0.033263255,0.2
15739,120,440.2,1489.4348,936,14745600,1190,0.14183925856137647,0.2578125,0.8379295468330383,-0.002684573416299827,0.0535266250371933,0.0005,-3.2622854234899084,0.034864817,0.2
15869,121,428.48,1447.1959,936,14868480,1200,0.13225473400205373,0.25446207682291666,0.8180178254842758,-0.00285323091695318,0.041071727871894836,0.0005,-3.2594521144529183,0.0328918,0.2
15999,122,440.32,1470.956,936,14991360,1210,0.11876886249888532,0.25546875,0.8416400849819183,-0.0023423126361073326,0.032372478395700455,0.0005,-3.2373361998051404,0.034339245,0.2
16132,123,436.38,1493.467,936,15114240,1220,0.13117097534404215,0.25747802734375,0.801026850938797,-0.0028289405911952298,0.060793399810791016,0.0005,-3.2251770493636527,0.03323027,0.2
16265,124,436.82,1479.5101,936,15237120,1230,0.13567875583209874,0.2553434244791667,0.802455484867096,-0.002070764356055103,0.03310706466436386,0.0005,-3.2378345165153344,0.032941733,0.2
16398,125,414.16,1381.6958,936,15360000,1240,0.10444392216275446,0.25545817057291664,0.823453351855278,-0.001871420619639442,-0.008777668699622154,0.0005,-3.2206905061379074,0.03292734,0.2
16531,126,425.88,1415.707,936,15482880,1250,0.14651621853437974,0.2629850260416667,0.8495698571205139,-0.0024426799598131765,0.015538394451141357,0.0005,-3.202237128391862,0.03547383,0.2
16660,127,429.12,1434.2103,936,15605760,1260,0.12257223905044763,0.26046305338541664,0.8422513157129288,-0.0019066303019887225,0.04611789807677269,0.0005,-3.196572413109243,0.035320584,0.2
16793,128,423.84,1430.1775,936,15728640,1270,0.12603094063611933,0.26607340494791665,0.8555453717708588,-0.002974499599774087,0.06228974461555481,0.0005,-3.1715182528148094,0.036722545,0.2
16926,129,405.96,1364.9797,936,15851520,1280,0.12491354215851364,0.26292236328125,0.8324379175901413,-0.0022511936865036355,0.030000928789377213,0.0005,-3.1613469340528053,0.0354086,0.2
17059,130,422.3,1433.0884,936,15974400,1290,0.14217388301719136,0.2646150716145833,0.8272338062524796,-0.0025158876523225142,0.06755966693162918,0.0005,-3.158598827943206,0.036158,0.2
17192,131,429.66,1427.1266,936,16097280,1300,0.11821353582039591,0.2645947265625,0.7923215329647064,-0.001969072926752536,0.005524706095457077,0.0005,-3.1684000228345393,0.034825962,0.2
17324,132,416.08,1406.8527,936,16220160,1310,0.12102801239011265,0.26458740234375,0.829027995467186,-0.0021028190171819006,0.03038722462952137,0.0005,-3.1565331018095217,0.036270294,0.2
17453,133,426.32,1409.8508,936,16343040,1320,0.14034076610483073,0.2603230794270833,0.8012360781431198,-0.002043703434004177,0.017463963478803635,0.0005,-3.1546992136289678,0.03571293,0.2
17583,134,437.14,1480.3927,936,16465920,1330,0.11985028993716697,0.26211344401041664,0.8326895236968994,-0.0019329375796223757,0.03233591094613075,0.0005,-3.145462856305142,0.035713874,0.2
17716,135,427.18,1439.7468,936,16588800,1340,0.12353083622806783,0.2593660481770833,0.8139811158180237,-0.0024198399289283162,0.04549182206392288,0.0005,-3.158567496140798,0.03396354,0.2
17848,136,428.82,1459.1229,936,16711680,1350,0.1280327051706263,0.26522623697916664,0.8419633656740189,-0.002667119033712879,0.029842622578144073,0.0005,-3.1320957902694744,0.03513764,0.2
17978,137,386.94,1316.5977,936,16834560,1360,0.11192567132393985,0.26128011067708334,0.85958631336689,-0.002956933585137449,0.05868133157491684,0.0005,-3.1338254108404118,0.034462254,0.2
18108,138,431.64,1474.2092,936,16957440,1370,0.13719791881546067,0.2610009765625,0.8571110963821411,-0.0022236498976932733,0.02449914813041687,0.0005,-3.1452963605895636,0.033900358,0.2
18237,139,415.66,1407.3037,936,17080320,1380,0.12480929635222614,0.2585628255208333,0.8074064552783966,-0.002298177633680704,0.09874632954597473,0.0005,-3.112868487474819,0.03517341,0.2
18367,140,443.08,1496.4178,936,17203200,1390,0.12043669158117458,0.25538818359375,0.860357016324997,-0.0020282059322683683,0.0937720537185669,0.0005,-3.1276879677549005,0.03419195,0.2
18500,141,435.82,1484.4039,936,17326080,1400,0.12236969889296839,0.25402180989583334,0.8407192081212997,-0.001916404052632667,0.08403217792510986,0.0005,-3.1288214305664104,0.03400534,0.2
18633,142,438.24,1488.5725,936,17448960,1410,0.13585929684486472,0.26076416015625,0.8296314179897308,-0.0021008161010877303,0.04500659927725792,0.0005,-3.0832802332937717,0.035554882,0.2
18766,143,422.78,1451.8275,936,17571840,1420,0.1494409134130304,0.25893717447916664,0.8303251415491104,-0.0022234741872731926,0.05190508812665939,0.0005,-3.1071716829389335,0.036027625,0.2
18900,144,434.36,1461.4178,936,17694720,1430,0.11775656104155739,0.2503271484375,0.8563857525587082,-0.0019820211037949774,0.11836117506027222,0.0005,-3.1114768926923473,0.03383043,0.2
19033,145,420.92,1433.5978,936,17817600,1440,0.1585428365089077,0.2551652018229167,0.7942230552434921,-0.002063094637236039,0.048115044832229614,0.0005,-3.110468024536967,0.036447424,0.2
19166,146,426.66,1455.4447,936,17940480,1450,0.12569948688527802,0.2593994140625,0.8427692800760269,-0.002757189485807127,0.015593234449625015,0.0005,-3.0981172813723483,0.036528077,0.2
19296,147,427.78,1453.6759,936,18063360,1460,0.1400481492994004,0.25401936848958334,0.8165133744478226,-0.0016467420071179125,0.11034972965717316,0.0005,-3.0916860010971625,0.034458455,0.2
19429,148,431.4,1464.4006,936,18186240,1470,0.13446038237326624,0.25604410807291667,0.8449255377054214,-0.0024941956422420237,0.06085643172264099,0.0005,-3.123626783626775,0.035017237,0.2
19562,149,447.16,1511.8243,935,18309120,1480,0.13561522582739902,0.25344970703125,0.8086458593606949,-0.0018935565259804814,-0.0196848101913929,0.0005,-3.1090303766479095,0.03477152,0.2
19712,150,427.34,1461.761,935,18432000,1490,0.13119899622378095,0.2538094075520833,0.7346674799919128,-0.002392623387368076,0.0733182430267334,0.0005,-3.122980105082194,0.034774918,0.2
19847,151,411.32,1390.9513,934,18554880,1500,0.15125217682129005,0.25466552734375,0.8165203928947449,-0.0014127121623945034,0.060640230774879456,0.0005,-3.0983672025427222,0.03485382,0.2
19978,152,420.22,1417.4459,934,18677760,1510,0.14026975937003347,0.25343994140625,0.8316020220518112,-0.0022555436352073837,0.02672252431511879,0.0005,-3.1113633594786125,0.03468924,0.2
20111,153,430.5,1454.2225,934,18800640,1520,0.1440049556234347,0.25193115234375,0.8276281207799911,-0.0019128583336835922,0.02440916746854782,0.0005,-3.125525258332491,0.033489186,0.2
20244,154,426.02,1447.5822,934,18923520,1530,0.13660375955175066,0.2545035807291667,0.822004035115242,-0.002299651434786938,0.045258425176143646,0.0005,-3.1430847464626033,0.035613004,0.2
20378,155,425.64,1450.8743,934,19046400,1540,0.13935734449856682,0.25449462890625,0.8517537117004395,-0.00254513911583975,0.025413595139980316,0.0005,-3.1192918377245467,0.035215925,0.2
20509,156,421.48,1418.9192,934,19169280,1550,0.1446177507833151,0.2544677734375,0.8489740937948227,-0.002825086501967841,0.060437798500061035,0.0005,-3.1188732590526342,0.035545476,0.2
20639,157,425.04,1414.2611,934,19292160,1560,0.13439151669920343,0.25207275390625,0.8437974005937576,-0.0026793960904797133,0.015067115426063538,0.0005,-3.110022958902021,0.035063084,0.2
20769,158,405.2,1382.0262,934,19415040,1570,0.1471849951222733,0.2546004231770833,0.8561606556177139,-0.002327080937896729,0.035080645233392715,0.0005,-3.1080552243068813,0.03429691,0.2
20902,159,435.0,1466.3739,934,19537920,1580,0.1472327809339428,0.25574462890625,0.823541596531868,-0.0020070148381212977,0.042407840490341187,0.0005,-3.1230871433143816,0.035674386,0.2
21032,160,422.96,1433.1991,934,19660800,1590,0.14670333080546696,0.2554166666666667,0.8341540545225143,-0.0022984699494615294,0.04538970813155174,0.0005,-3.074905704110861,0.035135016,0.2
21165,161,407.1,1382.782,934,19783680,1600,0.1509519123773013,0.25684163411458333,0.833898514509201,-0.0022565076786759163,0.08467353880405426,0.0005,-3.10680966788282,0.035550848,0.2
21299,162,428.72,1449.1012,934,19906560,1610,0.1551618593071665,0.2580859375,0.864273726940155,-0.0025842986085869296,0.08730931580066681,0.0005,-3.100408854857087,0.035582554,0.2
21433,163,418.42,1406.5133,934,20029440,1620,0.14849774520271847,0.25480305989583335,0.8438890725374222,-0.0015602749071877042,0.05013958364725113,0.0005,-3.094052308611572,0.036127552,0.2
21566,164,424.38,1454.6603,934,20152320,1630,0.16517390898496767,0.2574055989583333,0.832814559340477,-0.0020582607460225212,0.05563061684370041,0.0005,-3.0655116884037854,0.03695994,0.2
21696,165,427.68,1430.9847,934,20275200,1640,0.15044112561716852,0.25614013671875,0.8506047874689102,-0.002385695970691207,0.09330540150403976,0.0005,-3.050956589492659,0.035238918,0.2
21830,166,424.78,1436.6138,934,20398080,1650,0.15572327122606414,0.26166666666666666,0.8546914756298065,-0.0026512074874729783,0.16658087074756622,0.0005,-3.0327189981689058,0.036988236,0.2
21961,167,437.96,1473.4832,934,20520960,1660,0.16379549746993385,0.25999348958333335,0.7636111527681351,-0.0018911108473124234,0.2422822117805481,0.0005,-3.0165656203155717,0.036064707,0.2
22095,168,408.12,1393.9624,934,20643840,1670,0.13785728441143874,0.2554215494791667,0.7674458026885986,-0.0022383207484684437,0.05269496142864227,0.0005,-3.0167590233186883,0.03633625,0.2
22225,169,428.08,1443.3969,934,20766720,1680,0.14099216449792343,0.2515787760416667,0.7908909171819687,-0.002753685284127035,0.013839811086654663,0.0005,-3.0457758363336325,0.035519164,0.2
22359,170,436.36,1496.9084,934,20889600,1690,0.1565652825012027,0.25571044921875,0.8044534772634506,-0.002079362429194589,0.08700361102819443,0.0005,-3.0420672661438584,0.03601914,0.2
22493,171,429.2,1495.5088,934,21012480,1700,0.14094408641889458,0.25482584635416666,0.7978811711072922,-0.00263655375279086,0.05143533647060394,0.0005,-3.0523322216173012,0.035046645,0.2
22624,172,424.72,1452.0542,934,21135360,1710,0.14024287978725625,0.2530216471354167,0.8145768940448761,-0.0023311532225792084,-0.004185248166322708,0.0005,-3.046294340280195,0.03525536,0.2
22757,173,431.2,1449.7451,934,21258240,1720,0.15003885574512726,0.25474365234375,0.83859021961689,-0.0018903305018951263,0.035906340926885605,0.0005,-3.0409314551825326,0.03613038,0.2
22888,174,426.22,1448.8264,934,21381120,1730,0.15082123930177962,0.25439371744791667,0.8324824273586273,-0.002175442098620503,0.03156229481101036,0.0005,-3.01650318659842,0.035840042,0.2
23022,175,432.28,1495.1244,934,21504000,1740,0.1259623669728171,0.24440348307291668,0.8427427560091019,-0.0017268477344502269,-0.010185511782765388,0.0005,-3.0507410838454962,0.034068074,0.2
23156,176,431.16,1478.3022,933,21626880,1750,0.1535216957250183,0.2550504557291667,0.8180206716060638,-0.0025311745268603164,0.0076274629682302475,0.0005,-3.0351899275556207,0.035430558,0.2
23318,177,447.54,1529.5459,932,21749760,1760,0.1314176219619306,0.2511368815104167,0.8041978478431702,-0.0025737584765738574,0.02373252436518669,0.0005,-3.027548551062743,0.035883836,0.2
23451,178,422.38,1436.3075,932,21872640,1770,0.12954102858765207,0.25026774088541665,0.8011654317378998,-0.0017196374623260151,0.029154065996408463,0.0005,-3.029001193170746,0.034991376,0.2
23585,179,405.96,1383.1913,932,21995520,1780,0.14075136275205297,0.25043701171875,0.7906337827444077,-0.0020674522585674517,0.027510467916727066,0.0005,-3.01815110322088,0.035606958,0.2
23718,180,418.62,1448.2142,932,22118400,1790,0.12510092812900742,0.2485302734375,0.8266520500183105,-0.001682275984755203,0.04326848313212395,0.0005,-3.0323639517401655,0.0344763,0.2
23880,181,436.66,1481.989,931,22241280,1800,0.14885601245798172,0.24977376302083334,0.8470733016729355,-0.0018511917125943,0.05685098096728325,0.0005,-3.0133625091488163,0.035365257,0.2
24014,182,430.94,1493.2037,931,22364160,1810,0.12201662627921905,0.2503409830729167,0.806437149643898,-0.002361219510627658,0.06741339713335037,0.0005,-3.0306550006568433,0.03508695,0.2
24148,183,440.12,1503.185,931,22487040,1820,0.13584919672614584,0.24630777994791667,0.8207384049892426,-0.001938120016090276,0.09109218418598175,0.0005,-3.0151969204718867,0.034588456,0.2
24279,184,422.34,1431.7712,931,22609920,1830,0.11791460394364549,0.24881754557291666,0.7917859107255936,-0.0017930166944461234,0.02366868034005165,0.0005,-3.0106415337199968,0.03396864,0.2
24413,185,419.28,1433.9236,931,22732800,1840,0.14000180550831526,0.24937906901041668,0.8324053883552551,-0.0019129005702719344,-0.01442011073231697,0.0005,-3.017056804560125,0.035120796,0.2
24547,186,419.46,1424.5991,931,22855680,1850,0.13819982602037878,0.25076497395833336,0.8622041344642639,-0.0020229914262684663,0.004092549905180931,0.0005,-3.0110096908236543,0.03531869,0.2
24678,187,423.18,1453.5231,931,22978560,1860,0.13836310747128058,0.24995198567708332,0.8393379151821136,-0.0020776996014713707,0.03145165368914604,0.0005,-3.019366506213943,0.036341436,0.2
24812,188,433.36,1506.1006,931,23101440,1870,0.15689141888802016,0.24641031901041666,0.8183700293302536,-0.001688235291858291,0.04924812167882919,0.0005,-3.008334348872304,0.036083777,0.2
24943,189,431.0,1478.4464,931,23224320,1880,0.12939372477393288,0.24480631510416667,0.8049877285957336,-0.0021838397345527484,0.01604287512600422,0.0005,-3.0243902593975265,0.0345117,0.2
25074,190,429.96,1486.5664,931,23347200,1890,0.1437474048466538,0.24676432291666667,0.8539732247591019,-0.0019084959095137795,0.033095456659793854,0.0005,-2.986302097501854,0.03580723,0.2
25205,191,427.58,1484.8204,931,23470080,1900,0.1445567283255514,0.24904052734375,0.8328000456094742,-0.002365448307373299,0.002139456570148468,0.0005,-2.974030882207056,0.03655606,0.2
25336,192,434.2,1493.0251,931,23592960,1910,0.14758389215906695,0.25029296875,0.8439434617757797,-0.0025764549206602773,0.03742042928934097,0.0005,-2.9722677573561667,0.036679666,0.2
25470,193,421.12,1469.8297,931,23715840,1920,0.1312014176195953,0.2461865234375,0.8471587300300598,-0.0019368318661266432,0.07715743780136108,0.0005,-2.995770583674312,0.036208354,0.2
25602,194,424.36,1447.4376,931,23838720,1930,0.14163332194749575,0.24764485677083334,0.8326349258422852,-0.0024081322547787444,0.010535258799791336,0.0005,-2.9829519512628515,0.03587321,0.2
25736,195,419.28,1448.7242,931,23961600,1940,0.15234756316291168,0.25017333984375,0.7930722534656525,-0.0017600995799572654,0.028223350644111633,0.0005,-2.957213786703845,0.036478084,0.2
25871,196,411.54,1420.6481,930,24084480,1950,0.13569297241202244,0.24335693359375,0.8469729423522949,-0.0022796947158409847,0.03505216911435127,0.0005,-2.968463446088135,0.034585048,0.2
26005,197,410.04,1428.6624,930,24207360,1960,0.1505525639029414,0.24078287760416667,0.8517297059297562,-0.002124082544238869,0.013748237863183022,0.0005,-2.9960759453102948,0.033857856,0.2
26137,198,430.52,1478.8115,930,24330240,1970,0.1450776892878154,0.24640625,0.8394762277603149,-0.0023507456701827322,0.04341679438948631,0.0005,-2.974663495446245,0.035569645,0.2
26271,199,422.8,1449.604,930,24453120,1980,0.16011632355259886,0.24084147135416667,0.8234448134899139,-0.0012853504686790983,0.04795702546834946,0.0005,-2.970589594480892,0.03449865,0.2
26406,200,426.36,1462.8743,930,24576000,1990,0.1305881796212634,0.2405810546875,0.8260494470596313,-0.002377791181682672,0.057040635496377945,0.0005,-2.990937516565124,0.03458389,0.2
26540,201,414.08,1430.2908,930,24698880,2000,0.15211655908584362,0.246845703125,0.8414449542760849,-0.0021077062506022533,0.10081969201564789,0.0005,-2.9522598137582343,0.035620794,0.2
26675,202,424.4,1439.5626,930,24821760,2010,0.14602171012733986,0.24505696614583333,0.8563548475503922,-0.0020613535530355875,0.017038261517882347,0.0005,-2.9697192930430174,0.034937594,0.2
26806,203,416.68,1451.3767,930,24944640,2020,0.13701308727099482,0.2444873046875,0.8257604986429214,-0.0016261870101394985,0.06184018403291702,0.0005,-2.9210306438431144,0.03646833,0.2
26941,204,430.9,1494.7203,930,25067520,2030,0.15145293837267673,0.24470296223958332,0.8361605554819107,-0.0020321188559228177,0.0631040558218956,0.0005,-2.923623453552524,0.03688862,0.2
27076,205,444.22,1506.645,930,25190400,2040,0.13556114961984955,0.23486490885416667,0.8553071022033691,-0.0015274556669858915,0.043494317680597305,0.0005,-2.954549691056212,0.034588393,0.2
27207,206,424.62,1459.4832,930,25313280,2050,0.13773941883012109,0.23948404947916666,0.8090742975473404,-0.0015285360013634394,0.058796051889657974,0.0005,-2.9656987960884966,0.03490003,0.2
27342,207,431.04,1470.2103,930,25436160,2060,0.12522945513483136,0.23850260416666666,0.8181117177009583,-0.0017184678168875205,0.02908949926495552,0.0005,-2.967669105442862,0.034795035,0.2
27473,208,434.04,1520.5078,930,25559040,2070,0.12865872055486155,0.23508544921875,0.8522750586271286,-0.0019106316377747136,0.04263156279921532,0.0005,-2.9825435350090266,0.03430702,0.2
27607,209,428.08,1470.3414,930,25681920,2080,0.13943825167555285,0.23631591796875,0.7918536812067032,-0.001348170263436259,0.014488853514194489,0.0005,-2.972907922354837,0.035629224,0.2
27738,210,433.84,1509.797,930,25804800,2090,0.14540081345214276,0.23876220703125,0.8320199996232986,-0.0017785866511500596,0.029184702783823013,0.0005,-2.9584086011350155,0.035837684,0.2
27873,211,438.78,1511.0133,930,25927680,2100,0.13152494303920928,0.23627522786458333,0.7984941452741623,-0.0018092461977509326,0.06155093014240265,0.0005,-2.9690402601038417,0.034934577,0.2
28005,212,443.3,1530.6935,930,26050560,2110,0.13091207593640622,0.23239990234375,0.7957689017057419,-0.002152311752888636,0.040198542177677155,0.0005,-2.9905957378198704,0.03490189,0.2
28140,213,444.9,1556.6,930,26173440,2120,0.11376070808677469,0.22558024088541667,0.7649628520011902,-0.0022874933536453077,0.04564251750707626,0.0005,-3.0110290801773467,0.033920046,0.2
28273,214,435.32,1519.4393,930,26296320,2130,0.13499637121742125,0.22696126302083333,0.7844945639371872,-0.0020753805486189475,0.05429285392165184,0.0005,-3.009554682088395,0.033320133,0.2
28408,215,430.4,1486.708,929,26419200,2140,0.14596927590299552,0.23183837890625,0.8235042244195938,-0.0019622550691444,0.03447825089097023,0.0005,-3.005744477150341,0.033901017,0.2
28540,216,437.64,1516.9,929,26542080,2150,0.15648163613659563,0.23090738932291666,0.8000721037387848,-0.002575021887296316,0.047009311616420746,0.0005,-2.983938103641073,0.03607423,0.2
28675,217,425.56,1466.7208,929,26664960,2160,0.13400183741003274,0.225966796875,0.8038979768753052,-0.0020499122157010183,0.05720272287726402,0.0005,-2.998452367261052,0.033461463,0.2
28806,218,432.78,1503.6943,929,26787840,2170,0.13141204788160393,0.22399088541666667,0.8180303424596786,-0.0020908456147662948,0.004081852734088898,0.0005,-2.985411964903275,0.033400953,0.2
28955,219,437.42,1541.4436,929,26910720,2180,0.12112716474492724,0.21723225911458333,0.8387046158313751,-0.002244860745055727,0.02888384461402893,0.0005,-2.979075824779769,0.031497773,0.2
29089,220,445.38,1568.0203,929,27033600,2190,0.12415287588140927,0.21796549479166666,0.8316929191350937,-0.0025730626459881025,0.06743616610765457,0.0005,-2.983266245635847,0.03258645,0.2
29221,221,432.56,1528.2223,929,27156480,2200,0.13799590950870577,0.22381510416666667,0.7352322041988373,-0.0022498983955180542,0.03536263853311539,0.0005,-2.9910577776283027,0.03317783,0.2
29352,222,438.02,1536.0189,929,27279360,2210,0.11205662575472768,0.22096761067708334,0.81730717420578,-0.0022953259877855695,0.06066213548183441,0.0005,-2.976105957912902,0.03246147,0.2
29486,223,433.62,1506.9105,929,27402240,2220,0.11383748394645711,0.21893717447916666,0.7934486865997314,-0.0022423657501106694,0.013593163341283798,0.0005,-2.9768759296958645,0.032305125,0.2
29621,224,431.44,1517.5398,929,27525120,2230,0.10718350509686085,0.22483479817708332,0.8358818143606186,-0.0013228421788790002,0.06326880306005478,0.0005,-2.973396877472599,0.033536743,0.2
29756,225,418.38,1477.5195,929,27648000,2240,0.12328663345547587,0.22102864583333334,0.7930827587842941,-0.0021074710633426246,0.02854744717478752,0.0005,-2.9618207768226665,0.03378855,0.2
29919,226,443.76,1557.3053,928,27770880,2250,0.12781228881455414,0.22188720703125,0.8578543961048126,-0.0019526306138989943,0.04102855548262596,0.0005,-2.9572979557638366,0.033308033,0.2
30053,227,442.12,1547.0128,928,27893760,2260,0.13578933009761385,0.2235546875,0.8295150101184845,-0.002445378078361197,0.065911203622818,0.0005,-2.9602302299812435,0.034490004,0.2
30187,228,436.66,1526.9224,928,28016640,2270,0.12021077870265193,0.22101643880208333,0.8302919119596481,-0.001065387224322573,0.013815246522426605,0.0005,-2.9358564311638475,0.034285665,0.2
30322,229,435.8,1520.314,927,28139520,2280,0.11395387703814777,0.22469482421875,0.8386131823062897,-0.0015278088464553245,0.11582337319850922,0.0005,-2.942975483946502,0.03450283,0.2
30486,230,441.46,1533.3695,927,28262400,2290,0.13668434125041434,0.22491373697916667,0.8382654041051865,-0.0018823260619501526,0.02441306971013546,0.0005,-2.941645320057869,0.034504715,0.2
30649,231,415.12,1462.7775,926,28385280,2300,0.1153583007644435,0.22059407552083332,0.8235486447811127,-0.0018911057196358645,0.02515341341495514,0.0005,-2.927444726030032,0.034282543,0.2
30783,232,417.9,1482.9884,926,28508160,2310,0.1356969993383003,0.22655843098958334,0.8377181589603424,-0.0018674705052520342,0.042757146060466766,0.0005,-2.9107181914523244,0.035699144,0.2
30918,233,434.38,1533.766,926,28631040,2320,0.11957326726764829,0.22183919270833333,0.8692071437835693,-0.0022292196618097174,0.159816712141037,0.0005,-2.9284897815311948,0.034618095,0.2
31071,234,436.28,1506.5668,925,28753920,2330,0.15434480016459323,0.2229833984375,0.8011991232633591,-0.0016065588824221778,0.08694986999034882,0.0005,-2.9303340114528935,0.034577783,0.2
31206,235,442.54,1554.976,925,28876800,2340,0.12655375461268703,0.22617757161458332,0.8522184938192368,-0.0022276748747087063,0.03217368945479393,0.0005,-2.9080179685230054,0.03521712,0.2
31338,236,445.84,1558.8822,925,28999680,2350,0.1551663306223539,0.2275732421875,0.8348878026008606,-0.0017279344350633135,0.05029422044754028,0.0005,-2.883215734573702,0.03621647,0.2
31470,237,428.4,1514.9092,925,29122560,2360,0.1360414407433321,0.22216796875,0.7881539463996887,-0.001929771315523491,0.04543628543615341,0.0005,-2.8877755475416778,0.034646954,0.2
31604,238,431.72,1524.3387,925,29245440,2370,0.1499236143747112,0.22421956380208333,0.8112880289554596,-0.0016748371003268404,0.05286042392253876,0.0005,-2.8653898440425594,0.035858773,0.2
31741,239,424.4,1478.5383,925,29368320,2380,0.11618481976174129,0.22718994140625,0.8431467264890671,-0.0009702316435201889,0.05404986813664436,0.0005,-2.833210583565136,0.035310604,0.2
31876,240,440.82,1544.0725,925,29491200,2390,0.13607454966191046,0.22554117838541668,0.8135358840227127,-0.0008310056112077291,0.024312229827046394,0.0005,-2.8481669510776797,0.03536857,0.2
32010,241,437.16,1542.813,925,29614080,2400,0.12945883723072862,0.22686767578125,0.8101361691951752,-0.0012193679751059487,0.026156088337302208,0.0005,-2.8518394184236726,0.03699938,0.2
32145,242,427.2,1524.9092,925,29736960,2410,0.1392794928495035,0.22434407552083332,0.8132013529539108,-0.001280847040519196,0.04499872773885727,0.0005,-2.860059770941734,0.035481438,0.2
32279,243,440.46,1564.0548,925,29859840,2420,0.13797141129209195,0.22049479166666666,0.8704756796360016,-0.001301611527997011,-0.01587664894759655,0.0005,-2.8573728563388188,0.03461875,0.2
32414,244,426.16,1490.6691,924,29982720,2430,0.14402155075668513,0.22345458984375,0.8451283872127533,-0.0016601170941733774,0.12104372680187225,0.0005,-2.850243767524759,0.035784848,0.2
32549,245,428.06,1533.2113,924,30105600,2440,0.14136890914970232,0.22251139322916666,0.8511602431535721,-0.0015079990127439184,0.03510170429944992,0.0005,-2.8411899399509033,0.03579159,0.2
32684,246,446.92,1577.0504,924,30228480,2450,0.15276409573736602,0.22662109375,0.8733996748924255,-0.0014634516751357296,0.028325341641902924,0.0005,-2.8236936751504738,0.036759753,0.2
32815,247,432.14,1523.408,924,30351360,2460,0.1416977605598125,0.22998372395833333,0.8117774575948715,-0.0018290550298540136,0.07058236002922058,0.0005,-2.789248246140778,0.03726736,0.2
32950,248,420.0,1513.5856,924,30474240,2470,0.13318092920254762,0.22334309895833335,0.8665156960487366,-0.0016858927590874373,0.07517882436513901,0.0005,-2.8003390010694664,0.035428546,0.2
33086,249,432.14,1559.929,924,30597120,2480,0.16534010822467585,0.22564860026041667,0.8441005647182465,-0.0016304752897637325,0.015007823705673218,0.0005,-2.797958935002486,0.036194514,0.2
33218,250,428.22,1524.0571,924,30720000,2490,0.14464281819935423,0.22227620442708335,0.8120546489953995,-0.00166325503324515,0.027206942439079285,0.0005,-2.7960844318072002,0.036524694,0.2
33353,251,440.06,1578.1978,924,30842880,2500,0.14158854951441754,0.22230550130208335,0.8451413661241531,-0.0019590674717255754,0.05350268632173538,0.0005,-2.792795239885648,0.035023037,0.2
33487,252,438.6,1547.0211,924,30965760,2510,0.1277821838161132,0.21726806640625,0.8134338706731796,-0.001516627396279849,0.06693366169929504,0.0005,-2.8146904682492218,0.034970563,0.2
33619,253,425.22,1509.5312,924,31088640,2520,0.15291332651657286,0.21601888020833335,0.8281540125608444,-0.0013714802976816523,-0.007785174995660782,0.0005,-2.777442093243202,0.03404033,0.2
33751,254,436.58,1544.9808,924,31211520,2530,0.1709326971236927,0.221884765625,0.7947881668806076,-0.0017422534434626867,0.0595877505838871,0.0005,-2.784080537048479,0.035385124,0.2
33885,255,431.38,1548.0933,924,31334400,2540,0.13313828368787653,0.2187451171875,0.8147944211959839,-0.0015218190374495558,0.03631419688463211,0.0005,-2.7934067456051705,0.034976833,0.2
34020,256,412.76,1481.7194,924,31457280,2550,0.1633614698246432,0.21694498697916667,0.8158927261829376,-0.002249395144772279,0.07528835535049438,0.0005,-2.774339442513883,0.036167342,0.2
34155,257,434.66,1534.5841,924,31580160,2560,0.15087951682682615,0.21899983723958333,0.8234827518463135,-0.0014377570617580204,0.01549159362912178,0.0005,-2.7841661038125554,0.03601201,0.2
34290,258,426.88,1528.4298,924,31703040,2570,0.14401709491726555,0.2172705078125,0.8253939151763916,-0.0012666067513722131,0.017253749072551727,0.0005,-2.7624022194867335,0.035413444,0.2
34425,259,424.3,1508.6418,924,31825920,2580,0.1225251573335845,0.21645914713541667,0.8375063538551331,-0.0015723990181444,0.012267421931028366,0.0005,-2.7551763325557115,0.03598312,0.2
34560,260,427.46,1534.1451,924,31948800,2590,0.1389153857701361,0.21697509765625,0.8360677063465118,-0.0015847175719257696,0.10651367902755737,0.0005,-2.7527314973870913,0.034562614,0.2
34695,261,438.54,1575.2766,924,32071680,2600,0.14646870497623846,0.21242594401041667,0.8529007732868195,-0.0017959937144890622,0.04951832443475723,0.0005,-2.7749941958859563,0.034498308,0.2
34829,262,443.2,1575.0696,924,32194560,2610,0.1582597819637158,0.21814615885416666,0.780114084482193,-0.0016133000798799913,0.06066659837961197,0.0005,-2.7652983800445994,0.034797646,0.2
34962,263,430.44,1539.2399,924,32317440,2620,0.15487593452446163,0.2158251953125,0.7993710339069366,-0.0016822838652175657,0.047873787581920624,0.0005,-2.7831527514755727,0.03422527,0.2
35096,264,442.08,1590.198,924,32440320,2630,0.13058241739840015,0.21303466796875,0.8566932380199432,-0.0021281213341838644,0.12169736623764038,0.0005,-2.798912849240005,0.032392364,0.2
35228,265,447.14,1598.6575,924,32563200,2640,0.1340169781021541,0.21115397135416666,0.8348172903060913,-0.002034765798932009,0.058058589696884155,0.0005,-2.768414132197698,0.033258144,0.2
35363,266,446.6,1592.8618,924,32686080,2650,0.148622392549975,0.21724934895833334,0.8196136802434921,-0.0016832017607945698,0.03221713751554489,0.0005,-2.741034682740768,0.03362308,0.2
35496,267,427.58,1531.1931,924,32808960,2660,0.12424942262475573,0.21259928385416665,0.8112021535634995,-0.0017301366202627831,0.038993872702121735,0.0005,-2.735967767822246,0.033407632,0.2
35631,268,428.72,1540.9258,924,32931840,2670,0.14768881685158702,0.21460856119791666,0.8021498620510101,-0.0016422248279847433,0.05069730803370476,0.0005,-2.7220715788503487,0.036693294,0.2
35762,269,428.94,1532.7239,924,33054720,2680,0.13988564317687027,0.21113362630208332,0.8619445562362671,-0.0016202295875640024,0.028936853632330894,0.0005,-2.7002123521889247,0.033449087,0.2
35897,270,424.76,1523.236,924,33177600,2690,0.13734274079062744,0.2109814453125,0.8153267502784729,-0.0013672972440993665,0.02256816066801548,0.0005,-2.7063376827786367,0.032037154,0.2
36032,271,429.02,1538.9111,924,33300480,2700,0.1385604654358273,0.21387939453125,0.8110219836235046,-0.0015027172595576607,0.091081902384758,0.0005,-2.6916891351218024,0.035170395,0.2
36164,272,433.3,1545.333,924,33423360,2710,0.12651470769643008,0.206435546875,0.8291967660188675,-0.0016756750855893188,0.0469975583255291,0.0005,-2.7166774599129955,0.03279757,0.2
36299,273,440.16,1581.3383,924,33546240,2720,0.12781753112086638,0.20963948567708332,0.8199989199638367,-0.001637144735614129,0.027914540842175484,0.0005,-2.6837653591111303,0.03618292,0.2
36432,274,439.14,1543.3022,924,33669120,2730,0.14894792787235928,0.21207926432291666,0.799442246556282,-0.0013575009615639526,0.020485147833824158,0.0005,-2.6926488672445217,0.035742544,0.2
36595,275,430.04,1526.1769,923,33792000,2740,0.1736916300216884,0.20855875651041667,0.7937584072351456,-0.0011985455311999734,0.0742921382188797,0.0005,-2.6858144571011264,0.03488324,0.2
36734,276,434.0,1535.6853,923,33914880,2750,0.15362275811271198,0.2022900390625,0.8414613157510757,-0.0010164096095801748,0.04044720157980919,0.0005,-2.695918421857059,0.033258248,0.2
36866,277,418.88,1488.2766,923,34037760,2760,0.1733654212632488,0.20135904947916666,0.8350827842950821,-0.0007830008214674914,0.05095032975077629,0.0005,-2.679710043470065,0.03507041,0.2
37001,278,438.28,1568.2299,923,34160640,2770,0.17045544971488805,0.20267659505208332,0.8407763987779617,-0.001432108804950379,0.09373120963573456,0.0005,-2.7062091305231055,0.03511514,0.2
37135,279,416.8,1491.5953,923,34283520,2780,0.16784777330380166,0.20267740885416666,0.8342352360486984,-0.0011051403336508278,0.11414723098278046,0.0005,-2.7089392791564264,0.034745034,0.2
37284,280,436.1,1534.3711,922,34406400,2790,0.15236331323510968,0.19743489583333335,0.8492617607116699,-0.0011349324608333215,0.037537831813097,0.0005,-2.7253287795558574,0.032205716,0.2
37419,281,436.64,1551.1957,922,34529280,2800,0.16273818692056619,0.19821614583333333,0.8425997346639633,-0.0016033014417007507,0.01837335340678692,0.0005,-2.7087813159202536,0.033884995,0.2
37554,282,438.22,1552.7048,922,34652160,2810,0.13153394127817591,0.20082356770833334,0.8425999283790588,-0.0016188839836225573,0.057073961943387985,0.0005,-2.733298858689765,0.036578823,0.2
37690,283,433.6,1542.9468,922,34775040,2820,0.15841820125535985,0.20038818359375,0.8553133755922318,-0.0018058859401086616,0.023403430357575417,0.0005,-2.7151714226479333,0.034579005,0.2
37830,284,428.7,1515.0509,922,34897920,2830,0.14016516409038254,0.19656901041666666,0.8396957069635391,-0.001076625821012082,-0.0011423509567975998,0.0005,-2.7192822044715284,0.03198058,0.2
37965,285,444.98,1573.0116,922,35020800,2840,0.1490580849921874,0.1969189453125,0.8376936465501785,-0.001082011767818282,-0.00481988862156868,0.0005,-2.7032736321166158,0.032230746,0.2
                                                                                                                                                                                                                                                                                   97920,435.3,284,0.2,0.036102936,-0.0012099562378959188,-2.5480947414413095,0.11145535856485367,0.8226993978023529,0.19162531262273358,0.0005,0.21422037760416668,2830
37033,1483.6589,945,35020800,419.56,285,0.2,0.03668138,-0.0011823780182749033,-2.5642812812638778,0.07297109067440033,0.7776409387588501,0.18735504139399078,0.0005,0.21311930338541665,2840
