rollout/ep_len_mean,rollout/ep_rew_mean,time/iterations,time/fps,time/total_timesteps,time/time_elapsed,train/entropy_loss,train/approx_kl,train/clip_range,train/n_updates,train/clip_fraction,train/learning_rate,train/policy_gradient_loss,train/value_loss,train/loss,train/explained_variance
450.0,1290.2236,1,6592,122880,18,,,,,,,,,,
450.0,1345.6775,2,1587,245760,154,-2.4951416783655684,0.013627659,0.2,6120,0.12031901041666666,0.0003,-0.0011212139809140354,0.33864231162452296,0.0728769451379776,0.6000128090381622
450.0,1171.3567,3,1267,368640,290,-2.5514329575871426,0.018918045,0.2,6130,0.12788167317708332,0.0003,-0.001778530295071808,0.13610282827794434,0.0008521638810634613,0.784177616238594
450.0,1204.6237,4,1081,491520,454,-2.5054633830984434,0.015607162,0.2,6140,0.12113688151041667,0.0003,-0.002462636450103067,0.11977074967886438,0.01802081987261772,0.684015691280365
450.0,1248.6582,5,1036,614400,592,-2.4783609756827354,0.026932899,0.2,6150,0.116689453125,0.0003,-0.0018419672102663754,0.12049577506011701,0.06345929950475693,0.7235873937606812
450.0,1135.5479,6,1015,737280,726,-2.495771483331919,0.015500776,0.2,6160,0.11932210286458333,0.0003,-0.002896824373425867,0.10027341602850356,0.05652064085006714,0.7933124601840973
450.0,1348.114,7,1000,860160,860,-2.5199171456322076,0.0139425155,0.2,6170,0.12480224609375,0.0003,-0.0024654781065025114,0.10969454276448232,0.0362287200987339,0.7778220772743225
450.0,1221.2345,8,973,983040,1009,-2.56023787462463,0.014688929,0.2,6180,0.13298909505208334,0.0003,-0.002730312463093772,0.10931133588645026,0.127568781375885,0.758188396692276
450.0,1252.975,9,966,1105920,1144,-2.54815425435702,0.013997227,0.2,6190,0.12251871744791666,0.0003,-0.0017995339564307264,0.12590764262795953,0.0773223266005516,0.6958319544792175
450.0,1311.2361,10,961,1228800,1278,-2.544395198362569,0.012877392,0.2,6200,0.126708984375,0.0003,-0.002234205286343543,0.09253434220724253,0.04228290170431137,0.8307759314775467
450.0,1170.4995,11,955,1351680,1413,-2.5487557173520328,0.0134874685,0.2,6210,0.12990315755208334,0.0003,-0.0015408924111822368,0.12174066103749889,0.024757547304034233,0.7813989967107773
450.0,1233.8914,12,953,1474560,1546,-2.508162253846725,0.013119486,0.2,6220,0.12410481770833333,0.0003,-0.002172718914904787,0.11258052650050862,-0.0005588605999946594,0.7931749522686005
450.0,1170.2122,13,949,1597440,1682,-2.507080964470903,0.011835179,0.2,6230,0.12514567057291667,0.0003,-0.0019025069677142408,0.08722075336207732,-0.006650710944086313,0.8547960370779037
450.0,1304.0254,14,940,1720320,1829,-2.5490224658697844,0.012855883,0.2,6240,0.13065836588541666,0.0003,-0.0014830950386991997,0.12750721362041076,0.05538230389356613,0.7847353965044022
450.0,1251.3412,15,937,1843200,1965,-2.6028192630658546,0.012048355,0.2,6250,0.12146809895833334,0.0003,-0.0012800458325424795,0.10743436080032552,0.10617462545633316,0.8070083111524582
450.0,1228.8291,16,935,1966080,2102,-2.586463127657771,0.012850791,0.2,6260,0.11628092447916667,0.0003,-0.001554601404186542,0.12425499367280281,0.05772574990987778,0.7306778132915497
450.0,1260.2761,17,933,2088960,2237,-2.6080906088650226,0.014467129,0.2,6270,0.1484130859375,0.0003,-0.003403668768684535,0.08726595736050513,0.015046510845422745,0.8773242756724358
450.0,1234.4645,18,932,2211840,2373,-2.5998273909340304,0.0135270795,0.2,6280,0.12163899739583334,0.0003,-0.0021310086847915956,0.12204012506175786,0.03833061456680298,0.7923285365104675
450.0,1253.796,19,931,2334720,2505,-2.601209811444084,0.016190838,0.2,6290,0.121494140625,0.0003,-0.0025819502508238655,0.09529000067452822,0.09679065644741058,0.7759102284908295
450.0,1209.523,20,930,2457600,2641,-2.5769988837093116,0.012614366,0.2,6300,0.11437744140625,0.0003,-0.0019085832499695244,0.10136274991513346,0.07366668432950974,0.8205106258392334
450.0,1278.5244,21,929,2580480,2775,-2.577714984429379,0.0120977005,0.2,6310,0.11320556640625,0.0003,-0.0022875562862221463,0.09525420453690459,0.03122583031654358,0.7923040688037872
450.0,1239.1097,22,928,2703360,2910,-2.606606392264366,0.013266955,0.2,6320,0.12543701171875,0.0003,-0.0020279796800241456,0.0810598763172311,0.037943094968795776,0.8340339809656143
450.0,1220.7704,23,928,2826240,3045,-2.5824726175144317,0.013563214,0.2,6330,0.12294840494791667,0.0003,-0.0019578936303211473,0.10899249570303558,0.005930166691541672,0.7747913300991058
450.0,1164.8293,24,928,2949120,3177,-2.6107353037471572,0.012024259,0.2,6340,0.12612060546875,0.0003,-0.0019037787055458466,0.09847929654220934,-0.0012942887842655182,0.762908011674881
450.0,1239.5465,25,927,3072000,3313,-2.571419560586413,0.012618282,0.2,6350,0.11128743489583333,0.0003,-0.0018224027597777118,0.1140897283198865,0.018852466717362404,0.7354986667633057
450.0,1267.4061,26,926,3194880,3448,-2.635695960012575,0.012981524,0.2,6360,0.12759847005208333,0.0003,-0.0016695243534923065,0.09522192836249209,0.07238969951868057,0.8128431588411331
450.0,1237.3323,27,925,3317760,3583,-2.6203164475162826,0.012165973,0.2,6370,0.1166357421875,0.0003,-0.0010080526106927815,0.11743713855995641,0.08229484409093857,0.7488050758838654
450.0,1281.479,28,925,3440640,3716,-2.615188905534645,0.012135383,0.2,6380,0.12462565104166666,0.0003,-0.0020883742689269034,0.08355678196698137,0.017553197219967842,0.8510408699512482
450.0,1271.2432,29,925,3563520,3849,-2.648180843864878,0.01197171,0.2,6390,0.1195751953125,0.0003,-0.0009018677342525431,0.118603360606697,0.10326041281223297,0.7641581743955612
450.0,1304.2719,30,924,3686400,3985,-2.6701522268727422,0.011901419,0.2,6400,0.12391520182291667,0.0003,-0.001042149415449482,0.10068047704495257,0.0463949516415596,0.7934916615486145
450.0,1327.9851,31,924,3809280,4119,-2.658421564909319,0.012627109,0.2,6410,0.13253824869791667,0.0003,-0.001823503203868313,0.10819329406794471,0.11607032269239426,0.8202327489852905
450.0,1241.2766,32,923,3932160,4255,-2.66923756364733,0.0124673005,0.2,6420,0.12464029947916666,0.0003,-0.0015314008076105286,0.11424797103512295,0.04102013260126114,0.7939184904098511
450.0,1276.6597,33,923,4055040,4391,-2.6908133322993915,0.011701978,0.2,6430,0.12436848958333334,0.0003,-0.0011535081611267137,0.10410703136760276,0.08528327941894531,0.793380618095398
450.0,1298.4738,34,919,4177920,4541,-2.653900305169324,0.012441884,0.2,6440,0.12247151692708333,0.0003,-0.0016124883550704301,0.11332726433174685,0.01612822152674198,0.7702717930078506
450.0,1215.3896,35,919,4300800,4678,-2.657649681419134,0.012226345,0.2,6450,0.12736165364583332,0.0003,-0.0017262494374153904,0.08879130794479959,0.0068091414868831635,0.8354941755533218
450.0,1245.4768,36,919,4423680,4813,-2.6494508846725027,0.011668408,0.2,6460,0.11760579427083333,0.0003,-0.0011254272503598865,0.11952516966744345,0.10348093509674072,0.8032893240451813
450.0,1276.0061,37,918,4546560,4949,-2.662585211818417,0.011272037,0.2,6470,0.12272542317708333,0.0003,-0.002025027668499509,0.09644391626325766,0.072823666036129,0.8356538712978363
450.0,1285.5056,38,918,4669440,5085,-2.6499254122873146,0.011889121,0.2,6480,0.12452067057291667,0.0003,-0.0011457394685627756,0.12075616617953831,0.015694748610258102,0.8022249639034271
450.0,1206.9584,39,916,4792320,5229,-2.634642106244961,0.012523345,0.2,6490,0.12765950520833333,0.0003,-0.001997939942314891,0.09977077111941374,0.1515990048646927,0.8134357780218124
450.0,1255.3254,40,916,4915200,5365,-2.6199451477577287,0.013279398,0.2,6500,0.1265185546875,0.0003,-0.0013912760911565178,0.10140547365175735,0.005269059911370277,0.8588061630725861
450.0,1276.7078,41,915,5038080,5502,-2.6312835869193076,0.012614038,0.2,6510,0.11911214192708333,0.0003,-0.0015852448424478402,0.10143651564503671,0.06310756504535675,0.8515290170907974
450.0,1169.014,42,915,5160960,5638,-2.6625082256644963,0.012636925,0.2,6520,0.12138102213541667,0.0003,-0.0015453475441366512,0.10272105149454243,0.008205601945519447,0.8047366142272949
446.82,1251.3374,43,914,5283840,5775,-2.6077181279783446,0.013543753,0.2,6530,0.128369140625,0.0003,-0.002387935259563771,0.09279856231019949,0.0027685370296239853,0.8415431827306747
450.0,1251.7922,44,910,5406720,5940,-2.6233689518397054,0.012418095,0.2,6540,0.11669840494791667,0.0003,-0.0011489209479077543,0.10407228870780576,0.12761099636554718,0.7805976718664169
450.0,1248.8682,45,910,5529600,6076,-2.6208338084692757,0.012807199,0.2,6550,0.12066731770833333,0.0003,-0.0017325972727515668,0.10642458009921635,0.0770002081990242,0.7864769995212555
450.0,1302.6792,46,910,5652480,6211,-2.6529272260020176,0.011982527,0.2,6560,0.12507649739583335,0.0003,-0.0019374577857191374,0.09900361360538228,0.05106186121702194,0.8217978328466415
450.0,1242.241,47,909,5775360,6347,-2.6572862770656744,0.012225657,0.2,6570,0.12782470703125,0.0003,-0.0014954737873752795,0.12736839494216837,0.07881653308868408,0.7765037417411804
450.0,1254.6927,48,909,5898240,6483,-2.649249179822703,0.011668929,0.2,6580,0.11867268880208333,0.0003,-0.0012424343597497985,0.10528644622262315,0.010153992101550102,0.8162535130977631
450.0,1304.1575,49,909,6021120,6620,-2.615104781066378,0.011947072,0.2,6590,0.1196484375,0.0003,-0.0013342293934935393,0.11624105205070616,0.004536191001534462,0.7961213886737823
450.0,1231.1176,50,909,6144000,6757,-2.6326517209534845,0.011787945,0.2,6600,0.11776692708333333,0.0003,-0.0014380162554850054,0.11397927903041515,0.08404211699962616,0.8134626001119614
450.0,1247.9471,51,905,6266880,6923,-2.6370082443083325,0.0125878705,0.2,6610,0.12464436848958334,0.0003,-0.0013691112610285927,0.10290331175262206,0.068191297352314,0.827368900179863
450.0,1252.5815,52,905,6389760,7059,-2.6392534540593626,0.012077433,0.2,6620,0.11564127604166667,0.0003,-0.0015146180893528558,0.11047892752156864,0.054013144224882126,0.8243713825941086
450.0,1204.8718,53,905,6512640,7195,-2.6274039676909644,0.012125607,0.2,6630,0.1178076171875,0.0003,-0.0016621379483937441,0.09161380847947537,-0.012828929349780083,0.8450402766466141
450.0,1171.7725,54,905,6635520,7331,-2.6551201146344345,0.012223894,0.2,6640,0.1259521484375,0.0003,-0.0016123450844437077,0.11404294393437643,0.07142651081085205,0.8157428503036499
445.4,1154.3632,55,904,6758400,7467,-2.6506718048701683,0.013233501,0.2,6650,0.11550130208333333,0.0003,-0.0010136057399176934,0.08558071023857337,0.031511638313531876,0.8413726389408112
450.0,1201.1741,56,905,6881280,7603,-2.6156460502371193,0.013329681,0.2,6660,0.12024332682291666,0.0003,-0.002177143929529848,0.10432781590876403,0.018270345404744148,0.7895936369895935
450.0,1206.8722,57,904,7004160,7739,-2.610787385441363,0.012916211,0.2,6670,0.11434163411458333,0.0003,-0.0012848255020981015,0.09047518974017293,0.05037840083241463,0.8034648448228836
449.58,1223.4764,58,905,7127040,7873,-2.5939027682940163,0.013566492,0.2,6680,0.12142740885416667,0.0003,-0.0016595507535870032,0.10034641129486166,0.017286859452724457,0.7962124645709991
450.0,1243.7646,59,905,7249920,8009,-2.6406259727850556,0.013622959,0.2,6690,0.12926432291666667,0.0003,-0.0016870266115438426,0.0963209345460685,0.03679399937391281,0.8088840991258621
450.0,1260.607,60,905,7372800,8145,-2.6410810101653137,0.013163155,0.2,6700,0.12678385416666665,0.0003,-0.0014154183644677688,0.1042892684853238,0.03831203654408455,0.8121628314256668
450.0,1227.3818,61,904,7495680,8287,-2.661309971883893,0.0114349555,0.2,6710,0.11917317708333333,0.0003,-0.0011149204954563174,0.10879707828959605,0.006807491183280945,0.7916920483112335
450.0,1247.7113,62,904,7618560,8420,-2.6498257242143155,0.0119093675,0.2,6720,0.12658121744791667,0.0003,-0.002050039971618389,0.08756203802870005,0.04191400483250618,0.8323956578969955
450.0,1166.0837,63,905,7741440,8553,-2.6590517284721136,0.012829325,0.2,6730,0.11777018229166666,0.0003,-0.0009468459338131652,0.11495451380047599,0.023876115679740906,0.797479584813118
450.0,1173.9688,64,905,7864320,8688,-2.631529235218962,0.012821027,0.2,6740,0.12303385416666666,0.0003,-0.0018414258687395582,0.07723084205019404,-0.01975148543715477,0.8734060078859329
445.14,1339.5536,65,905,7987200,8823,-2.6411908495177827,0.012047925,0.2,6750,0.11674397786458333,0.0003,-0.0019188504812094227,0.09940228307668197,0.05900034308433533,0.8432557284832001
450.0,1227.4991,66,905,8110080,8960,-2.7188473167518774,0.012754052,0.2,6760,0.12938720703125,0.0003,-0.0013906440551424263,0.11107157307140976,0.026076247915625572,0.8042425364255905
450.0,1306.3501,67,905,8232960,9093,-2.6804844745000205,0.013175557,0.2,6770,0.11830729166666666,0.0003,-0.0020037492954664534,0.11444611581668142,0.036090366542339325,0.8103090971708298
450.0,1216.0465,68,905,8355840,9228,-2.713083055342237,0.013309091,0.2,6780,0.1257958984375,0.0003,-0.002195763714171335,0.10613512440664635,0.11196017265319824,0.8240056037902832
450.0,1273.4448,69,905,8478720,9365,-2.6457118478789927,0.01118964,0.2,6790,0.12045979817708333,0.0003,-0.0014289868414562078,0.11242766418145038,0.04750403016805649,0.7799973040819168
450.0,1226.2948,70,905,8601600,9498,-2.671893379241228,0.012140125,0.2,6800,0.1159619140625,0.0003,-0.0012527095609342117,0.1171748328304966,0.010707497596740723,0.765206515789032
450.0,1215.7494,71,905,8724480,9634,-2.633000980950892,0.012674002,0.2,6810,0.11846110026041666,0.0003,-0.0015471969526030685,0.09582734031362633,0.0778660774230957,0.8129952996969223
450.0,1222.369,72,905,8847360,9767,-2.6413741491362455,0.014337848,0.2,6820,0.12344645182291666,0.0003,-0.001769233351630343,0.10194110664834928,0.04196113348007202,0.8664488941431046
450.0,1257.7114,73,905,8970240,9903,-2.63608449999243,0.013514626,0.2,6830,0.12065022786458333,0.0003,-0.001981248132284842,0.09410682745328813,0.08625386655330658,0.835093230009079
450.0,1223.9971,74,905,9093120,10038,-2.6163876828427117,0.014202421,0.2,6840,0.11844645182291667,0.0003,-0.0019632027696631364,0.11784972616645974,0.055121153593063354,0.7652226686477661
450.0,1199.2466,75,905,9216000,10172,-2.642080786464115,0.013806533,0.2,6850,0.11412190755208333,0.0003,-0.0020211673431246406,0.09045156775585686,0.06676603108644485,0.8316799998283386
450.0,1283.2307,76,906,9338880,10306,-2.6553641292701164,0.013867439,0.2,6860,0.12349609375,0.0003,-0.0014892070087686685,0.10893998156665476,0.04183923825621605,0.8056825399398804
450.0,1284.4458,77,903,9461760,10469,-2.62842306026568,0.01370761,0.2,6870,0.11570719401041667,0.0003,-0.0015720508198804359,0.09593374984472272,0.041741758584976196,0.8028702139854431
450.0,1237.3751,78,903,9584640,10604,-2.6532679183532792,0.012199278,0.2,6880,0.1148486328125,0.0003,-0.0014516374601650265,0.1027312271015641,0.027100374922156334,0.7935421615839005
450.0,1166.2607,79,903,9707520,10742,-2.6285487929855784,0.01174199,0.2,6890,0.10735595703125,0.0003,-0.0012148486531683982,0.09156657154172232,0.033782489597797394,0.8130695819854736
450.0,1200.0757,80,903,9830400,10876,-2.6135595443223916,0.013192427,0.2,6900,0.11677652994791667,0.0003,-0.0016665473613951083,0.09799821849119325,0.016023263335227966,0.7964880913496017
450.0,1311.6327,81,901,9953280,11042,-2.61260453770558,0.011369935,0.2,6910,0.10809000651041667,0.0003,-0.0012194850285201634,0.1085539802988933,0.03976289927959442,0.7844789624214172
450.0,1278.2521,82,901,10076160,11179,-2.634370124824345,0.011969984,0.2,6920,0.11905110677083333,0.0003,-0.0014730448757897345,0.10860083198793291,0.01617029681801796,0.7935389131307602
450.0,1208.8132,83,901,10199040,11315,-2.6225246968492866,0.012647748,0.2,6930,0.1177392578125,0.0003,-0.0014928816481672887,0.108051432469656,0.026709511876106262,0.8209461271762848
450.0,1193.305,84,901,10321920,11449,-2.615914926044643,0.011538188,0.2,6940,0.11476725260416666,0.0003,-0.0012658627239943599,0.10180342669404732,-0.0054168496280908585,0.8194732666015625
450.0,1300.3798,85,901,10444800,11584,-2.5662720815464852,0.011506408,0.2,6950,0.1174169921875,0.0003,-0.000890882608564425,0.11478635603782701,0.03835124149918556,0.7713836580514908
450.0,1224.057,86,901,10567680,11720,-2.6062225531910856,0.012492508,0.2,6960,0.12298828125,0.0003,-0.0016024025877080324,0.09804294895002386,0.07307065278291702,0.8539763242006302
450.0,1285.1163,87,901,10690560,11853,-2.591536192658047,0.012768153,0.2,6970,0.12260416666666667,0.0003,-0.00113400188257098,0.11534853275651888,0.0427422970533371,0.7988465279340744
450.0,1280.188,88,902,10813440,11987,-2.623469582659503,0.0119618075,0.2,6980,0.12111735026041667,0.0003,-0.0012808091367060115,0.113653486015149,0.056309182196855545,0.794256716966629
450.0,1311.0602,89,902,10936320,12120,-2.591885829331974,0.014384485,0.2,6990,0.12348551432291667,0.0003,-0.0018973632564605698,0.1191625844524242,0.06852192431688309,0.842023640871048
446.0,1282.5265,90,902,11059200,12257,-2.6083779200538992,0.0123443995,0.2,7000,0.1169775390625,0.0003,-0.0018503558530149652,0.12786356019302428,0.0970320925116539,0.7921514213085175
450.0,1312.1958,91,902,11182080,12389,-2.579438107336561,0.015640028,0.2,7010,0.11928629557291667,0.0003,-0.0014807799229674856,0.10350411764028346,-0.0017635263502597809,0.8160409033298492
450.0,1256.1971,92,902,11304960,12525,-2.591512704292933,0.01257231,0.2,7020,0.11644938151041667,0.0003,-0.0013340164870957476,0.11397437717891687,0.006546646356582642,0.8194762915372849
450.0,1252.8578,93,902,11427840,12660,-2.5811279002204537,0.013021532,0.2,7030,0.12377197265625,0.0003,-0.001857780497502972,0.10672467244691991,0.004113398492336273,0.7916834503412247
450.0,1227.1392,94,902,11550720,12794,-2.6099466086303194,0.012396124,0.2,7040,0.11655192057291666,0.0003,-0.0012190620770888927,0.12090362899645697,0.11294896900653839,0.798374131321907
450.0,1215.0015,95,902,11673600,12930,-2.5793424700324734,0.013304297,0.2,7050,0.1233251953125,0.0003,-0.0016901755404978758,0.10272572093948838,0.04480253905057907,0.8008244335651398
450.0,1233.7479,96,902,11796480,13066,-2.564884500776728,0.012008738,0.2,7060,0.113291015625,0.0003,-0.0014191763187288112,0.11090165933099343,0.03345087915658951,0.7720406502485275
450.0,1250.8405,97,902,11919360,13203,-2.6014260933548212,0.012862948,0.2,7070,0.11792724609375,0.0003,-0.0014343055165348536,0.10006113530117243,0.027951283380389214,0.7802030891180038
444.84,1202.4938,98,902,12042240,13335,-2.5696554529170195,0.0147943515,0.2,7080,0.1283154296875,0.0003,-0.0021492042651758917,0.1110775059232401,0.0317305326461792,0.7875793278217316
450.0,1190.7683,99,902,12165120,13472,-2.5532626611863574,0.012716874,0.2,7090,0.11646484375,0.0003,-0.001540991385063535,0.10078617107901663,0.042313434183597565,0.7818237096071243
450.0,1223.81,100,903,12288000,13607,-2.620826130012671,0.013753383,0.2,7100,0.11585856119791667,0.0003,-0.0014701147509852792,0.09173191263895812,0.1060885488986969,0.8134150356054306
450.0,1274.1974,101,903,12410880,13743,-2.6274683452397585,0.011821706,0.2,7110,0.11924153645833334,0.0003,-0.0015287417668514536,0.11341154747991823,0.04228724539279938,0.768346518278122
450.0,1233.6254,102,903,12533760,13877,-2.6234849100063244,0.011090759,0.2,7120,0.1164208984375,0.0003,-0.0014922178852490712,0.10309503999109439,0.0342857651412487,0.8103700876235962
450.0,1259.1449,103,903,12656640,14014,-2.6078310637921094,0.012859142,0.2,7130,0.12281901041666667,0.0003,-0.0019573979925189633,0.09752674034384351,-0.011879580095410347,0.8608005344867706
450.0,1305.1681,104,903,12779520,14146,-2.61549514071395,0.015118462,0.2,7140,0.12586832682291665,0.0003,-0.0013523168766005256,0.10189954769247075,0.022302746772766113,0.7980420589447021
450.0,1202.6016,105,903,12902400,14282,-2.6037174207220475,0.011976387,0.2,7150,0.11837646484375,0.0003,-0.0013038619728771058,0.1118493336813117,0.02757071703672409,0.7998446077108383
450.0,1255.4854,106,903,13025280,14417,-2.568751327979068,0.013585758,0.2,7160,0.11654296875,0.0003,-0.0015434403512335848,0.09120511001288832,0.09225930273532867,0.8066166490316391
444.4,1203.6737,107,903,13148160,14553,-2.6079578988005716,0.0124924285,0.2,7170,0.12219563802083333,0.0003,-0.0015611768425211872,0.11822076363717011,0.05965793505311012,0.7913842052221298
450.0,1317.7,108,903,13271040,14690,-2.589066151380539,0.0123357875,0.2,7180,0.11793294270833334,0.0003,-0.0015998388181499951,0.1047360033349105,0.051253754645586014,0.8240247964859009
450.0,1218.5972,109,903,13393920,14823,-2.6015486371393006,0.01567089,0.2,7190,0.12553059895833332,0.0003,-0.0011366427243531992,0.11986785194312688,0.012089837342500687,0.8115738779306412
450.0,1229.086,110,903,13516800,14957,-2.5508745503549775,0.012788202,0.2,7200,0.120390625,0.0003,-0.0012775205489560903,0.10049715405019621,0.04883506894111633,0.8389971107244492
450.0,1230.3109,111,903,13639680,15090,-2.5628151325384776,0.0148944305,0.2,7210,0.12092529296875,0.0003,-0.0010377453576074912,0.09301141838067754,0.055570170283317566,0.8508234471082687
450.0,1238.152,112,903,13762560,15224,-2.5805918900171916,0.014256537,0.2,7220,0.11786539713541666,0.0003,-0.0017133462702925801,0.11727093041350599,0.10571207851171494,0.7948713451623917
450.0,1199.6227,113,903,13885440,15361,-2.581879050557812,0.012326942,0.2,7230,0.11003336588541666,0.0003,-0.00115423379039233,0.1006452770550095,0.029958203434944153,0.8088015019893646
450.0,1173.259,114,903,14008320,15496,-2.541479281919698,0.013047644,0.2,7240,0.11596761067708333,0.0003,-0.0015933326392466066,0.09008681715315713,0.016368165612220764,0.8323523700237274
450.0,1290.1688,115,904,14131200,15631,-2.568245085924864,0.013178686,0.2,7250,0.11631429036458334,0.0003,-0.001638990472374644,0.08855686567212008,0.03493010252714157,0.8449523001909256
448.32,1196.7058,116,904,14254080,15766,-2.6032489034657678,0.014560438,0.2,7260,0.11712320963541667,0.0003,-0.0022158273535508974,0.10295157615563463,0.061400845646858215,0.8333578407764435
449.56,1263.9336,117,904,14376960,15901,-2.530342406916122,0.013734465,0.2,7270,0.11821940104166667,0.0003,-0.002418242198891676,0.08733585185902484,0.07661701738834381,0.8616564869880676
443.34,1157.2305,118,904,14499840,16033,-2.576300666915874,0.012150919,0.2,7280,0.117197265625,0.0003,-0.001701965563873576,0.09463082316132689,0.0388047993183136,0.8250706940889359
450.0,1243.5378,119,904,14622720,16168,-2.513781155856947,0.011430864,0.2,7290,0.10293294270833334,0.0003,-0.0012091469438291825,0.08732573222465968,0.09790775924921036,0.8260510116815567
448.66,1267.0164,120,904,14745600,16303,-2.5473994174848,0.013325681,0.2,7300,0.11548258463541666,0.0003,-0.0019896852054262127,0.07518180557543626,0.022995395585894585,0.8721104860305786
450.0,1271.7936,121,904,14868480,16438,-2.5707345645626387,0.012599262,0.2,7310,0.11423258463541666,0.0003,-0.0017179842166600186,0.08326780334372112,0.07898906618356705,0.8504541665315628
450.0,1203.3267,122,904,14991360,16574,-2.583203573885063,0.012536746,0.2,7320,0.11105387369791667,0.0003,-0.0012725177571352713,0.07738019594124732,0.08172339200973511,0.8655731081962585
450.0,1208.4125,123,904,15114240,16709,-2.5831637826561926,0.013290878,0.2,7330,0.11739095052083333,0.0003,-0.0019051094809189332,0.08032444099757413,0.031101137399673462,0.8693161755800247
450.0,1256.7161,124,904,15237120,16842,-2.59888873125116,0.012732621,0.2,7340,0.11743245442708333,0.0003,-0.0015403336114468403,0.08938092077965848,0.12409707903862,0.8656931966543198
450.0,1357.7125,125,904,15360000,16974,-2.570593291359643,0.012880719,0.2,7350,0.12239176432291667,0.0003,-0.0017560261009657552,0.0872993705565265,0.14756560325622559,0.8693296313285828
450.0,1276.9337,126,904,15482880,17109,-2.6022745443383855,0.014463892,0.2,7360,0.11825032552083334,0.0003,-0.0015376147677731448,0.10337220790340022,0.0257952231913805,0.8532116860151291
450.0,1269.366,127,904,15605760,17245,-2.5934004313498735,0.012128163,0.2,7370,0.11174967447916667,0.0003,-0.0011670386248230594,0.10009921557405808,-0.0009430758655071259,0.8466694504022598
450.0,1203.2273,128,905,15728640,17378,-2.614572692674895,0.01201573,0.2,7380,0.11692220052083334,0.0003,-0.0010090893388890738,0.11248902354505845,0.021388590335845947,0.8349470347166061
450.0,1292.8634,129,905,15851520,17514,-2.563516445818047,0.012870546,0.2,7390,0.11984212239583333,0.0003,-0.001977049047187999,0.10449111555079678,0.044475723057985306,0.8305073231458664
450.0,1337.6598,130,905,15974400,17649,-2.5687111071000497,0.012697657,0.2,7400,0.11553385416666667,0.0003,-0.001532932386774822,0.11426747164444047,0.030989445745944977,0.8074932843446732
450.0,1216.9823,131,905,16097280,17785,-2.616356172238787,0.012538314,0.2,7410,0.12766438802083332,0.0003,-0.0023909561496141883,0.09756852453152533,0.03119703009724617,0.8603972345590591
450.0,1209.278,132,905,16220160,17921,-2.560300509457787,0.011495003,0.2,7420,0.11511800130208333,0.0003,-0.0012553099218712304,0.10700058274805391,0.038355063647031784,0.8098938912153244
450.0,1235.53,133,905,16343040,18058,-2.5760081371540826,0.01186504,0.2,7430,0.11643229166666667,0.0003,-0.0015817761890017815,0.10492256713022168,0.025231797248125076,0.8281258195638657
450.0,1309.0895,134,904,16465920,18194,-2.5692242547993858,0.012798107,0.2,7440,0.11664876302083334,0.0003,-0.0017241064490008285,0.10176154554787596,0.02165544591844082,0.8186860084533691
450.0,1251.3689,135,905,16588800,18328,-2.5910018934806187,0.013098121,0.2,7450,0.11518147786458334,0.0003,-0.0017645245544311667,0.09623281311930137,0.02264605090022087,0.8789242282509804
450.0,1278.51,136,905,16711680,18463,-2.5965125931799413,0.012197984,0.2,7460,0.11912434895833333,0.0003,-0.0020367026184309606,0.11721599215530053,0.07644416391849518,0.8417276740074158
450.0,1234.4015,137,905,16834560,18600,-2.647018692046404,0.013243234,0.2,7470,0.11770345052083334,0.0003,-0.0021590440555701207,0.12676610241872063,0.041119445115327835,0.8076229244470596
450.0,1231.4773,138,905,16957440,18733,-2.6237283210332194,0.011127413,0.2,7480,0.10803466796875,0.0003,-0.001145126890666385,0.11173552447216935,0.09787854552268982,0.8240876495838165
450.0,1271.8667,139,904,17080320,18886,-2.6385393317913017,0.012742665,0.2,7490,0.11798583984375,0.0003,-0.0021141870016920922,0.11409231162731885,0.11510194838047028,0.8142245709896088
450.0,1179.409,140,904,17203200,19019,-2.5805812962229053,0.013029416,0.2,7500,0.12253987630208334,0.0003,-0.0020708342603150717,0.09922814142536178,0.011926809325814247,0.8325404971837997
450.0,1253.7909,141,904,17326080,19154,-2.554597158804536,0.012547658,0.2,7510,0.11206217447916667,0.0003,-0.001974048515406442,0.10808122834578777,0.08861230313777924,0.8114267438650131
450.0,1231.675,142,904,17448960,19295,-2.5813635757192968,0.014236925,0.2,7520,0.12499674479166667,0.0003,-0.0023935028100337753,0.10358672149268386,0.027238430455327034,0.8302373886108398
450.0,1267.8539,143,904,17571840,19430,-2.535152082766096,0.012324256,0.2,7530,0.11137369791666667,0.0003,-0.0012039930911062887,0.10460002450510122,0.029007770121097565,0.820455014705658
450.0,1211.532,144,904,17694720,19566,-2.576493260872861,0.012370169,0.2,7540,0.1083837890625,0.0003,-0.0013006949166568423,0.10243381566673633,0.012462347745895386,0.810349851846695
445.4,1230.942,145,904,17817600,19701,-2.5543675398578247,0.013503228,0.2,7550,0.11533121744791666,0.0003,-0.0015664787215185546,0.1115719366427705,0.019765611737966537,0.8027157336473465
445.24,1283.5427,146,904,17940480,19834,-2.5885917321095864,0.0124742305,0.2,7560,0.1193115234375,0.0003,-0.0014110262305287809,0.10198552902426551,0.02559671178460121,0.8254952430725098
450.0,1250.2793,147,904,18063360,19967,-2.603926671134929,0.012216289,0.2,7570,0.12345458984375,0.0003,-0.001489725099424201,0.10911323946190048,0.08190503716468811,0.8028969317674637
450.0,1248.555,148,904,18186240,20103,-2.6124284934004147,0.013352811,0.2,7580,0.12160725911458334,0.0003,-0.0011212413555525321,0.11975484701242142,0.03648990020155907,0.7867003530263901
450.0,1266.5009,149,904,18309120,20235,-2.6154440207282703,0.012116901,0.2,7590,0.11612955729166667,0.0003,-0.0013627347952933633,0.1043000130316553,0.0469391904771328,0.8341184854507446
450.0,1210.5771,150,904,18432000,20371,-2.601217051272591,0.012227269,0.2,7600,0.11875325520833334,0.0003,-0.0010826546397341493,0.11954476927276118,0.024777833372354507,0.8050436824560165
450.0,1257.6311,151,904,18554880,20507,-2.6091903831188876,0.013188231,0.2,7610,0.12403564453125,0.0003,-0.001464896818864266,0.10768183291555034,0.020047558471560478,0.8113032281398773
450.0,1305.2494,152,904,18677760,20640,-2.589795850093166,0.012617997,0.2,7620,0.12220377604166667,0.0003,-0.0016257441098969138,0.11938258715813087,0.11820107698440552,0.7773329019546509
450.0,1254.7129,153,904,18800640,20776,-2.601693170679112,0.013023378,0.2,7630,0.12430419921875,0.0003,-0.0010150506434274576,0.10970109793794108,0.041803061962127686,0.8004353493452072
450.0,1251.8816,154,904,18923520,20912,-2.6125519447401166,0.013336437,0.2,7640,0.1328076171875,0.0003,-0.0017584564641219913,0.1119249083371445,0.08639124035835266,0.8171733319759369
450.0,1237.5641,155,904,19046400,21049,-2.5983654601251085,0.012329635,0.2,7650,0.11495686848958334,0.0003,-0.0011176000900195505,0.10113026924613223,0.03502805158495903,0.8254880458116531
448.76,1273.7037,156,904,19169280,21186,-2.6002083557719984,0.012824194,0.2,7660,0.12805094401041667,0.0003,-0.002000781267549125,0.0999506594069923,0.033725570887327194,0.8385923802852631
450.0,1198.9008,157,904,19292160,21323,-2.584278438736995,0.013061815,0.2,7670,0.11903401692708333,0.0003,-0.001373086644058882,0.10449705388818983,0.01177953276783228,0.8158525973558426
450.0,1243.2444,158,904,19415040,21460,-2.571206581542889,0.012236764,0.2,7680,0.11627360026041667,0.0003,-0.0016685818106695176,0.10773852285240233,0.07593554258346558,0.8001412749290466
450.0,1234.2993,159,904,19537920,21593,-2.618516724507014,0.011039854,0.2,7690,0.11401936848958333,0.0003,-0.001069393929586416,0.11067964763007088,0.10118012130260468,0.8142129778862
450.0,1261.7057,160,904,19660800,21726,-2.560444259655972,0.012573703,0.2,7700,0.11899495442708333,0.0003,-0.0014210847081509808,0.09719664350241752,0.013306445442140102,0.8470386117696762
450.0,1320.5798,161,905,19783680,21859,-2.620579315647483,0.012509431,0.2,7710,0.11677734375,0.0003,-0.0012923787722108197,0.1240622897692568,0.1112004742026329,0.8354137688875198
450.0,1200.8846,162,905,19906560,21995,-2.6300110141312083,0.012764528,0.2,7720,0.12271240234375,0.0003,-0.001043086434462263,0.13205683685383215,0.03905327990651131,0.814714789390564
450.0,1280.801,163,905,20029440,22130,-2.5476291596144436,0.01183807,0.2,7730,0.11413981119791666,0.0003,-0.0016351665111627273,0.10858388791617472,0.07841555774211884,0.8201980739831924
450.0,1248.2289,164,905,20152320,22267,-2.5923085893069704,0.012502569,0.2,7740,0.11579996744791667,0.0003,-0.0014977081908546096,0.10377295675355223,0.03489145636558533,0.826637476682663
450.0,1257.6113,165,905,20275200,22403,-2.5992506306866803,0.011696856,0.2,7750,0.11994384765625,0.0003,-0.001315741531561798,0.12289168026249778,0.005846444517374039,0.7763296961784363
450.0,1274.3339,166,904,20398080,22539,-2.581521310955286,0.011888902,0.2,7760,0.11698486328125,0.0003,-0.00111379911047455,0.10722402427740842,0.057517021894454956,0.8093733042478561
450.0,1302.9498,167,904,20520960,22675,-2.6161387392133473,0.012265089,0.2,7770,0.11593668619791667,0.0003,-0.0014001787668651863,0.10683742675935112,0.0436520129442215,0.8264056742191315
450.0,1319.0061,168,905,20643840,22808,-2.6428508434817193,0.014314679,0.2,7780,0.12626546223958332,0.0003,-0.0014614957011508522,0.12228889917804432,0.01242843084037304,0.8009093999862671
450.0,1243.2162,169,905,20766720,22944,-2.623812510234614,0.012845024,0.2,7790,0.12698567708333333,0.0003,-0.0015198345920543943,0.11593699514698529,0.07825791835784912,0.8031429350376129
450.0,1258.3768,170,905,20889600,23077,-2.626647297864159,0.012195963,0.2,7800,0.12194986979166667,0.0003,-0.0014888463412292671,0.11156357776373625,0.09608882665634155,0.8262873739004135
450.0,1316.39,171,905,21012480,23213,-2.608145319422086,0.012676538,0.2,7810,0.11879231770833333,0.0003,-0.0012009753194661243,0.10391475516594559,0.0743589997291565,0.8269473910331726
450.0,1266.1647,172,905,21135360,23349,-2.6317340335498254,0.013446877,0.2,7820,0.12289713541666666,0.0003,-0.0015455715634319252,0.11602042271498551,0.028746789321303368,0.8033997267484665
443.98,1359.6694,173,905,21258240,23485,-2.615086469774445,0.011920975,0.2,7830,0.11981201171875,0.0003,-0.0013351216257736572,0.10475931267530542,0.04368812218308449,0.7942029386758804
450.0,1212.054,174,905,21381120,23618,-2.647366802444061,0.0122476285,0.2,7840,0.12685872395833334,0.0003,-0.0014347995685238856,0.11708633801645192,0.007903540506958961,0.7755911499261856
450.0,1252.4668,175,905,21504000,23754,-2.577226465716958,0.011357061,0.2,7850,0.11709798177083333,0.0003,-0.0012205869176735481,0.1031913936555308,0.020603060722351074,0.8070375770330429
450.0,1202.1063,176,905,21626880,23887,-2.595608835592866,0.011545213,0.2,7860,0.11314453125,0.0003,-0.001185464442690621,0.11293016745412994,0.03173553943634033,0.776980072259903
450.0,1228.5288,177,905,21749760,24023,-2.612438076051573,0.010779961,0.2,7870,0.11309814453125,0.0003,-0.0008643814086311371,0.10914109283119615,0.14646340906620026,0.8065330535173416
450.0,1238.5652,178,905,21872640,24158,-2.6299105808511376,0.013528925,0.2,7880,0.12559326171875,0.0003,-0.001247828003452014,0.10152459678567538,0.028481388464570045,0.8429903239011765
450.0,1205.8042,179,905,21995520,24294,-2.6074211847782136,0.013054186,0.2,7890,0.11420654296875,0.0003,-0.0021329831328694127,0.09974960202744114,0.023356657475233078,0.8077097088098526
450.0,1255.8809,180,905,22118400,24426,-2.584146457500756,0.013501716,0.2,7900,0.11720621744791666,0.0003,-0.002325175979379613,0.10267797214507784,0.08893091976642609,0.7935932576656342
450.0,1199.2074,181,905,22241280,24561,-2.6250229873880744,0.0131631065,0.2,7910,0.12197428385416667,0.0003,-0.001428823686863628,0.13202794051268332,0.09236131608486176,0.775192454457283
444.58,1206.1436,182,905,22364160,24693,-2.5873898165673017,0.0132783735,0.2,7920,0.11888834635416666,0.0003,-0.0016715582284541597,0.12136471272339501,0.06777492165565491,0.8139972984790802
450.0,1242.6611,183,905,22487040,24828,-2.574740946901341,0.013949409,0.2,7930,0.132763671875,0.0003,-0.002530822069008233,0.1023282790753971,-0.006846381351351738,0.8078504949808121
450.0,1216.3981,184,905,22609920,24962,-2.6039328721910717,0.011962783,0.2,7940,0.11807047526041667,0.0003,-0.0015809288277038528,0.0989362711533128,0.08462072908878326,0.8080535233020782
450.0,1264.0372,185,905,22732800,25094,-2.547232072080175,0.0123926895,0.2,7950,0.11404052734375,0.0003,-0.001718696532334434,0.09952014254607396,0.05819293111562729,0.7874408811330795
450.0,1256.0796,186,905,22855680,25227,-2.57972369654725,0.012036412,0.2,7960,0.11282796223958333,0.0003,-0.0011831183620718852,0.09448849781852914,0.12807105481624603,0.8194994330406189
450.0,1278.336,187,905,22978560,25362,-2.5789648857464393,0.011666815,0.2,7970,0.11134114583333334,0.0003,-0.0012653273332762184,0.0849724150308369,0.014388782903552055,0.8589968532323837
450.0,1301.8743,188,905,23101440,25498,-2.60242853778104,0.010981107,0.2,7980,0.1176611328125,0.0003,-0.001728796605093521,0.09773945021957237,-0.003986841067671776,0.8537969887256622
450.0,1232.1057,189,906,23224320,25633,-2.6370102745046218,0.012803199,0.2,7990,0.12306884765625,0.0003,-0.0003779584585451327,0.10836049626004145,-0.010520219802856445,0.8289981037378311
450.0,1289.6251,190,906,23347200,25769,-2.6202453126137457,0.01169481,0.2,8000,0.11704345703125,0.0003,-0.0013389095397178608,0.11331355667602717,0.02926923707127571,0.8174425065517426
443.88,1211.4886,191,905,23470080,25905,-2.632689242735505,0.012415071,0.2,8010,0.1158349609375,0.0003,-0.001118249376431777,0.09589952599172345,0.11409991979598999,0.8505932539701462
446.6,1169.8745,192,906,23592960,26040,-2.6384542858973146,0.015036132,0.2,8020,0.11600748697916667,0.0003,-0.0015839939004308689,0.11740565867114734,0.028208762407302856,0.7973524481058121
450.0,1257.9875,193,905,23715840,26179,-2.594287401524683,0.013717153,0.2,8030,0.11335286458333334,0.0003,-0.0012961182671188,0.10455607907579785,0.053377069532871246,0.7950314730405807
450.0,1222.284,194,905,23838720,26315,-2.587434104842444,0.013552517,0.2,8040,0.11571533203125,0.0003,-0.0019494686498910596,0.09842890270512726,-0.0055114589631557465,0.8219100534915924
450.0,1311.4055,195,905,23961600,26451,-2.610827441227933,0.015455884,0.2,8050,0.12143961588541667,0.0003,-0.0021586933984265974,0.1014278200003658,-0.0028056781738996506,0.8399017304182053
450.0,1309.7792,196,905,24084480,26584,-2.661646895110607,0.013605108,0.2,8060,0.11578287760416667,0.0003,0.0007134578122653086,0.1255455482184334,0.04385531321167946,0.7778743654489517
450.0,1308.9862,197,905,24207360,26719,-2.6172508388012647,0.012498076,0.2,8070,0.110068359375,0.0003,-0.0018870371499603304,0.11301297876552174,0.18241125345230103,0.805038645863533
450.0,1225.7133,198,906,24330240,26851,-2.646658243201673,0.0128531335,0.2,8080,0.11025553385416667,0.0003,-0.0017089502276212442,0.10947729417763184,0.11191821098327637,0.8280811905860901
450.0,1259.0383,199,906,24453120,26985,-2.650017627105117,0.011142352,0.2,8090,0.10306722005208334,0.0003,-0.00135919017130315,0.11218777058039753,0.12120559066534042,0.8187741041183472
450.0,1210.7758,200,906,24576000,27120,-2.6735344820345444,0.011106012,0.2,8100,0.11319173177083333,0.0003,-0.001624416717083174,0.10835338648209775,0.040821682661771774,0.8378496468067169
450.0,1129.9333,201,906,24698880,27256,-2.6454903012265762,0.010656425,0.2,8110,0.10694173177083334,0.0003,-0.0016037129523222878,0.10458948585757753,-0.005915282294154167,0.8259320855140686
450.0,1243.9296,202,906,24821760,27392,-2.6511319356411693,0.010430029,0.2,8120,0.1087255859375,0.0003,-0.0014615002924407842,0.10904148644222005,0.049499187618494034,0.7896220684051514
450.0,1151.7292,203,906,24944640,27528,-2.634836692735553,0.011408281,0.2,8130,0.10383870442708333,0.0003,-0.0013389730150872006,0.10623091948664902,0.005525629967451096,0.7918646037578583
450.0,1177.8654,204,906,25067520,27661,-2.6396157160649696,0.011477973,0.2,8140,0.10830891927083333,0.0003,-0.0021916196202619175,0.09618150762738271,0.030205797404050827,0.8330505341291428
450.0,1359.8031,205,906,25190400,27796,-2.630406674047311,0.011741964,0.2,8150,0.10627604166666667,0.0003,-0.00154962108274655,0.11116241359375029,-0.00273740291595459,0.842278927564621
450.0,1228.5327,206,906,25313280,27932,-2.6928309374675155,0.010958834,0.2,8160,0.11281982421875,0.0003,-0.0011519670998131914,0.13841707505431258,-0.022731855511665344,0.7582412213087082
450.0,1269.2162,207,906,25436160,28068,-2.628974020568033,0.01143073,0.2,8170,0.11840576171875,0.0003,-0.0021033473654279078,0.09829995502373398,0.19802626967430115,0.8611844927072525
450.0,1202.25,208,906,25559040,28201,-2.6225958178937434,0.011383818,0.2,8180,0.10837239583333333,0.0003,-0.0014626380730199647,0.10626261193591442,0.014066177420318127,0.8316183090209961
446.48,1245.2566,209,906,25681920,28334,-2.567911217349271,0.01336759,0.2,8190,0.11428792317708333,0.0003,-0.0018327952672795315,0.10122784081436596,0.04443478584289551,0.8207854181528091
444.42,1160.9402,210,906,25804800,28467,-2.582328908890486,0.01421346,0.2,8200,0.11317952473958333,0.0003,-0.0012080709882320662,0.10031667113891066,0.038008783012628555,0.8070923984050751
450.0,1178.5905,211,906,25927680,28602,-2.5704953755438327,0.013378485,0.2,8210,0.10922200520833333,0.0003,-0.0014251620950441672,0.1026245857988882,-0.0077911801636219025,0.8208461552858353
450.0,1231.5774,212,906,26050560,28734,-2.5829960019141436,0.012518894,0.2,8220,0.1119677734375,0.0003,-0.001626522640526673,0.10745117286186238,0.04675033688545227,0.8164583891630173
450.0,1252.7317,213,906,26173440,28870,-2.608916963127752,0.011617331,0.2,8230,0.11892659505208333,0.0003,-0.001819824672602408,0.10107671485704486,0.011802822351455688,0.850692480802536
450.0,1308.2672,214,906,26296320,29003,-2.6364259495710334,0.010488475,0.2,8240,0.10799967447916667,0.0003,-0.0011982533100429768,0.12146219350965111,0.0798240453004837,0.8177766352891922
450.0,1329.3655,215,906,26419200,29139,-2.648564247973263,0.011305979,0.2,8250,0.11223307291666666,0.0003,-0.001245726818760886,0.12063266740306669,0.06835605204105377,0.8115031570196152
450.0,1265.3469,216,906,26542080,29276,-2.619084729030728,0.011391295,0.2,8260,0.11083089192708333,0.0003,-0.0014394758440676014,0.12412519893987337,0.15216092765331268,0.828179657459259
450.0,1187.1904,217,906,26664960,29413,-2.56284317911913,0.012327086,0.2,8270,0.10671793619791667,0.0003,-0.0018726648156128553,0.10471488682276686,-0.005183504894375801,0.8275807946920395
450.0,1263.3617,218,906,26787840,29549,-2.5694121316447855,0.010574072,0.2,8280,0.10431966145833334,0.0003,-0.0015454779591224602,0.09812353661540935,0.06522081792354584,0.7999241352081299
450.0,1240.4131,219,906,26910720,29682,-2.63500566487511,0.011151437,0.2,8290,0.10880452473958334,0.0003,-0.0015052482374327762,0.10879827963629699,0.04181569442152977,0.8082539737224579
450.0,1314.7007,220,906,27033600,29818,-2.612804188976685,0.011591462,0.2,8300,0.1080078125,0.0003,-0.0012608054553493275,0.10553196489000886,0.012634139508008957,0.7912445962429047
450.0,1238.7072,221,906,27156480,29951,-2.7017461761211354,0.01180749,0.2,8310,0.11083414713541667,0.0003,-0.0015234733627524596,0.13283934858850746,0.07183980941772461,0.7905654907226562
450.0,1267.8987,222,906,27279360,30087,-2.6317410390327374,0.011590914,0.2,8320,0.1040966796875,0.0003,-0.001791963965464068,0.10352471206099532,0.0890568196773529,0.813583105802536
450.0,1224.1235,223,906,27402240,30223,-2.685061428062618,0.010782995,0.2,8330,0.10231852213541667,0.0003,-0.0009417592947283993,0.11596902791124497,0.031743813306093216,0.8265518397092819
450.0,1281.2764,224,906,27525120,30359,-2.7138022570684552,0.01067177,0.2,8340,0.10546468098958334,0.0003,-0.0013587142321891102,0.11119017439620317,0.058580756187438965,0.8318925201892853
450.0,1243.9352,225,906,27648000,30497,-2.6518907077113787,0.011152212,0.2,8350,0.10785563151041666,0.0003,-0.0017222527430749324,0.11318415172752187,0.06441698223352432,0.7931331396102905
450.0,1343.6317,226,906,27770880,30632,-2.6269316509117684,0.011391721,0.2,8360,0.10317220052083333,0.0003,-0.0013389885249792618,0.10654362292831744,0.03268313407897949,0.7935464531183243
450.0,1393.9397,227,906,27893760,30765,-2.6818428244441748,0.01084313,0.2,8370,0.10802571614583334,0.0003,-0.0010894792478939052,0.11278283217043887,0.10229089856147766,0.7703936994075775
450.0,1302.5126,228,906,28016640,30899,-2.728518165759742,0.011043034,0.2,8380,0.10603678385416666,0.0003,-0.0011830626420184368,0.126676697506288,0.006040789186954498,0.7567086219787598
448.36,1260.0032,229,906,28139520,31032,-2.6673076847816506,0.01032132,0.2,8390,0.10396891276041667,0.0003,-0.0013670355378114134,0.10700607308834151,0.018023943528532982,0.7852936387062073
450.0,1217.3804,230,906,28262400,31169,-2.69293060498933,0.010914939,0.2,8400,0.11117106119791667,0.0003,-0.00172843352507698,0.1203296715390752,0.05171482264995575,0.794668897986412
450.0,1210.5508,231,906,28385280,31304,-2.6774963060890635,0.010676959,0.2,8410,0.10732828776041667,0.0003,-0.001292674479057799,0.11128342456785807,0.021348044276237488,0.7957456409931183
450.0,1244.2506,232,906,28508160,31440,-2.6374408887450893,0.01022279,0.2,8420,0.0990380859375,0.0003,-0.001545295223853221,0.11223435635940404,0.010295424610376358,0.7783986926078796
450.0,1202.8193,233,906,28631040,31576,-2.6636025761564572,0.011469445,0.2,8430,0.1050439453125,0.0003,-0.0016456878965315507,0.10409765148057583,0.00912354327738285,0.8071697801351547
450.0,1352.8417,234,906,28753920,31713,-2.661413777458171,0.009390877,0.2,8440,0.09454833984375,0.0003,-0.0013634364754458754,0.10391552146046402,0.023071186617016792,0.8119958490133286
450.0,1315.692,235,906,28876800,31847,-2.7174761940538885,0.010472631,0.2,8450,0.10664794921875,0.0003,-0.001955120966085815,0.10483717407521909,0.040322937071323395,0.8583229184150696
450.0,1286.8987,236,906,28999680,31983,-2.7058875486875573,0.01110538,0.2,8460,0.10690836588541666,0.0003,-0.001739327891876504,0.10700949986222744,0.003286397084593773,0.86168073117733
450.0,1219.0916,237,906,29122560,32121,-2.6731777123858533,0.0104546165,0.2,8470,0.10594563802083333,0.0003,-0.0018197719921893925,0.10068176427991905,0.03045191988348961,0.8373905569314957
450.0,1215.31,238,906,29245440,32258,-2.661814685103794,0.010304893,0.2,8480,0.09927408854166667,0.0003,-0.001202936935321001,0.10741093673740883,0.013197068125009537,0.7965577989816666
450.0,1216.5372,239,906,29368320,32394,-2.5939283323039612,0.010871235,0.2,8490,0.09706298828125,0.0003,-0.0018106671649487302,0.09987076337391045,0.05622047558426857,0.7943456619977951
450.0,1279.3933,240,906,29491200,32531,-2.688890753276646,0.011089498,0.2,8500,0.10906494140625,0.0003,-0.0014572782882896719,0.10580071284372632,0.0034163836389780045,0.7725751250982285
450.0,1221.2837,241,906,29614080,32664,-2.6993339403842884,0.010702312,0.2,8510,0.1055810546875,0.0003,-0.001928465185216434,0.1112171464121396,0.09893515706062317,0.7819793820381165
450.0,1233.4398,242,906,29736960,32798,-2.6340719472492733,0.009897804,0.2,8520,0.09817545572916667,0.0003,-0.0012290099259522928,0.09915293709253699,0.06722040474414825,0.7966542392969131
450.0,1217.8835,243,906,29859840,32931,-2.68262476451695,0.012325396,0.2,8530,0.09994791666666666,0.0003,-0.0016717611362764729,0.11175111115289231,0.12870238721370697,0.78497414290905
450.0,1271.8232,244,906,29982720,33068,-2.676194005248447,0.011306588,0.2,8540,0.09909993489583334,0.0003,-0.0018697844928950264,0.10645931924387696,-0.005231212824583054,0.8071706593036652
450.0,1269.172,245,905,30105600,33233,-2.7124162886540093,0.009982371,0.2,8550,0.09750081380208334,0.0003,-0.0011821464213911288,0.11581963824777632,0.05647816136479378,0.7929584085941315
450.0,1231.3247,246,905,30228480,33368,-2.7318213477358224,0.010718427,0.2,8560,0.09431640625,0.0003,-0.0011735593544290168,0.12108752456619792,0.029344309121370316,0.785985916852951
450.0,1196.2234,247,905,30351360,33504,-2.6647764853015543,0.010794636,0.2,8570,0.09568277994791667,0.0003,-0.0015193473321899848,0.10045552651155353,0.04334648698568344,0.8134806454181671
450.0,1250.8481,248,905,30474240,33639,-2.666344310157001,0.0123453755,0.2,8580,0.11205973307291667,0.0003,-0.0023610613901504014,0.11013626689532732,0.0421578586101532,0.8234586715698242
450.0,1221.4586,249,905,30597120,33775,-2.6150224087263148,0.013159525,0.2,8590,0.104638671875,0.0003,-0.0014124404247377242,0.09370812405337346,0.0024725794792175293,0.8141108602285385
450.0,1200.7465,250,905,30720000,33909,-2.690610978975892,0.011283489,0.2,8600,0.10065348307291666,0.0003,-0.0013597140515291053,0.11664974810541025,0.12570878863334656,0.7594397515058517
450.0,1202.2585,251,905,30842880,34075,-2.610308430753648,0.013409989,0.2,8610,0.1068798828125,0.0003,-0.0016141838177221265,0.0959673614969021,0.12299748510122299,0.8197725713253021
448.74,1246.5336,252,905,30965760,34211,-2.642977504792313,0.0123566445,0.2,8620,0.10388916015625,0.0003,-0.0017624028669069958,0.10527210404031696,0.07278330624103546,0.7785789519548416
450.0,1264.237,253,905,31088640,34347,-2.6427395863085987,0.011835217,0.2,8630,0.10225992838541667,0.0003,-0.0014549324230817243,0.10517651740808409,0.030923113226890564,0.777257576584816
450.0,1245.6968,254,905,31211520,34480,-2.6420743226384125,0.01125444,0.2,8640,0.09660319010416667,0.0003,-0.0014023691971427373,0.10864308560351978,0.00963684543967247,0.7621031552553177
450.0,1230.9647,255,905,31334400,34616,-2.666092899615566,0.010436011,0.2,8650,0.10197347005208333,0.0003,-0.0017749264288128568,0.10107082302131554,0.06619200110435486,0.7907968461513519
450.0,1216.9958,256,905,31457280,34749,-2.6616652764255804,0.010364466,0.2,8660,0.09879475911458334,0.0003,-0.001382532145538183,0.09952128791390957,0.02272772789001465,0.8117905706167221
450.0,1201.7273,257,905,31580160,34885,-2.6496353298053146,0.009553816,0.2,8670,0.09676188151041666,0.0003,-0.0011661340658793051,0.10590481644270767,0.05129033327102661,0.7909343242645264
450.0,1318.1752,258,905,31703040,35018,-2.6526860142250857,0.010692491,0.2,8680,0.09268636067708333,0.0003,-0.001330638016879675,0.10069572076080173,0.03193562105298042,0.8079136610031128
450.0,1203.9305,259,905,31825920,35151,-2.6890472807983556,0.010599987,0.2,8690,0.09930094401041667,0.0003,-0.001750525833622305,0.10942963923036586,0.1731840819120407,0.8122523128986359
450.0,1198.2332,260,905,31948800,35288,-2.6704366103559734,0.009761824,0.2,8700,0.09336018880208333,0.0003,-0.001545070160658118,0.10134827273371533,0.02897557057440281,0.8101619184017181
450.0,1314.9995,261,905,32071680,35421,-2.6609949046373367,0.009547371,0.2,8710,0.09887125651041667,0.0003,-0.001719771244615913,0.09760446992178913,0.08821841329336166,0.8151650577783585
450.0,1236.8804,262,905,32194560,35558,-2.7231251361469426,0.011187797,0.2,8720,0.10030110677083333,0.0003,-0.0013112123512989153,0.11324150567292236,0.0435582771897316,0.7904755920171738
450.0,1296.1294,263,905,32317440,35691,-2.66714004188776,0.010706403,0.2,8730,0.09671468098958333,0.0003,-0.0012413126196831096,0.10769883962221986,0.0863223522901535,0.7993355095386505
449.7,1303.5018,264,905,32440320,35824,-2.70495369926095,0.011616139,0.2,8740,0.101220703125,0.0003,-0.001741409209688148,0.10408691873509572,0.005621001124382019,0.8053062856197357
450.0,1193.6144,265,905,32563200,35960,-2.717453902127842,0.012428486,0.2,8750,0.10354085286458334,0.0003,-0.0013498532445191814,0.10330798133004768,-0.006754996255040169,0.814456969499588
450.0,1249.0188,266,905,32686080,36097,-2.6788269285609325,0.009969685,0.2,8760,0.0885205078125,0.0003,-0.0013437279592108098,0.09861199072256568,0.0640786811709404,0.7923536151647568
450.0,1236.8062,267,905,32808960,36234,-2.743884203284979,0.011523729,0.2,8770,0.10109456380208333,0.0003,-0.0015564021014688478,0.10855222639603501,0.13533934950828552,0.8089055567979813
450.0,1274.5454,268,905,32931840,36366,-2.7097037274887166,0.011748781,0.2,8780,0.1003466796875,0.0003,-0.0017069442231574309,0.10334006661675327,0.02950885146856308,0.7865375280380249
450.0,1274.8287,269,905,33054720,36502,-2.754366253055632,0.01165141,0.2,8790,0.10186360677083334,0.0003,-0.0012332781419596964,0.10249754041273264,0.021101506426930428,0.82346211373806
450.0,1161.1034,270,905,33177600,36635,-2.6976851703226568,0.009905891,0.2,8800,0.09834147135416667,0.0003,-0.0016708090699345728,0.08978655093970399,0.017644517123699188,0.8515915870666504
450.0,1236.5706,271,905,33300480,36770,-2.705267677853505,0.011623818,0.2,8810,0.10277099609375,0.0003,-0.0016881402963978569,0.10607018492582332,0.020671380683779716,0.7916984260082245
450.0,1199.176,272,905,33423360,36903,-2.7457919242357214,0.010047921,0.2,8820,0.10224527994791667,0.0003,-0.0016828444778123714,0.1158693737538609,0.016896847635507584,0.7893489450216293
450.0,1237.5897,273,905,33546240,37039,-2.690511935328444,0.0132327555,0.2,8830,0.10591471354166666,0.0003,-0.001805305488354255,0.08921753944428928,0.04543871432542801,0.8765188753604889
450.0,1283.7303,274,905,33669120,37173,-2.6987999816114705,0.011401521,0.2,8840,0.1031103515625,0.0003,-0.0013727552083037152,0.11292940985256185,0.09909051656723022,0.8382775783538818
450.0,1280.1826,275,905,33792000,37309,-2.7214219386378926,0.010503298,0.2,8850,0.10116861979166666,0.0003,-0.001428228115892125,0.12277786356358168,0.13216038048267365,0.7920824289321899
450.0,1196.9934,276,905,33914880,37446,-2.720389277736346,0.018059367,0.2,8860,0.1032666015625,0.0003,-0.00157779327272389,0.11868278074107366,0.05043195188045502,0.8052049875259399
450.0,1319.1952,277,905,34037760,37581,-2.6365701563035446,0.014622301,0.2,8870,0.09875813802083333,0.0003,-0.0014421785801641818,0.09825051284771083,0.09255841374397278,0.8096309304237366
450.0,1256.2527,278,905,34160640,37714,-2.7032190903152027,0.012703757,0.2,8880,0.10396728515625,0.0003,-0.0015430522002710253,0.1169090772010774,0.008793860673904419,0.765751525759697
450.0,1285.7518,279,905,34283520,37846,-2.6704680873453617,0.012515727,0.2,8890,0.10842854817708333,0.0003,-0.0016593214576399382,0.10743540380271345,0.12331143766641617,0.7973732799291611
450.0,1220.5962,280,905,34406400,37981,-2.6648677742977935,0.012091733,0.2,8900,0.10425944010416667,0.0003,-0.0014726542069032197,0.09284589543439022,0.16450144350528717,0.8088200241327286
450.0,1191.0813,281,905,34529280,38114,-2.6555927216634156,0.012022572,0.2,8910,0.10256673177083334,0.0003,-0.001236623137629067,0.09823894698939209,0.003648245707154274,0.7950467765331268
447.22,1190.6001,282,906,34652160,38246,-2.640585428364575,0.011057023,0.2,8920,0.10590087890625,0.0003,-0.0019682282389658213,0.0908680363362267,0.021475378423929214,0.8278525024652481
447.32,1216.9512,283,905,34775040,38383,-2.676359117316703,0.010909966,0.2,8930,0.11011311848958333,0.0003,-0.0018853254726127488,0.0950961585851231,0.03361165523529053,0.8280900567770004
450.0,1195.3534,284,905,34897920,38519,-2.647760495096445,0.010465899,0.2,8940,0.0981005859375,0.0003,-0.0015740532333741915,0.09600056028209414,0.053465187549591064,0.8068044036626816
450.0,1274.8615,285,905,35020800,38654,-2.6320533864820996,0.012771835,0.2,8950,0.09662027994791667,0.0003,0.0006029497391803792,0.0961554814291594,0.07323341816663742,0.8193179816007614
