time/time_elapsed,time/total_timesteps,time/iterations,rollout/ep_len_mean,rollout/ep_rew_mean,time/fps,train/explained_variance,train/value_loss,train/loss,train/clip_fraction,train/policy_gradient_loss,train/n_updates,train/approx_kl,train/learning_rate,train/entropy_loss,train/clip_range
18,122880,1,450.0,1136.0859,6614,,,,,,,,,,
155,245760,2,450.0,1223.0375,1579,0.6878220736980438,0.3914797196975754,0.07371699810028076,0.11542724609375,0.00010095907564391381,3270,0.018984202,0.0003,-2.0427206846264503,0.2
292,368640,3,450.0,1104.1536,1262,0.8313321471214294,0.13037257220072207,0.024393439292907715,0.12436360677083333,-0.0011067279044012443,3280,0.022120755,0.0003,-1.9802513689671954,0.2
425,491520,4,450.0,1127.9805,1153,0.8476148396730423,0.09381415004245355,0.033305540680885315,0.11395426432291667,-0.0012016444477861417,3290,0.016633222,0.0003,-2.0670850573418043,0.2
561,614400,5,442.42,1131.194,1093,0.7901496887207031,0.11691964818373284,0.03413764759898186,0.1169140625,-0.0002988963334428263,3300,0.017348142,0.0003,-2.0800499348466595,0.2
695,737280,6,450.0,1121.2268,1060,0.8604623079299927,0.0924086958226447,0.030994180589914322,0.11907877604166667,-0.0003404827672663184,3310,0.01737433,0.0003,-1.9941646207372348,0.2
828,860160,7,450.0,1176.973,1038,0.7686314135789871,0.1137213256705824,0.06011822074651718,0.12453043619791666,-0.0005691034984041228,3320,0.020333396,0.0003,-1.983599734660238,0.2
964,983040,8,450.0,1186.4452,1019,0.7911693006753922,0.10432755254686829,0.07343480736017227,0.10995361328125,-0.00010531430108737064,3330,0.016596552,0.0003,-1.9805568945532044,0.2
1098,1105920,9,450.0,1145.3645,1007,0.7680559307336807,0.13000385155246477,0.04246045649051666,0.11659586588541666,8.007881461405002e-05,3340,0.01563846,0.0003,-1.9756771410753329,0.2
1232,1228800,10,450.0,1149.9446,997,0.8627037107944489,0.10227766992771649,0.08288741111755371,0.13467041015625,-0.0005067678855478638,3350,0.02240213,0.0003,-2.0397734346427026,0.2
1369,1351680,11,450.0,1159.9307,987,0.8107924610376358,0.125138519933098,0.015451271086931229,0.12027099609375,0.0019527532472178185,3360,0.016775267,0.0003,-2.039738475984583,0.2
1506,1474560,12,450.0,1114.2905,978,0.7986467182636261,0.1325011194096684,0.08257895708084106,0.10907145182291667,0.00030101537908800916,3370,0.014070167,0.0003,-2.030113486374418,0.2
1643,1597440,13,450.0,1155.0392,971,0.8183379024267197,0.10925304420069248,0.05975881963968277,0.10836018880208333,0.00039965399066810883,3380,0.014719258,0.0003,-2.0818383803094425,0.2
1779,1720320,14,450.0,1102.8601,966,0.8024340867996216,0.116327632159179,0.07245473563671112,0.10515055338541666,0.00030692423729609193,3390,0.014310058,0.0003,-2.040716596345107,0.2
1914,1843200,15,450.0,1204.0271,962,0.8838465884327888,0.06432579172212476,0.034908562898635864,0.11093994140625,-0.0012271566062372586,3400,0.018649869,0.0003,-2.143752699568868,0.2
2049,1966080,16,450.0,1199.1854,959,0.8895640149712563,0.08940996249725383,0.07559952139854431,0.1178076171875,0.0005251744902428375,3410,0.020345053,0.0003,-2.0172962506922585,0.2
2184,2088960,17,450.0,1126.6481,956,0.8845869898796082,0.0673872240124183,0.031162191182374954,0.11895751953125,-0.0007774239679868818,3420,0.018261675,0.0003,-2.06976250089705,0.2
2319,2211840,18,450.0,1153.2074,953,0.7500713616609573,0.1080593347507723,0.060320936143398285,0.11222086588541667,-0.00015504484480819276,3430,0.013818716,0.0003,-2.222850679034988,0.2
2453,2334720,19,450.0,1222.0227,951,0.805121585726738,0.0931099202097054,0.005531635135412216,0.11536539713541667,-0.0012157822153373368,3440,0.018085735,0.0003,-2.1168877478068073,0.2
2588,2457600,20,450.0,1134.3108,949,0.8048335760831833,0.11143255121341401,0.05670960620045662,0.1211767578125,-0.0004288463022385258,3450,0.015786644,0.0003,-2.053161479750027,0.2
2723,2580480,21,450.0,1178.6405,947,0.8180344104766846,0.11426649823464687,0.08932990580797195,0.11438720703125,-0.0003042698520766862,3460,0.013016014,0.0003,-2.1632952597240607,0.2
2877,2703360,22,450.0,1195.1125,939,0.8102831095457077,0.10035986184787665,0.009332939982414246,0.11424641927083333,-0.0004227694614746724,3470,0.013873679,0.0003,-2.1276497172688447,0.2
3012,2826240,23,450.0,1165.4059,938,0.7965971380472183,0.12259691180445467,0.09700681269168854,0.11283447265625,-6.741841134498827e-06,3480,0.015227743,0.0003,-2.083444771959136,0.2
3146,2949120,24,450.0,1142.167,937,0.7918978929519653,0.1072268896184687,0.11121785640716553,0.11446207682291666,-0.000523889835706844,3490,0.015311103,0.0003,-2.156986977998167,0.2
3280,3072000,25,450.0,1206.0817,936,0.7727853804826736,0.10788300218722725,0.06728371977806091,0.10526692708333334,-2.0388934899528977e-06,3500,0.015804678,0.0003,-2.2341159665895005,0.2
3416,3194880,26,450.0,1152.2094,935,0.827012374997139,0.09706371300989607,0.0170038640499115,0.1177392578125,-0.0011536678035251194,3510,0.017271053,0.0003,-2.1424332663851477,0.2
3551,3317760,27,450.0,1131.4744,934,0.7917375564575195,0.10766498099525051,0.04287075251340866,0.11879964192708334,-0.0007425718088961731,3520,0.012841391,0.0003,-2.2369422567635775,0.2
3686,3440640,28,450.0,1161.0917,933,0.8420126438140869,0.08369803286169675,0.010971419513225555,0.11094075520833334,-0.0009340374587372935,3530,0.017589033,0.0003,-2.160592913410316,0.2
3821,3563520,29,450.0,1159.1206,932,0.7104146182537079,0.10979010036588685,0.049933161586523056,0.10971272786458333,-0.0005867551290915193,3540,0.020053864,0.0003,-2.222782210583488,0.2
3969,3686400,30,450.0,1129.54,928,0.778845950961113,0.09835413299008602,0.08716642111539841,0.11539306640625,-0.0012947673322454042,3550,0.0124177,0.0003,-2.2025830470584333,0.2
4105,3809280,31,450.0,1121.9882,927,0.7920028269290924,0.10569787113357355,0.06839607656002045,0.10389567057291667,-0.0006891473045440459,3560,0.014809024,0.0003,-2.1878664659832916,0.2
4240,3932160,32,450.0,1179.1266,927,0.7610205709934235,0.11690886924123334,0.032786525785923004,0.11011474609375,-0.0006313861312143369,3570,0.012654674,0.0003,-2.2271660492941736,0.2
4376,4055040,33,450.0,1192.9331,926,0.878014586865902,0.06656113174448061,0.022286908701062202,0.12135416666666667,-0.001589905958117015,3580,0.015766418,0.0003,-2.2243739318226776,0.2
4511,4177920,34,450.0,1193.9143,926,0.7996649742126465,0.11629481223610734,0.03789806738495827,0.11152262369791667,-0.0004295312867179746,3590,0.013308171,0.0003,-2.2490048100426794,0.2
4662,4300800,35,450.0,1212.0381,922,0.8205987811088562,0.09925736861902502,0.04063771292567253,0.11556559244791667,-0.0005743972933790549,3600,0.013297396,0.0003,-2.2201291143211224,0.2
4825,4423680,36,450.0,1181.3138,916,0.8012968450784683,0.11467481261369054,0.032527584582567215,0.103154296875,-0.00035444705818008513,3610,0.014290493,0.0003,-2.262452463687708,0.2
4960,4546560,37,450.0,1171.0356,916,0.8081658780574799,0.08999266814083967,0.020718486979603767,0.1079296875,-0.0010574085005706972,3620,0.012557953,0.0003,-2.310656553233663,0.2
5096,4669440,38,450.0,1219.4102,916,0.834434449672699,0.10177065556412951,0.05440809205174446,0.11059651692708333,-0.0007847009825673012,3630,0.013705235,0.0003,-2.28046600409473,0.2
5231,4792320,39,450.0,1162.3737,916,0.8840632289648056,0.07995075764042364,-0.0027610366232693195,0.122099609375,-0.0010424578520966557,3640,0.014055153,0.0003,-2.2949788552646835,0.2
5365,4915200,40,450.0,1173.4738,916,0.8397089689970016,0.09397577607863544,-0.004049122333526611,0.11409261067708333,-0.0010671305348720732,3650,0.014978293,0.0003,-2.2607993431265156,0.2
5501,5038080,41,450.0,1114.2925,915,0.8339845836162567,0.08462561377261106,0.003617890179157257,0.10421875,-0.0004378727441144292,3660,0.01772616,0.0003,-2.2786230015630524,0.2
5644,5160960,42,450.0,1098.3386,914,0.8135159611701965,0.0648592180274621,0.014498625881969929,0.12365641276041667,-0.0034326864817921885,3670,0.13360707,0.0003,-2.236820290448765,0.2
5780,5283840,43,450.0,1070.8965,914,0.7589785903692245,0.09467187475165702,0.00183892622590065,0.13957600911458334,0.012839877538074992,3680,0.06762782,0.0003,-2.2012693830765784,0.2
5914,5406720,44,450.0,1079.6648,914,0.7897027134895325,0.07277323702047094,0.00942939892411232,0.1262353515625,-0.0021724656078367845,3690,0.022021135,0.0003,-2.22975107109795,0.2
6049,5529600,45,450.0,1068.0321,914,0.7493679821491241,0.08478410887919988,0.06063456833362579,0.13024169921875,-0.00137763724867303,3700,0.022826409,0.0003,-2.1785569124110045,0.2
6184,5652480,46,450.0,1054.0917,913,0.8027718216180801,0.07254760059113323,0.030544616281986237,0.14041015625,0.001202462502524213,3710,0.032450356,0.0003,-2.1540446062510212,0.2
6319,5775360,47,449.12,1096.0289,913,0.7707627266645432,0.08000923189225433,0.06777608394622803,0.12069010416666667,-0.0007279941781659242,3720,0.022012113,0.0003,-2.1895866917322078,0.2
6451,5898240,48,450.0,1092.623,914,0.7342434227466583,0.08214698954031822,0.01567809097468853,0.12446451822916667,-0.0017244993283869311,3730,0.020508384,0.0003,-2.2349677908110124,0.2
6584,6021120,49,450.0,1081.1887,914,0.809822291135788,0.07871490831142486,0.05187905952334404,0.11361490885416667,-0.0012091599257958781,3740,0.018592976,0.0003,-2.245124528637777,0.2
6719,6144000,50,450.0,1156.777,914,0.8349502384662628,0.07667917794392755,0.008398063480854034,0.11426595052083334,-0.001116801239995766,3750,0.01909631,0.0003,-2.199430981632322,0.2
6854,6266880,51,450.0,1105.6393,914,0.8104964047670364,0.06921524774081869,0.03648574650287628,0.12220540364583334,-0.001624981654495059,3760,0.01815002,0.0003,-2.2358136200283965,0.2
6988,6389760,52,450.0,1097.0759,914,0.7972882390022278,0.07559740257995146,0.023125169798731804,0.11597249348958333,-0.0010328149764730673,3770,0.027096653,0.0003,-2.1883531565902135,0.2
7129,6512640,53,450.0,1103.733,913,0.7575238794088364,0.08243886111362371,0.026965180411934853,0.11035481770833333,0.000107694632467125,3780,0.016619688,0.0003,-2.2026160229121645,0.2
7264,6635520,54,450.0,1114.7184,913,0.7215990424156189,0.09811211592770026,0.04186524450778961,0.11806070963541666,-0.0006284705505640886,3790,0.018662818,0.0003,-2.2427397659545143,0.2
7400,6758400,55,450.0,1101.4858,913,0.7660623043775558,0.08964842957674894,0.023442625999450684,0.11849853515625,-0.0007039178550076031,3800,0.019343901,0.0003,-2.1183306644360225,0.2
7533,6881280,56,450.0,1062.4784,913,0.735206127166748,0.0956731239529472,0.03883348032832146,0.11881184895833333,-0.0010437893058466822,3810,0.018283267,0.0003,-2.1918556949682535,0.2
7668,7004160,57,450.0,1130.5322,913,0.7698552012443542,0.08776400196482427,0.07913172245025635,0.11169026692708334,-0.001261117881631435,3820,0.018791791,0.0003,-2.2057832087824742,0.2
7802,7127040,58,450.0,1117.7505,913,0.7853171974420547,0.08967205331575921,0.05704975873231888,0.11371419270833333,-0.0012473344137106323,3830,0.02049455,0.0003,-2.208143707414468,0.2
7935,7249920,59,450.0,1085.0326,913,0.7089280486106873,0.09813785819620534,0.03586588799953461,0.10982177734375,-0.0006485110024702105,3840,0.019255167,0.0003,-2.2054105174914,0.2
8068,7372800,60,450.0,1133.792,913,0.7007992565631866,0.10557025718944109,0.04782245308160782,0.13002522786458334,-0.0012591127730350613,3850,0.025511952,0.0003,-2.1948209294738867,0.2
8218,7495680,61,450.0,1115.7946,912,0.7190729081630707,0.10820261971932875,0.109046071767807,0.11002766927083334,-0.0005665030307985337,3860,0.017470267,0.0003,-2.1993465379066763,0.2
8353,7618560,62,450.0,1198.5402,912,0.7830344140529633,0.08423286218572078,-0.020408187061548233,0.10871907552083333,-0.0009197390833651297,3870,0.019074293,0.0003,-2.2400359962073466,0.2
8486,7741440,63,445.42,1088.919,912,0.6944994628429413,0.11445298461985658,0.020142318680882454,0.1164892578125,-0.0006630063136132473,3880,0.017698828,0.0003,-2.221589393665393,0.2
8621,7864320,64,450.0,1125.8727,912,0.75296650826931,0.1018170428732022,0.007596745155751705,0.12467692057291667,-0.0012730502206735157,3890,0.027787473,0.0003,-2.106852199745675,0.2
8753,7987200,65,450.0,1139.5779,912,0.8087501972913742,0.0963397159652474,0.05478481948375702,0.12775472005208333,-0.0016661674700420312,3900,0.024077456,0.0003,-2.1007652677906057,0.2
8887,8110080,66,450.0,1100.9413,912,0.7890073508024216,0.09929348434910935,0.07377775013446808,0.11389729817708333,-0.0005591223938426992,3910,0.017402263,0.0003,-2.2241250140716633,0.2
9022,8232960,67,450.0,1095.0776,912,0.7776038497686386,0.09848976984801994,0.06023609638214111,0.10558349609375,-0.00051985358105109,3920,0.015542805,0.0003,-2.2937751971992353,0.2
9155,8355840,68,450.0,1179.6989,912,0.8171091228723526,0.09320931513609443,0.0924835205078125,0.11400227864583333,-0.0009761348415001218,3930,0.020514019,0.0003,-2.2313790045368176,0.2
9317,8478720,69,450.0,1172.8065,909,0.8284139484167099,0.09026579960200858,0.022223174571990967,0.11510009765625,-0.0009705410602752333,3940,0.017708544,0.0003,-2.2969241866096852,0.2
9478,8601600,70,450.0,1168.1748,907,0.7862612009048462,0.11127500853971772,0.06688117980957031,0.11153971354166667,-0.0012250205470991204,3950,0.01830734,0.0003,-2.276996538396925,0.2
9613,8724480,71,450.0,1166.172,907,0.724467396736145,0.11424479048655485,0.039387479424476624,0.11400634765625,-0.001027850467104751,3960,0.016659828,0.0003,-2.2134889974817633,0.2
9748,8847360,72,450.0,1137.2626,907,0.7323649525642395,0.12380681610724423,0.04943196475505829,0.12510660807291665,-0.0010773838771941276,3970,0.0178385,0.0003,-2.181102155620853,0.2
9883,8970240,73,450.0,1185.0607,907,0.7537970840930939,0.11011124024349556,0.041983626782894135,0.11248860677083333,-0.0008852345474527586,3980,0.01596623,0.0003,-2.283933636210859,0.2
10017,9093120,74,450.0,1133.7435,907,0.8297542929649353,0.09858850889727667,0.07738044857978821,0.1118017578125,-0.0007506559775265487,3990,0.017460706,0.0003,-2.2223861777596174,0.2
10150,9216000,75,450.0,1156.554,907,0.7964665442705154,0.09581960860113516,0.028750548139214516,0.11117350260416667,-0.0011763755687206868,4000,0.015334393,0.0003,-2.276407918470601,0.2
10284,9338880,76,450.0,1156.7136,908,0.7310301661491394,0.12672641670319232,0.16649234294891357,0.12468587239583333,-0.0012853228642855658,4010,0.019783283,0.0003,-2.1587086104849975,0.2
10417,9461760,77,450.0,1171.4402,908,0.7551917433738708,0.12592624537923258,0.06689389050006866,0.12164713541666666,-0.0009888402949400188,4020,0.01933887,0.0003,-2.160757548821469,0.2
10550,9584640,78,450.0,1146.8943,908,0.7640030980110168,0.13782576748005038,0.023256270214915276,0.12307454427083334,-0.0004241794266696767,4030,0.016137492,0.0003,-2.2116933028089503,0.2
10683,9707520,79,450.0,1157.1532,908,0.8102796822786331,0.10922334624890936,0.024396726861596107,0.1063037109375,-0.0011066968679854957,4040,0.022191733,0.0003,-2.3173433698341253,0.2
10819,9830400,80,450.0,1205.4965,908,0.773875281214714,0.12213482938105395,0.028588157147169113,0.10275065104166667,-0.00025233397377936247,4050,0.012575389,0.0003,-2.2979590466742716,0.2
10952,9953280,81,450.0,1239.0791,908,0.7783903777599335,0.12264055443078783,0.08327804505825043,0.11737141927083333,-0.0007530665631505447,4060,0.017533867,0.0003,-2.229277805474897,0.2
11088,10076160,82,450.0,1150.8665,908,0.7784242630004883,0.11832907305630215,0.05858134850859642,0.12591227213541667,-0.0008135281377690262,4070,0.014861961,0.0003,-2.2513471192059415,0.2
11222,10199040,83,450.0,1174.1628,908,0.8248858451843262,0.11317507537644511,0.08025892078876495,0.121298828125,-0.0006590356462887333,4080,0.01568812,0.0003,-2.2407185043146214,0.2
11356,10321920,84,450.0,1144.259,908,0.8162940293550491,0.10212155457522992,0.04264654591679573,0.1151513671875,-0.0004864725607876608,4090,0.014286384,0.0003,-2.2573566426026326,0.2
11492,10444800,85,450.0,1192.8478,908,0.7649585008621216,0.11346926541603655,0.009229982271790504,0.12088297526041666,-0.0005077548464396387,4100,0.014733825,0.0003,-2.2819074649115403,0.2
11626,10567680,86,450.0,1167.7632,908,0.7673849016427994,0.124080752726101,0.03170444071292877,0.12274576822916666,-0.0003585201967446968,4110,0.024805846,0.0003,-2.1909343686016896,0.2
11762,10690560,87,450.0,1211.2085,908,0.7929926365613937,0.11270557907676751,0.0650637224316597,0.12649739583333333,-0.0015590519010644736,4120,0.014878754,0.0003,-2.233505296272536,0.2
11897,10813440,88,450.0,1242.7563,908,0.765659973025322,0.13860729938785274,0.08270204067230225,0.11981689453125,0.0006525955995251327,4130,0.015044629,0.0003,-2.17956513768062,0.2
12031,10936320,89,450.0,1225.1754,908,0.7598324418067932,0.14145509941217219,0.07270458340644836,0.13152018229166668,-0.0008832366792679143,4140,0.01457027,0.0003,-2.2342950334586202,0.2
12164,11059200,90,450.0,1230.8062,909,0.8066746294498444,0.12324987959465944,0.0924094170331955,0.12354248046875,-0.00021083709523130287,4150,0.015030881,0.0003,-2.2130489878418547,0.2
12298,11182080,91,450.0,1253.277,909,0.8073244094848633,0.11417695575398587,0.013598153367638588,0.13101806640625,-0.0013779761566123246,4160,0.018315585,0.0003,-2.1901180591185887,0.2
12434,11304960,92,450.0,1240.398,909,0.7519615888595581,0.1541460696812525,0.0773070901632309,0.12990315755208334,-0.0005013054035346916,4170,0.014650811,0.0003,-2.186803152288,0.2
12569,11427840,93,450.0,1268.7869,909,0.8270850628614426,0.12416841030884825,0.07771997153759003,0.13636555989583332,-0.0008728002755985168,4180,0.013675821,0.0003,-2.245233964404712,0.2
12704,11550720,94,450.0,1261.8795,909,0.7710922509431839,0.14529983797100915,0.08422720432281494,0.12624104817708334,-0.0008129801859528622,4190,0.015552759,0.0003,-2.212813355829567,0.2
12838,11673600,95,450.0,1240.6857,909,0.8322352468967438,0.13998076682163324,0.08236482739448547,0.13328450520833332,-0.00033398408715887246,4200,0.014640787,0.0003,-2.179401275062313,0.2
12973,11796480,96,450.0,1285.8342,909,0.7963936924934387,0.139349252037282,0.033763594925403595,0.12660319010416668,-0.0006690496926906538,4210,0.016164191,0.0003,-2.2204367817565798,0.2
13108,11919360,97,450.0,1181.9608,909,0.8485413044691086,0.14295012447134164,0.09393700212240219,0.13384765625,-0.0006343651540555584,4220,0.015600021,0.0003,-2.194351856963088,0.2
13244,12042240,98,450.0,1238.9476,909,0.8176933974027634,0.12768988718201096,0.06483438611030579,0.11930989583333333,-0.0008675391048685318,4230,0.01293513,0.0003,-2.265994679344197,0.2
13379,12165120,99,450.0,1252.5024,909,0.8176991492509842,0.15099687377636048,0.11601822823286057,0.1306005859375,-0.00040568779263897643,4240,0.013228021,0.0003,-2.259108360260725,0.2
13515,12288000,100,450.0,1214.9031,909,0.7996374517679214,0.13433761693609994,0.06988965719938278,0.12222900390625,-0.0006567205435567303,4250,0.014035509,0.0003,-2.256598362425963,0.2
13648,12410880,101,450.0,1240.7124,909,0.7449957728385925,0.147627498973452,0.11217525601387024,0.1155029296875,-0.0004930556301830317,4260,0.015225309,0.0003,-2.2605633260309697,0.2
13784,12533760,102,450.0,1196.1294,909,0.7600860297679901,0.13860325732195633,0.04068669304251671,0.12045328776041667,-0.0005195534678356732,4270,0.0134714255,0.0003,-2.2570082415392,0.2
13917,12656640,103,450.0,1222.9412,909,0.7696564197540283,0.14084286445193964,0.05671411380171776,0.13123616536458332,-0.0012445295795926843,4280,0.015886456,0.0003,-2.2734283668796222,0.2
14052,12779520,104,450.0,1261.5483,909,0.8081974387168884,0.13043517827313433,0.08826421946287155,0.13060384114583334,-0.000981031731692686,4290,0.016285354,0.0003,-2.325754096520444,0.2
14187,12902400,105,450.0,1191.3384,909,0.7653308212757111,0.14082113066644525,-0.00929250381886959,0.118056640625,-0.000799685668565265,4300,0.014173413,0.0003,-2.29701427731663,0.2
14322,13025280,106,450.0,1168.7789,909,0.7461657226085663,0.1240896218730874,0.055226199328899384,0.11155598958333333,-0.0008334838285554724,4310,0.015029252,0.0003,-2.2987225230410697,0.2
14455,13148160,107,450.0,1174.5375,909,0.7758375555276871,0.11902618860355384,0.08170890063047409,0.11374755859375,-0.0015582354914355772,4320,0.015346888,0.0003,-2.323598555624485,0.2
14589,13271040,108,450.0,1145.6683,909,0.7437882423400879,0.11773345039652972,0.012088432908058167,0.11850341796875,-0.0021863978772853443,4330,0.020394683,0.0003,-2.3224015577634174,0.2
14723,13393920,109,450.0,1217.1428,909,0.7305909097194672,0.12851165122813352,0.037829652428627014,0.11444498697916666,-0.001523249129368196,4340,0.015777986,0.0003,-2.302201273267468,0.2
14857,13516800,110,450.0,1152.6632,909,0.7703508585691452,0.12540756956732366,0.14135292172431946,0.11836588541666666,-0.002181003534321159,4350,0.01772275,0.0003,-2.313211104782919,0.2
14992,13639680,111,447.7,1145.2316,909,0.7419194281101227,0.12155572968054912,0.053772926330566406,0.1109375,-0.0012034623279456962,4360,0.014271901,0.0003,-2.3429111165304977,0.2
15127,13762560,112,450.0,1217.0507,909,0.8191522657871246,0.11682368046589545,0.05946613475680351,0.12081461588541667,-0.0018042842092897142,4370,0.018235212,0.0003,-2.345114385969937,0.2
15263,13885440,113,450.0,1257.668,909,0.7758831530809402,0.11333097395084527,0.041840508580207825,0.11027425130208333,-0.0013553418415782896,4380,0.016760392,0.0003,-2.32693270675838,0.2
15398,14008320,114,450.0,1191.0203,909,0.74931201338768,0.13716075036121766,0.019339635968208313,0.10976806640625,-0.0013791069875696848,4390,0.013293925,0.0003,-2.331869139994184,0.2
15532,14131200,115,446.74,1203.4622,909,0.7586314380168915,0.13037572384346277,0.00773816742002964,0.1079443359375,-0.0012530884955291792,4400,0.012592536,0.0003,-2.340659990645945,0.2
15667,14254080,116,450.0,1194.1355,909,0.7775785177946091,0.1369988752704618,0.041557759046554565,0.10723470052083334,-0.0005944870960350575,4410,0.01212886,0.0003,-2.2917927396049103,0.2
15801,14376960,117,450.0,1269.8756,909,0.7645354121923447,0.1298258925753665,0.06299243867397308,0.10999593098958334,-0.0011754421552480684,4420,0.012874088,0.0003,-2.306043634613355,0.2
15964,14499840,118,450.0,1301.8773,908,0.7960814833641052,0.13760995851567714,0.013066437095403671,0.11383707682291666,-0.0010649658118381921,4430,0.014312816,0.0003,-2.2251919193565843,0.2
16104,14622720,119,450.0,1173.652,907,0.7990586906671524,0.14394008566892202,0.04838469997048378,0.11875081380208333,-0.0007387397760188226,4440,0.020161869,0.0003,-2.2130716076306998,0.2
16240,14745600,120,450.0,1151.1957,907,0.7805930078029633,0.1201938246654754,0.030349163338541985,0.1242041015625,0.0036001369951312273,4450,0.06847576,0.0003,-2.254309495675067,0.2
16374,14868480,121,450.0,1145.7496,908,0.7382002174854279,0.12713269983966408,0.15435096621513367,0.11840657552083333,-0.00010573048197329627,4460,0.014985448,0.0003,-2.2642464706425867,0.2
16509,14991360,122,450.0,1091.3947,908,0.801185205578804,0.11608538112326641,0.06386859714984894,0.10675618489583333,-0.0016382667366087844,4470,0.014939682,0.0003,-2.3098368269080916,0.2
16643,15114240,123,450.0,1209.0377,908,0.702504575252533,0.11941818495019106,0.06501306593418121,0.11223388671875,-0.0011087127405365511,4480,0.015004719,0.0003,-2.2624528051912787,0.2
16777,15237120,124,437.58,1105.2026,908,0.7542616575956345,0.12391829194083888,0.07820087671279907,0.11489339192708334,-0.001246113637862436,4490,0.014390455,0.0003,-2.2269182981488607,0.2
16910,15360000,125,436.34,1183.1238,908,0.7723249793052673,0.1291484711857144,0.23587045073509216,0.117265625,-0.001529054788989015,4500,0.021538688,0.0003,-2.234853211188068,0.2
17044,15482880,126,450.0,1184.0278,908,0.8059604912996292,0.10817707174668613,0.032573796808719635,0.10574625651041666,-0.0014215955147665227,4510,0.01483378,0.0003,-2.2862690453541776,0.2
17183,15605760,127,443.88,1121.0375,908,0.8052098006010056,0.11140623679670777,0.02660636603832245,0.10666341145833333,-0.000957164200523645,4520,0.015585114,0.0003,-2.2657395609033606,0.2
17315,15728640,128,446.6,1165.6101,908,0.8447349816560745,0.08814681276029053,0.08747193217277527,0.1127685546875,-0.0016574065971356807,4530,0.019306827,0.0003,-2.2786583129440743,0.2
17451,15851520,129,450.0,1178.7034,908,0.8089166432619095,0.12170519556952059,0.04647887498140335,0.10980224609375,-0.0008650441575203634,4540,0.01613381,0.0003,-2.320451610274613,0.2
17583,15974400,130,450.0,1200.1123,908,0.8016994893550873,0.12435963122091682,0.04209745302796364,0.11243408203125,-0.0010821569971994904,4550,0.016369255,0.0003,-2.2982948517923556,0.2
17716,16097280,131,450.0,1188.0175,908,0.8193344622850418,0.10077833339334272,0.10241834819316864,0.10716796875,-0.0019200330196751261,4560,0.014767158,0.0003,-2.3505554933225117,0.2
17849,16220160,132,450.0,1245.4116,908,0.8282539546489716,0.10839010840723252,0.07136906683444977,0.10701416015625,-0.001137101846919298,4570,0.012231561,0.0003,-2.369615619170169,0.2
17985,16343040,133,450.0,1247.7861,908,0.8214870989322662,0.1187258858976323,0.013374388217926025,0.10306070963541666,-0.0007283311606261123,4580,0.012398738,0.0003,-2.3392625768110156,0.2
18128,16465920,134,450.0,1272.7177,908,0.8248263001441956,0.12163519434854,0.04857442528009415,0.10964111328125,-0.0010695941353666663,4590,0.013248499,0.0003,-2.3468135444323224,0.2
18264,16588800,135,450.0,1275.6844,908,0.7937129437923431,0.13492899428267266,0.00596645288169384,0.10533203125,-0.0008686797834282819,4600,0.0118223885,0.0003,-2.37241700741152,0.2
18398,16711680,136,450.0,1189.4773,908,0.8799671083688736,0.125250486661389,0.025423564016819,0.11959635416666667,-0.0012083917876164682,4610,0.014586619,0.0003,-2.3071407386412224,0.2
18533,16834560,137,450.0,1307.1055,908,0.8270861953496933,0.10930052764975699,0.031746141612529755,0.10953857421875,-0.0007983878134048913,4620,0.0121393185,0.0003,-2.38945262071987,0.2
18668,16957440,138,450.0,1222.4917,908,0.8499701172113419,0.11361334041760225,0.008612051606178284,0.1119970703125,-0.0009164827439387106,4630,0.013499378,0.0003,-2.328794709990422,0.2
18801,17080320,139,450.0,1207.851,908,0.8038145750761032,0.11981049481958811,0.004506116732954979,0.11809814453125,-0.0015933163918331653,4640,0.016765973,0.0003,-2.367509881220758,0.2
18935,17203200,140,450.0,1159.1644,908,0.7524669170379639,0.10951386088653332,0.01657644286751747,0.11704671223958334,-0.0013146425604948794,4650,0.02038723,0.0003,-2.3578134297827877,0.2
19071,17326080,141,450.0,1195.4279,908,0.732547253370285,0.11098551396634623,-0.00791296549141407,0.11881998697916667,-0.0017020263196476056,4660,0.016848188,0.0003,-2.2993138353154063,0.2
19206,17448960,142,450.0,1230.3271,908,0.7473065555095673,0.12088501659508134,0.01623501628637314,0.13181396484375,-0.0021485713426288083,4670,0.021781195,0.0003,-2.287686655142655,0.2
19338,17571840,143,450.0,1211.8079,908,0.7989491373300552,0.11895789829126442,0.009355051442980766,0.12420572916666667,-0.001812213080914565,4680,0.019560564,0.0003,-2.326415812460085,0.2
19472,17694720,144,443.56,1173.6797,908,0.7880101948976517,0.10855667770544339,0.009485727176070213,0.11616861979166666,-0.0009656348967291706,4690,0.01468572,0.0003,-2.36303047914058,0.2
19605,17817600,145,450.0,1168.3419,908,0.7452485263347626,0.11855184444551317,0.05954090878367424,0.11305582682291666,-0.001015092460456799,4700,0.020483013,0.0003,-2.3341237304235496,0.2
19740,17940480,146,450.0,1270.6356,908,0.773274302482605,0.11356194097626333,0.025638172402977943,0.1102001953125,-0.0008235340742430708,4710,0.0146892015,0.0003,-2.3283996953691046,0.2
19873,18063360,147,450.0,1172.2426,908,0.7700420618057251,0.12146954788040602,0.06984592974185944,0.1279931640625,-0.0016107899400473495,4720,0.019542426,0.0003,-2.2817251628761492,0.2
20008,18186240,148,450.0,1153.9554,908,0.7800542116165161,0.1237628418157207,0.02193671278655529,0.12250732421875,-0.0015911119989323198,4730,0.020441782,0.0003,-2.323890355390807,0.2
20139,18309120,149,450.0,1118.1459,909,0.7901890426874161,0.12053842224408678,-0.00364856980741024,0.1235205078125,-0.0010525336795156666,4740,0.019211749,0.0003,-2.296897104488065,0.2
20273,18432000,150,450.0,1286.4835,909,0.775562971830368,0.11021590723549404,0.016219522804021835,0.11107340494791666,-0.0013228464893290947,4750,0.0177374,0.0003,-2.358387753119071,0.2
20406,18554880,151,450.0,1295.8718,909,0.757712721824646,0.12928467557319284,0.013982400298118591,0.11301106770833333,-0.0009936991894725603,4760,0.01738946,0.0003,-2.3608843333770833,0.2
20539,18677760,152,442.88,1232.3687,909,0.7633640021085739,0.12850676386495857,0.012572994455695152,0.11570556640625,-0.00104661792782584,4770,0.01748104,0.0003,-2.351721246590217,0.2
20672,18800640,153,444.92,1218.4371,909,0.7928197681903839,0.11581190509648877,0.15348242223262787,0.11080647786458334,-0.0010337980503239425,4780,0.017533071,0.0003,-2.341835526401798,0.2
20805,18923520,154,450.0,1152.7506,909,0.8110415488481522,0.10594915752624123,0.06570916622877121,0.11626708984375,-0.0013692551360569875,4790,0.018002331,0.0003,-2.3596286422014234,0.2
20939,19046400,155,450.0,1272.5654,909,0.7757657170295715,0.1117736981236764,0.07435319572687149,0.11129150390625,-0.0014893267389561515,4800,0.024644053,0.0003,-2.381174132314821,0.2
21071,19169280,156,450.0,1260.0398,909,0.7826501131057739,0.13837971397627066,0.06577770411968231,0.11565592447916667,-0.0004418077620478774,4810,0.014888874,0.0003,-2.386530474598209,0.2
21204,19292160,157,450.0,1213.501,909,0.7722630053758621,0.1365466788333045,0.22328868508338928,0.11834147135416667,-0.0012192691272199833,4820,0.015826872,0.0003,-2.4226593085254233,0.2
21337,19415040,158,450.0,1224.5022,909,0.8208261281251907,0.11685014661525202,0.17804910242557526,0.11612386067708333,-0.0018200696201165557,4830,0.019160222,0.0003,-2.381237860533098,0.2
21472,19537920,159,450.0,1221.167,909,0.7792783230543137,0.13358951975635136,0.07052871584892273,0.11982666015625,-0.0013211803714875713,4840,0.016481282,0.0003,-2.390191465516885,0.2
21605,19660800,160,450.0,1194.5632,910,0.776018887758255,0.13454696450091433,0.16951975226402283,0.1138427734375,-0.0006604687325185902,4850,0.012237685,0.0003,-2.390408742663761,0.2
21737,19783680,161,450.0,1281.7843,910,0.7836934179067612,0.11576681344774746,0.021718725562095642,0.1081298828125,-0.0011587005717274223,4860,0.011059015,0.0003,-2.4306454175710677,0.2
21874,19906560,162,450.0,1286.6184,910,0.8270333707332611,0.12319242339110739,0.05819706991314888,0.11749430338541667,-0.0008139381456870372,4870,0.015403354,0.0003,-2.4471603137006364,0.2
22006,20029440,163,450.0,1228.3408,910,0.7931508868932724,0.133944219485129,0.045817870646715164,0.11356852213541667,-0.00044093356083370355,4880,0.011828591,0.0003,-2.454127356459697,0.2
22140,20152320,164,450.0,1191.8953,910,0.8344571143388748,0.10917471471363872,0.11289403587579727,0.11962483723958334,-0.0016631654275806795,4890,0.013275969,0.0003,-2.465511713301142,0.2
22275,20275200,165,447.62,1211.8456,910,0.7901445627212524,0.1204283394588856,0.14202886819839478,0.11636067708333334,-0.0010356230001980294,4900,0.012851522,0.0003,-2.4661754750212035,0.2
22432,20398080,166,450.0,1287.9862,909,0.7469676733016968,0.12645815915505712,0.12628114223480225,0.11083902994791667,-0.0012083644457076541,4910,0.016411584,0.0003,-2.478600560414294,0.2
22565,20520960,167,450.0,1231.1707,909,0.7921731173992157,0.11648111292789205,0.030261974781751633,0.11212483723958333,-0.001742327544507134,4920,0.027745342,0.0003,-2.4499105773617824,0.2
22698,20643840,168,450.0,1266.9785,909,0.7811365127563477,0.11712469535462636,0.03857783228158951,0.11266276041666666,-0.0018093200118770862,4930,0.015818987,0.0003,-2.4936991504579784,0.2
22833,20766720,169,450.0,1313.4103,909,0.8029434978961945,0.11729718164856119,0.014988986775279045,0.10899251302083333,-0.001941258260152002,4940,0.018066697,0.0003,-2.529467403019468,0.2
22968,20889600,170,450.0,1190.1045,909,0.8428331762552261,0.11869626266343403,0.08204208314418793,0.12401611328125,-0.0014995715377517627,4950,0.014074954,0.0003,-2.5277770357082288,0.2
23101,21012480,171,450.0,1220.1415,909,0.7802604585886002,0.12709459979703144,0.25168299674987793,0.10989013671875,-0.0014604630193389312,4960,0.017733889,0.0003,-2.4916422132526836,0.2
23234,21135360,172,450.0,1255.7482,909,0.795499637722969,0.11136076861444356,0.09846079349517822,0.11735432942708333,-0.0017479511528229825,4970,0.013073638,0.0003,-2.527397821955383,0.2
23368,21258240,173,450.0,1286.4677,909,0.7826009094715118,0.11729702015363727,0.03843865543603897,0.10732340494791667,-0.0016002787503991082,4980,0.019036723,0.0003,-2.5325179138903815,0.2
23502,21381120,174,450.0,1237.0133,909,0.7747448980808258,0.12762554363682285,0.07644277065992355,0.12147705078125,-0.0023150914994099973,4990,0.016135696,0.0003,-2.5468593805283306,0.2
23656,21504000,175,450.0,1293.5494,908,0.8011254966259003,0.11403077415932784,-0.01923341490328312,0.11395263671875,-0.0018364469612788526,5000,0.014833039,0.0003,-2.5349495751038194,0.2
23814,21626880,176,450.0,1216.5311,908,0.7888495624065399,0.1374048612585951,0.03696170449256897,0.1106591796875,-0.0008469956232390056,5010,0.011858148,0.0003,-2.603344423050682,0.2
23949,21749760,177,450.0,1327.0278,908,0.8280442208051682,0.12631849867393613,0.06544767320156097,0.11707682291666667,-0.0009850144229161136,5020,0.015007184,0.0003,-2.5976870638752976,0.2
24081,21872640,178,442.64,1200.4365,908,0.7403547763824463,0.13648281041838345,0.029755372554063797,0.11637613932291667,-0.0009715597930335207,5030,0.018703276,0.0003,-2.562266267587741,0.2
24215,21995520,179,450.0,1188.2744,908,0.7704920768737793,0.13383957851556866,0.10441897809505463,0.11952799479166666,-0.001617495197012128,5040,0.020661911,0.0003,-2.611920513398945,0.2
24348,22118400,180,450.0,1189.409,908,0.6871640980243683,0.1374257762283378,0.03918209671974182,0.11751871744791667,-0.0019486858407132483,5050,0.016400004,0.0003,-2.5397495877866945,0.2
24489,22241280,181,443.3,1232.0018,908,0.7961798161268234,0.13187320531375007,0.07048913836479187,0.10872802734375,-0.0010506564670989366,5060,0.012293029,0.0003,-2.560121702166895,0.2
24651,22364160,182,450.0,1252.8824,907,0.8127099126577377,0.13046113397130588,0.10016629099845886,0.12031819661458333,-0.0015193029492123363,5070,0.014840146,0.0003,-2.537311694708963,0.2
24786,22487040,183,450.0,1168.8885,907,0.8247638046741486,0.12147587977257596,0.014766950160264969,0.1162841796875,-0.0009862840547430096,5080,0.012783601,0.0003,-2.519172628521919,0.2
24920,22609920,184,450.0,1216.8765,907,0.8364612609148026,0.10092008597838382,0.07945253700017929,0.10898681640625,-0.0014087254062966773,5090,0.014976206,0.0003,-2.527661217947801,0.2
25053,22732800,185,450.0,1273.7269,907,0.8473237752914429,0.10602249467881242,-0.016951849684119225,0.11232340494791666,-0.0009621601697593481,5100,0.014678701,0.0003,-2.495685580695669,0.2
25185,22855680,186,440.04,1221.0127,907,0.8978360593318939,0.08647326789209425,0.07023222744464874,0.12218017578125,-0.002182084962508573,5110,0.017481815,0.0003,-2.4922816586494445,0.2
25319,22978560,187,450.0,1247.934,907,0.8245862722396851,0.11858765867368978,-0.0084131620824337,0.12173665364583333,-0.0012364158107357071,5120,0.0799118,0.0003,-2.495975955364605,0.2
25453,23101440,188,450.0,1122.1355,907,0.7669719755649567,0.12599645728376344,0.004119448363780975,0.12271647135416666,-0.00026353709486405324,5130,0.04962128,0.0003,-2.5314790705343087,0.2
25587,23224320,189,450.0,1226.207,907,0.7329577505588531,0.11791085998993367,0.121134914457798,0.12551106770833334,-0.002346216146894828,5140,0.029959438,0.0003,-2.4929729322592418,0.2
25720,23347200,190,450.0,1247.875,907,0.7588456571102142,0.11333485684595265,0.07165271043777466,0.11203450520833333,-0.0017856850326764592,5150,0.014670084,0.0003,-2.546808273171385,0.2
25857,23470080,191,450.0,1243.982,907,0.7830335795879364,0.13683959436704754,0.08380531519651413,0.12592122395833333,-0.0015032361813367365,5160,0.01938485,0.0003,-2.535707214064896,0.2
26020,23592960,192,450.0,1253.6625,906,0.7808771431446075,0.12435288376068153,0.061725616455078125,0.118798828125,-0.0013958424410763352,5170,0.014150941,0.0003,-2.515629158479472,0.2
26151,23715840,193,450.0,1216.2186,906,0.8177650719881058,0.1139821751404573,0.024485403671860695,0.11544270833333334,-0.0015091218105862936,5180,0.0146529265,0.0003,-2.5532158488531906,0.2
26285,23838720,194,450.0,1213.9214,906,0.7942411154508591,0.11662183024697394,0.07872320711612701,0.12007405598958333,-0.0020019039672358,5190,0.018235521,0.0003,-2.5332865021253625,0.2
26419,23961600,195,450.0,1216.9668,906,0.8507638871669769,0.09704340470135019,0.01000235602259636,0.1245263671875,-0.001805245720994814,5200,0.0153434295,0.0003,-2.544698188379407,0.2
26553,24084480,196,444.6,1185.4438,907,0.7762274742126465,0.11283507220291843,0.051216788589954376,0.11110188802083333,-0.0013423329170048721,5210,0.01395278,0.0003,-2.5173246555527053,0.2
26686,24207360,197,450.0,1159.9924,907,0.768138200044632,0.11859818051413944,-0.011761322617530823,0.11737386067708333,-0.0012886017952647914,5220,0.01494267,0.0003,-2.5533643309399485,0.2
26820,24330240,198,450.0,1244.3573,907,0.7956328243017197,0.11428250640029243,0.12535524368286133,0.11493977864583334,-0.001746852144224249,5230,0.013396597,0.0003,-2.564293664532403,0.2
26955,24453120,199,450.0,1162.0767,907,0.8000668734312057,0.12455563000024995,0.09409986436367035,0.1116845703125,-0.0006937578867170183,5240,0.011858445,0.0003,-2.5572027077401676,0.2
27090,24576000,200,450.0,1207.4553,907,0.796458289027214,0.12324559889830804,0.02387673407793045,0.11513020833333333,-0.0014478577519306175,5250,0.016016865,0.0003,-2.546682272652785,0.2
27223,24698880,201,450.0,1323.1277,907,0.797718808054924,0.12768550741816095,0.021326009184122086,0.12089029947916667,-0.0010447989208599514,5260,0.015027162,0.0003,-2.600955331263443,0.2
27357,24821760,202,450.0,1245.4409,907,0.8734332025051117,0.11328831012923425,0.0005708672106266022,0.12674723307291666,-0.0012821845039676797,5270,0.016701905,0.0003,-2.553584879972041,0.2
27491,24944640,203,450.0,1188.9222,907,0.8576488047838211,0.11425492380166058,0.021115895360708237,0.12495686848958333,-0.001588068809081354,5280,0.01759579,0.0003,-2.5207974269116917,0.2
27624,25067520,204,450.0,1269.4812,907,0.8224713802337646,0.11244047512152368,-0.002717694267630577,0.12117919921875,-0.0025389992517436135,5290,0.04420845,0.0003,-2.5421796719233196,0.2
27787,25190400,205,450.0,1219.8315,906,0.82613904774189,0.12274996164817518,0.0384117029607296,0.12052327473958334,-0.0007596193452673105,5300,0.013435636,0.0003,-2.545527272087832,0.2
27922,25313280,206,450.0,1211.6924,906,0.8211169540882111,0.12978001422568922,0.022611521184444427,0.12533610026041667,-0.000727618496142289,5310,0.012899318,0.0003,-2.523754848688841,0.2
28055,25436160,207,450.0,1184.5575,906,0.8439964354038239,0.12422352136840345,0.04123416915535927,0.12614420572916665,-0.0012412261781173583,5320,0.014405026,0.0003,-2.507974727426966,0.2
28191,25559040,208,450.0,1222.6333,906,0.8108541816473007,0.12177182822211761,0.04977983236312866,0.11918619791666667,-0.0010796563035000873,5330,0.014006311,0.0003,-2.5374555779621004,0.2
28326,25681920,209,450.0,1258.1772,906,0.7932757884263992,0.12987494475889738,-0.009902460500597954,0.12537027994791666,-0.0018327738636920307,5340,0.014891616,0.0003,-2.5415040766696135,0.2
28459,25804800,210,450.0,1223.984,906,0.7976202368736267,0.12574696438304575,0.02883758954703808,0.12025960286458333,-0.0016119269157934468,5350,0.014921856,0.0003,-2.5458387762680648,0.2
28593,25927680,211,450.0,1298.6681,906,0.7833442389965057,0.1363778847665041,0.07648022472858429,0.118828125,-0.0015405501853092574,5360,0.014159636,0.0003,-2.5139587356646858,0.2
28725,26050560,212,450.0,1258.1554,906,0.7899001091718674,0.13016240822675174,0.03393218666315079,0.12680013020833333,-0.002183616523858897,5370,0.015154928,0.0003,-2.55603084543099,0.2
28858,26173440,213,450.0,1216.2612,906,0.8563725352287292,0.11226976532535142,0.020456910133361816,0.12673014322916668,-0.0014732094241238277,5380,0.01890779,0.0003,-2.53916965679576,0.2
28991,26296320,214,450.0,1169.6108,907,0.8113270252943039,0.11710834683535117,0.11463244259357452,0.12029622395833334,-0.0013457601891483744,5390,0.014426396,0.0003,-2.5450920683642226,0.2
29123,26419200,215,450.0,1188.5131,907,0.7991494983434677,0.11434612856881965,0.04596036672592163,0.1186181640625,-0.002059466546755478,5400,0.015345635,0.0003,-2.5262977977717918,0.2
29257,26542080,216,450.0,1249.9076,907,0.7636721134185791,0.12252382138608178,0.03715425357222557,0.11719482421875,-0.002144058388009095,5410,0.015782386,0.0003,-2.544913159360488,0.2
29391,26664960,217,450.0,1235.8823,907,0.8114640563726425,0.10712096410134109,0.03447967395186424,0.12090250651041666,-0.0015948199744828648,5420,0.014766418,0.0003,-2.5673095440740386,0.2
29524,26787840,218,443.76,1182.6414,907,0.7885125428438187,0.12344651303671222,0.022726453840732574,0.12037516276041667,-0.001892670967530042,5430,0.013870106,0.0003,-2.5692403448869783,0.2
29658,26910720,219,450.0,1230.0186,907,0.7998921871185303,0.123329114150935,0.04629351943731308,0.11981852213541666,-0.0019539060743712375,5440,0.014288085,0.0003,-2.5713755726690093,0.2
29794,27033600,220,450.0,1168.9882,907,0.8190187960863113,0.1271009718280402,0.05783822387456894,0.11943277994791666,-0.0016085135289843795,5450,0.014528207,0.0003,-2.579153903921445,0.2
29926,27156480,221,450.0,1280.1941,907,0.7897361665964127,0.11910941651660929,0.03397812321782112,0.11854736328125,-0.0018622067337855696,5460,0.014723194,0.0003,-2.577651707281669,0.2
30061,27279360,222,450.0,1184.7551,907,0.8460399061441422,0.1206557082189344,0.03380076587200165,0.12837483723958334,-0.0019124946573235017,5470,0.015848782,0.0003,-2.5578807735567293,0.2
30196,27402240,223,450.0,1198.1798,907,0.824895516037941,0.11896941549600645,0.036221642047166824,0.12289632161458333,-0.001628813724552553,5480,0.014307914,0.0003,-2.5848619173715512,0.2
30332,27525120,224,450.0,1278.261,907,0.8200950920581818,0.12628364548528528,0.052118539810180664,0.11587972005208333,-0.0020266466065186253,5490,0.015058086,0.0003,-2.5959575500215095,0.2
30466,27648000,225,450.0,1225.2759,907,0.8410956859588623,0.11961148251337969,0.056423064321279526,0.11932454427083333,-0.0017223033774401604,5500,0.015582785,0.0003,-2.6145507355531055,0.2
30601,27770880,226,450.0,1223.8462,907,0.8223629146814346,0.11960613936889179,0.05957717448472977,0.12526041666666668,-0.0015603597142459572,5510,0.013624488,0.0003,-2.6079739185546837,0.2
30733,27893760,227,447.22,1239.4901,907,0.7684903740882874,0.1317534036153423,0.18847236037254333,0.11107991536458334,-0.0012783164349578632,5520,0.013405454,0.0003,-2.6003804341579477,0.2
30869,28016640,228,450.0,1199.7683,907,0.7647515088319778,0.12820298878335354,0.12940935790538788,0.1206396484375,-0.0016159649753353733,5530,0.0145301465,0.0003,-2.613906058371067,0.2
31002,28139520,229,450.0,1205.0518,907,0.8482547849416733,0.11094625445693965,-0.004291036166250706,0.12287923177083333,-0.002156174063053792,5540,0.015082463,0.0003,-2.5978061793992917,0.2
31135,28262400,230,450.0,1287.9779,907,0.7999005913734436,0.1205626555269555,-0.01435043290257454,0.11618489583333333,-0.0019199664826555817,5550,0.016723625,0.0003,-2.612295135060946,0.2
31269,28385280,231,450.0,1153.312,907,0.7691843509674072,0.12955318726123854,0.120950847864151,0.12605224609375,-0.002094663977119732,5560,0.015069854,0.0003,-2.6276262279103197,0.2
31403,28508160,232,450.0,1159.5852,907,0.7401246130466461,0.11401243707732647,0.052080437541007996,0.10925455729166667,-0.0017837829279415019,5570,0.01190017,0.0003,-2.587060542230805,0.2
31536,28631040,233,450.0,1248.1284,907,0.8053791522979736,0.10415077027158987,0.04608512669801712,0.11384765625,-0.0017854448293170813,5580,0.012585655,0.0003,-2.586100832223892,0.2
31670,28753920,234,450.0,1178.5361,907,0.7613846957683563,0.11395591425151604,-0.0005398374050855637,0.1203515625,-0.002274838141596168,5590,0.013771182,0.0003,-2.6119990745559334,0.2
31803,28876800,235,450.0,1224.0442,907,0.7653672099113464,0.1126682804183171,0.012262683361768723,0.11100992838541666,-0.001346267508809736,5600,0.01241195,0.0003,-2.6094733016813794,0.2
31939,28999680,236,445.54,1167.6676,907,0.7597919851541519,0.11694000978122251,0.05553577095270157,0.11285725911458333,-0.0017247568539642088,5610,0.011836946,0.0003,-2.607370777254303,0.2
32073,29122560,237,450.0,1239.8438,908,0.7701220065355301,0.10872689010279525,0.030870065093040466,0.10938802083333334,-0.0025850953395395965,5620,0.016550627,0.0003,-2.606721134794255,0.2
32208,29245440,238,450.0,1202.2358,907,0.7653765827417374,0.11534695191439823,0.05396364629268646,0.11583984375,-0.0025751804126775825,5630,0.014431193,0.0003,-2.62010847710073,0.2
32341,29368320,239,450.0,1213.347,908,0.7988195419311523,0.10690773292287001,0.014326651580631733,0.1210546875,-0.0016437304108391497,5640,0.016609972,0.0003,-2.604772603052358,0.2
32473,29491200,240,450.0,1166.2118,908,0.7645175457000732,0.11683706282608909,0.021658992394804955,0.11743977864583334,-0.001970761122156546,5650,0.013734048,0.0003,-2.616338002358874,0.2
32609,29614080,241,450.0,1168.9873,908,0.7375024557113647,0.11404455647566161,0.10755737870931625,0.1117333984375,-0.0014688319850817302,5660,0.011636992,0.0003,-2.5776374508067965,0.2
32743,29736960,242,450.0,1226.5305,908,0.7564801573753357,0.11075637377793707,0.04617250710725784,0.11652913411458334,-0.0015811679010190953,5670,0.011262689,0.0003,-2.583855776078999,0.2
32879,29859840,243,450.0,1183.8899,908,0.7684952318668365,0.11368726855808442,0.04329250007867813,0.12286458333333333,-0.0016914768711346066,5680,0.012401461,0.0003,-2.583437232685586,0.2
33015,29982720,244,450.0,1270.6812,908,0.7571461945772171,0.11564726887765574,0.11167944222688675,0.12236409505208333,-0.0017510090260323826,5690,0.0128395045,0.0003,-2.599224461565415,0.2
33149,30105600,245,444.92,1219.1045,908,0.7873324751853943,0.11463342219605693,0.037079259753227234,0.11624186197916667,-0.0012485010661051395,5700,0.011987674,0.0003,-2.595903074257076,0.2
33285,30228480,246,450.0,1198.4067,908,0.7535410076379776,0.11955179264863545,0.14737862348556519,0.11632161458333333,-0.0012917486536207434,5710,0.012843845,0.0003,-2.601189079210162,0.2
33421,30351360,247,450.0,1258.5303,908,0.7957149595022202,0.10041803654387574,0.07810628414154053,0.11109700520833334,-0.0015576251141828834,5720,0.013022389,0.0003,-2.564695723975698,0.2
33557,30474240,248,446.78,1190.5288,908,0.7837401032447815,0.11270578073701472,0.042473889887332916,0.123017578125,-0.0023488807468371913,5730,0.01524389,0.0003,-2.592338526559373,0.2
33691,30597120,249,450.0,1162.3467,908,0.7695046216249466,0.11350926846799363,0.04696754738688469,0.116376953125,-0.001735977846365131,5740,0.014840957,0.0003,-2.5833083383738993,0.2
33825,30720000,250,450.0,1292.1176,908,0.817138060927391,0.08607563894911437,0.11850379407405853,0.10348225911458334,-0.0023304594574680474,5750,0.014468507,0.0003,-2.532725535345574,0.2
33957,30842880,251,450.0,1261.372,908,0.7890037596225739,0.12145320469887035,0.05821134150028229,0.13141764322916666,-0.0027583320189266186,5760,0.015690615,0.0003,-2.5771370621398093,0.2
34092,30965760,252,450.0,1206.3701,908,0.7837475687265396,0.12418237793002239,0.010973092168569565,0.12142496744791667,-0.001623394175737,5770,0.012653088,0.0003,-2.5695044245570897,0.2
34235,31088640,253,450.0,1268.1212,908,0.7739047408103943,0.12136119878962442,0.041829440742731094,0.12934244791666666,-0.0026725900617384467,5780,0.01634436,0.0003,-2.5781596447899937,0.2
34370,31211520,254,450.0,1204.6608,908,0.786254495382309,0.11478634273000353,0.031599026173353195,0.11746419270833333,-0.0016591310234010356,5790,0.012721682,0.0003,-2.566414804433783,0.2
34533,31334400,255,450.0,1232.4991,907,0.8128477483987808,0.10258209885369676,0.06387005001306534,0.11999430338541667,-0.002121003808588284,5800,0.014048678,0.0003,-2.533675598713259,0.2
34683,31457280,256,444.58,1210.54,906,0.8047134578227997,0.10718526068890545,0.038174740970134735,0.11534912109375,-0.0020672411874147656,5810,0.013380464,0.0003,-2.543153495465716,0.2
34817,31580160,257,450.0,1195.6,907,0.8156622797250748,0.1032916539880777,0.009778499603271484,0.11536214192708333,-0.002124794288914321,5820,0.012575585,0.0003,-2.5409514926125607,0.2
34952,31703040,258,450.0,1227.0392,907,0.7987077534198761,0.10321159281375003,0.035539671778678894,0.11688639322916666,-0.0026500253791649207,5830,0.014140331,0.0003,-2.5394733499735596,0.2
35085,31825920,259,450.0,1175.3306,907,0.7627406567335129,0.10404462357216593,0.024836139753460884,0.11036214192708334,-0.002251808818552187,5840,0.013137785,0.0003,-2.56286574780941,0.2
35218,31948800,260,443.38,1127.7983,907,0.784581258893013,0.11393714406352956,0.08623704314231873,0.11409749348958333,-0.0018325679816280172,5850,0.013052582,0.0003,-2.567154059348007,0.2
35352,32071680,261,449.62,1227.7686,907,0.7933785617351532,0.10596826234563196,0.11782870441675186,0.11224283854166667,-0.002300419079128915,5860,0.014126853,0.0003,-2.538100808362166,0.2
35487,32194560,262,446.12,1236.7898,907,0.8320784121751785,0.11125770316517446,0.052716758102178574,0.1246630859375,-0.002396132022410408,5870,0.014147713,0.0003,-2.51204584941268,0.2
35621,32317440,263,450.0,1203.53,907,0.8272329568862915,0.10677389443303885,0.007716026157140732,0.11987548828125,-0.0020798357544238874,5880,0.013795557,0.0003,-2.5127509798109533,0.2
35755,32440320,264,443.46,1194.3478,907,0.8595369011163712,0.09874821298542277,0.039329953491687775,0.12159098307291667,-0.002173306029696202,5890,0.014291097,0.0003,-2.5301216671864193,0.2
35889,32563200,265,450.0,1261.0496,907,0.8545400202274323,0.09486937540607565,0.06037119776010513,0.11817626953125,-0.002015393483458562,5900,0.013655952,0.0003,-2.4978728724022705,0.2
36023,32686080,266,450.0,1215.6548,907,0.8338055163621902,0.10804779289765672,0.015812469646334648,0.1200537109375,-0.0015295585106044503,5910,0.013032736,0.0003,-2.522152028121054,0.2
36158,32808960,267,450.0,1281.4633,907,0.8453109264373779,0.10887301258961088,0.14885155856609344,0.11644856770833334,-0.0012064664924522125,5920,0.012676277,0.0003,-2.5364580459271866,0.2
36293,32931840,268,450.0,1179.5406,907,0.8591329008340836,0.10000887369581808,-0.013313937932252884,0.12539876302083333,-0.0016659157513095125,5930,0.013201354,0.0003,-2.5428053576250873,0.2
36448,33054720,269,450.0,1186.4487,906,0.830959215760231,0.10316979948009247,0.010050047188997269,0.11928466796875,-0.0021526021942554507,5940,0.012123865,0.0003,-2.5422218742097416,0.2
36585,33177600,270,440.98,1206.1633,906,0.8359900563955307,0.10274679548230779,0.0129651864990592,0.11721761067708333,-0.0014348609021665956,5950,0.0118176555,0.0003,-2.5464313333978255,0.2
36718,33300480,271,450.0,1244.8356,906,0.8594245910644531,0.09991214492210322,0.014169974252581596,0.12473795572916667,-0.0018978289058153072,5960,0.0139759015,0.0003,-2.5537512689332167,0.2
36853,33423360,272,445.0,1242.2943,906,0.83200304210186,0.12232617261642494,0.04317566752433777,0.12925374348958332,-0.0008571226830463275,5970,0.013239847,0.0003,-2.5590934148679176,0.2
36988,33546240,273,450.0,1273.6586,906,0.839229941368103,0.11642255709050611,0.023149773478507996,0.12668863932291666,-0.0017608543050846492,5980,0.01469583,0.0003,-2.578514573574066,0.2
37124,33669120,274,450.0,1242.717,906,0.8277090638875961,0.13397667249458511,0.021171987056732178,0.13193196614583333,-0.0016217951296918424,5990,0.014864526,0.0003,-2.610253802674512,0.2
37258,33792000,275,450.0,1259.8142,906,0.8189206123352051,0.10891786736135449,0.09121236205101013,0.119267578125,-0.0013744763370353516,6000,0.01187435,0.0003,-2.5236354359115163,0.2
37394,33914880,276,449.72,1162.6233,906,0.8176163882017136,0.1296222707546743,0.08670031279325485,0.12962076822916666,-0.0014589066255636378,6010,0.014621045,0.0003,-2.586970131819447,0.2
37528,34037760,277,450.0,1273.1826,906,0.784420982003212,0.12516138762318102,-0.004807142540812492,0.13633138020833332,-0.0026499397290353954,6020,0.013556484,0.0003,-2.569063186508914,0.2
37664,34160640,278,450.0,1219.9545,906,0.7545723468065262,0.1332300141227218,0.08076643943786621,0.12348876953125,-0.0016473967023557634,6030,0.01371781,0.0003,-2.553188649949928,0.2
37800,34283520,279,450.0,1222.514,906,0.7941398173570633,0.11532421667298574,0.02221112698316574,0.12501302083333332,-0.001627754275583963,6040,0.015021594,0.0003,-2.567074407624702,0.2
37936,34406400,280,450.0,1226.862,906,0.787786453962326,0.1112290215324659,0.03596605733036995,0.12563557942708334,-0.001828368349755086,6050,0.012631059,0.0003,-2.5437518274784088,0.2
38099,34529280,281,450.0,1325.8004,906,0.7780170887708664,0.11770243851317597,0.01717287302017212,0.12960856119791667,-0.0016590812729433916,6060,0.01305638,0.0003,-2.5516482268149656,0.2
38233,34652160,282,450.0,1235.0688,906,0.7936956584453583,0.11688984991919521,0.024617351591587067,0.1274755859375,-0.0015871946035197954,6070,0.012839172,0.0003,-2.567895915955305,0.2
38368,34775040,283,448.94,1273.3962,906,0.8010637164115906,0.11579615374127267,0.05082143843173981,0.121865234375,-0.001437735938015976,6080,0.012181438,0.0003,-2.5377664342646797,0.2
38503,34897920,284,450.0,1137.5361,906,0.8080752789974213,0.11491506937100592,0.04081039875745773,0.12695556640625,-0.001581465750841744,6090,0.013400314,0.0003,-2.554083582398792,0.2
38667,35020800,285,450.0,1232.8057,905,0.8169708698987961,0.1004613262090182,0.05131692439317703,0.11498046875,-0.0016427392974825731,6100,0.01179013,0.0003,-2.4998339898511768,0.2
