rollout/ep_len_mean,time/iterations,time/fps,rollout/ep_rew_mean,time/time_elapsed,time/total_timesteps,train/approx_kl,train/explained_variance,train/learning_rate,train/policy_gradient_loss,train/value_loss,train/loss,train/n_updates,train/entropy_loss,train/clip_range,train/clip_fraction
417.3333333333333,1,5835,1812.0365,21,122880,,,,,,,,,,
369.53333333333336,2,1117,1598.0697,219,245760,0.10784414,0.8204284459352493,0.0002,-0.0014081593122318736,0.26369515718751546,-0.010583311319351196,9630,-0.8710767954184363,0.2,0.26270263671875
324.3333333333333,3,879,1398.5221,419,368640,0.15930693,0.9201849326491356,0.0002,-0.004026017889157932,0.07570323349619382,-0.027062218636274338,9640,-0.8943375769630074,0.2,0.26903971354166667
362.0,4,790,1481.3904,621,491520,0.1104712,0.9217695668339729,0.0002,-0.0038909176145140614,0.07415924569907172,0.011722754687070847,9650,-0.8768576514845093,0.2,0.2595621744791667
407.8,5,748,1744.7614,821,614400,0.101411864,0.889051541686058,0.0002,-0.00376262432346266,0.0983654412862476,0.011435393244028091,9660,-0.8941542830473433,0.2,0.26372884114583334
357.8666666666667,6,714,1538.3945,1031,737280,0.09647629,0.9246853142976761,0.0002,-0.004475511783887972,0.07873204465290959,0.009720017202198505,9670,-0.8947068221339335,0.2,0.26133138020833335
330.73333333333335,7,700,1424.7396,1227,860160,0.10004153,0.9177195280790329,0.0002,-0.004642935754548792,0.07462607491249704,0.0008663702756166458,9680,-0.9093729538718859,0.2,0.26295328776041665
399.1333333333333,8,690,1661.702,1424,983040,0.102839865,0.9261810034513474,0.0002,-0.005041121628892142,0.07713519746704454,-0.0035235993564128876,9690,-0.8941842560190707,0.2,0.2598291015625
353.06666666666666,9,680,1477.3021,1624,1105920,0.093407616,0.9065221473574638,0.0002,-0.005520181723386486,0.06312067632924785,0.0051199086010456085,9700,-0.9067853718530386,0.2,0.259365234375
344.2,10,673,1477.3337,1823,1228800,0.095601365,0.8832051604986191,0.0002,-0.005195237357265796,0.07157262728348239,-0.010830131359398365,9710,-0.8902634700449804,0.2,0.25837076822916666
408.46666666666664,11,668,1777.567,2021,1351680,0.09992126,0.9074691236019135,0.0002,-0.0051953203953932344,0.07464955423597228,-0.021806685253977776,9720,-0.8806235223822295,0.2,0.25512858072916667
413.4,12,658,1717.7443,2239,1474560,0.09427627,0.9196719452738762,0.0002,-0.005909831112718773,0.06561797408559263,-0.016232280060648918,9730,-0.8763339684344829,0.2,0.25448404947916664
340.73333333333335,13,655,1469.284,2436,1597440,0.09635283,0.8866240605711937,0.0002,-0.0053154647231531274,0.06925580140360883,-0.021345864981412888,9740,-0.8853377476520836,0.2,0.25457926432291667
371.2,14,652,1515.5256,2636,1720320,0.10088924,0.9089045971632004,0.0002,-0.004988946643249316,0.07965283832634062,-0.002360742539167404,9750,-0.8745395927721014,0.2,0.25395263671875
380.3333333333333,15,650,1627.8472,2833,1843200,0.09156028,0.9018131047487259,0.0002,-0.005444069461030571,0.06289234342184499,-0.0014779530465602875,9760,-0.878867904379343,0.2,0.2504166666666667
376.0,16,648,1601.5447,3032,1966080,0.09707861,0.9052113443613052,0.0002,-0.003664140638769216,0.06751888699764094,0.022618524730205536,9770,-0.876641652546823,0.2,0.25659749348958333
396.8,17,646,1757.2402,3229,2088960,0.096722126,0.9088125601410866,0.0002,-0.00429387919197931,0.06714489145500314,-0.022632353007793427,9780,-0.8656553682902207,0.2,0.25315755208333335
373.06666666666666,18,645,1567.3923,3428,2211840,0.092141725,0.9039389863610268,0.0002,-0.005213285197438988,0.06297691701467556,-0.012616856023669243,9790,-0.8602292807400227,0.2,0.24938639322916667
386.4,19,643,1682.7498,3627,2334720,0.09650984,0.915155403316021,0.0002,-0.005076211403211346,0.06524352348567239,0.017550526186823845,9800,-0.8771451367717237,0.2,0.25480061848958335
352.26666666666665,20,642,1530.6423,3825,2457600,0.09130159,0.9121289327740669,0.0002,-0.004583807498529495,0.06235107293944263,-0.02017608843743801,9810,-0.863699043483163,0.2,0.250244140625
412.1333333333333,21,641,1722.8917,4024,2580480,0.09122613,0.900886058807373,0.0002,-0.004957186175191358,0.07122207081767556,0.009096696972846985,9820,-0.8592750558474411,0.2,0.24814453125
398.1333333333333,22,637,1643.9606,4240,2703360,0.0929892,0.8889035880565643,0.0002,-0.004864869575955406,0.06223427020908275,0.01932365633547306,9830,-0.8605914315519233,0.2,0.25116536458333333
356.3333333333333,23,636,1531.4312,4438,2826240,0.08665533,0.8897614181041718,0.0002,-0.003806391564921796,0.06627720897396405,0.007966877892613411,9840,-0.844355315870295,0.2,0.24608968098958334
392.8666666666667,24,635,1662.9913,4639,2949120,0.091608495,0.8652714192867279,0.0002,-0.004452254383486434,0.0755346066003646,0.010864239186048508,9850,-0.853850018347924,0.2,0.2504964192708333
413.53333333333336,25,635,1764.0175,4837,3072000,0.09055429,0.8985068649053574,0.0002,-0.004829221923522103,0.06365409220493651,0.010838798247277737,9860,-0.8588342644864072,0.2,0.24860107421875
376.3333333333333,26,633,1621.5542,5046,3194880,0.09085599,0.9034767299890518,0.0002,-0.004101497840110824,0.06827512547490187,0.027355432510375977,9870,-0.860782870358477,0.2,0.251982421875
289.3333333333333,27,632,1222.929,5245,3317760,0.091452174,0.9011238664388657,0.0002,-0.00450053262539465,0.06783891255562291,0.00785120576620102,9880,-0.8463280193383494,0.2,0.24838623046875
396.06666666666666,28,631,1676.8081,5444,3440640,0.09068582,0.9004626646637917,0.0002,-0.005397537397893757,0.06959777113729312,0.00494072400033474,9890,-0.8690399827218304,0.2,0.2516178385416667
385.2,29,631,1650.3425,5644,3563520,0.08847747,0.8989517390727997,0.0002,-0.004996716691621259,0.07007678291520278,0.017321918159723282,9900,-0.8626845324908694,0.2,0.2501448567708333
397.4,30,630,1755.5154,5845,3686400,0.094113156,0.9167724177241325,0.0002,-0.004797273284364868,0.06212978447190835,0.04671917110681534,9910,-0.8688931118386487,0.2,0.25161865234375
405.3333333333333,31,630,1770.0862,6045,3809280,0.09213265,0.8837465271353722,0.0002,-0.004156846545793087,0.06910479731433346,-0.006936605088412762,9920,-0.8473315515741706,0.2,0.24969482421875
337.8,32,629,1433.3242,6243,3932160,0.11737106,0.9109901413321495,0.0002,-0.005328163324381118,0.0649233302485906,0.04246382415294647,9930,-0.8520285327763607,0.2,0.25165690104166666
407.2,33,629,1703.312,6442,4055040,0.09336441,0.9076575264334679,0.0002,-0.0041959465508019395,0.08046469402419461,0.03713220730423927,9940,-0.8529193154443055,0.2,0.2542903645833333
357.1333333333333,34,628,1596.4059,6643,4177920,0.097117886,0.8868134543299675,0.0002,-0.0050511224120843206,0.07406189731525956,-0.018587790429592133,9950,-0.8592931596376002,0.2,0.25683837890625
389.2,35,628,1656.7,6839,4300800,0.090595245,0.8994249850511551,0.0002,-0.0018185268101963933,0.06774028447197149,0.0346011221408844,9960,-0.8470339025991659,0.2,0.24864583333333334
282.6666666666667,36,628,1238.5776,7039,4423680,0.09117248,0.9005539044737816,0.0002,-0.005141240266490665,0.060951239848485175,0.016566559672355652,9970,-0.8460439582914114,0.2,0.25199055989583335
332.53333333333336,37,628,1389.1088,7239,4546560,0.09990357,0.9046722501516342,0.0002,-0.0037776255861960333,0.08975362659744861,0.038023367524147034,9980,-0.842230931535984,0.2,0.254296875
415.2,38,627,1805.9866,7438,4669440,0.08883926,0.9160761162638664,0.0002,-0.004593043099096879,0.06025102442979308,0.02532639540731907,9990,-0.8552960716125866,0.2,0.2526611328125
435.2,39,627,1890.9789,7634,4792320,0.089390986,0.9016859009861946,0.0002,-0.004476557824461149,0.06430656856263037,0.04218160733580589,10000,-0.8402293592132628,0.2,0.2527742513020833
364.06666666666666,40,626,1598.0503,7841,4915200,0.08843543,0.9118639156222343,0.0002,-0.005381682978304525,0.05953302859103132,0.005480756983160973,10010,-0.849783673635684,0.2,0.24953043619791668
370.93333333333334,41,625,1634.2572,8048,5038080,0.08985553,0.9111644774675369,0.0002,-0.004663258095021472,0.06906656687768797,0.0073297154158353806,10020,-0.8470373387789975,0.2,0.25128092447916667
417.3333333333333,42,625,1786.8268,8246,5160960,0.09200671,0.9309738725423813,0.0002,-0.005341714130366502,0.057937791579630964,0.015202686190605164,10030,-0.8295541228105624,0.2,0.25016357421875
378.06666666666666,43,625,1623.5151,8445,5283840,0.09113992,0.867326483130455,0.0002,-0.004109725167882061,0.07592948460924769,0.001797952689230442,10040,-0.8430923130859931,0.2,0.2524031575520833
353.46666666666664,44,625,1487.4891,8647,5406720,0.089908786,0.9099334254860878,0.0002,-0.005007052668388496,0.06562009616071009,0.009828495793044567,10050,-0.8309671255790939,0.2,0.24955729166666665
415.8,45,625,1752.5018,8846,5529600,0.08812995,0.9113280177116394,0.0002,-0.004742779335438172,0.06308370400414182,0.007241306826472282,10060,-0.8372725427150727,0.2,0.2507218424479167
417.0,46,624,1782.4213,9046,5652480,0.08589376,0.8931918889284134,0.0002,-0.005014013308203479,0.06766805666363022,0.003343746066093445,10070,-0.8291564860769237,0.2,0.24652994791666666
372.6666666666667,47,624,1579.5223,9246,5775360,0.08894388,0.8912011608481407,0.0002,-0.005906513345410834,0.06783402692179759,-0.0003428366035223007,10080,-0.8382975631703933,0.2,0.25132893880208335
362.93333333333334,48,624,1549.6595,9443,5898240,0.0902483,0.8989217728376389,0.0002,-0.005329337179840271,0.06497103196692479,0.007613396272063255,10090,-0.839488374578456,0.2,0.24949462890625
359.2,49,623,1567.0052,9657,6021120,0.098271035,0.8728372156620026,0.0002,-0.004992787053834036,0.08596958126033617,-0.031633663922548294,10100,-0.8351377975443999,0.2,0.2533447265625
409.4,50,623,1733.7466,9856,6144000,0.09398281,0.9107834175229073,0.0002,-0.004828393764079617,0.05743737489230019,-0.026544196531176567,10110,-0.8314390690562625,0.2,0.24595133463541666
404.53333333333336,51,623,1761.763,10055,6266880,0.09509515,0.865521714091301,0.0002,-0.004694148521593888,0.07284409505535828,0.02040601149201393,10120,-0.828525066919004,0.2,0.24743082682291667
310.53333333333336,52,623,1282.0073,10255,6389760,0.08969317,0.9223002046346664,0.0002,-0.005307629515925024,0.06282667235524665,0.006736309267580509,10130,-0.8260165131526689,0.2,0.24642171223958334
433.46666666666664,53,622,1936.5021,10455,6512640,0.098715805,0.8625300079584122,0.0002,-0.004324613946907144,0.08110878161644602,0.02572343870997429,10140,-0.8321947601685922,0.2,0.24951171875
393.8666666666667,54,622,1657.461,10652,6635520,0.09616332,0.8875804990530014,0.0002,-0.0047433339952506984,0.06861255710694726,0.012060931883752346,10150,-0.8232889920348923,0.2,0.24811686197916666
373.3333333333333,55,622,1540.9098,10852,6758400,0.09291709,0.9124226719141006,0.0002,-0.0051939591350461944,0.06617024261480159,-0.004187317565083504,10160,-0.8340923303738237,0.2,0.24684977213541667
369.46666666666664,56,622,1611.8757,11053,6881280,0.08423064,0.8937205821275711,0.0002,-0.004894344108124642,0.05771490956790027,0.013468051329255104,10170,-0.8383585330502441,0.2,0.24266682942708334
405.6666666666667,57,622,1700.6411,11253,7004160,0.091981396,0.8813825622200966,0.0002,-0.0044876136771260155,0.08676238817177363,0.1493622362613678,10180,-0.8161389363044873,0.2,0.2452685546875
427.06666666666666,58,622,1837.644,11452,7127040,0.0939392,0.8697578758001328,0.0002,-0.003838938554378425,0.06386637409579028,0.016640029847621918,10190,-0.8255747303521882,0.2,0.24827555338541665
405.06666666666666,59,622,1690.5398,11650,7249920,0.08907223,0.8836095035076141,0.0002,-0.005236133324542607,0.06476827890653415,-0.0035645924508571625,10200,-0.8258043765400847,0.2,0.2444775390625
382.0,60,622,1651.5021,11849,7372800,0.0902662,0.8697138875722885,0.0002,-0.0049955124037478526,0.06234790917968591,-0.0036058779805898666,10210,-0.8162744480744004,0.2,0.24163004557291667
393.53333333333336,61,622,1678.8102,12046,7495680,0.08826713,0.9148371741175652,0.0002,-0.005046188422071888,0.0659398500330523,0.02458833158016205,10220,-0.8224006966842959,0.2,0.24245524088541667
338.1333333333333,62,622,1484.0778,12248,7618560,0.088992186,0.8801320493221283,0.0002,-0.004369780542295605,0.05833322965464807,0.0443914458155632,10230,-0.8128177709287653,0.2,0.24273681640625
389.0,63,621,1703.0802,12447,7741440,0.096842155,0.9010296985507011,0.0002,-0.0044110072853375945,0.06506166267846614,0.02597278356552124,10240,-0.8124693109250317,0.2,0.24241861979166668
397.2,64,621,1675.6136,12648,7864320,0.09177617,0.8818008154630661,0.0002,-0.00423859820921886,0.06617998045187656,-0.005875520408153534,10250,-0.8089844213736554,0.2,0.24421305338541666
370.8666666666667,65,621,1582.8302,12846,7987200,0.091442265,0.8885778188705444,0.0002,-0.004269433669426993,0.07279240208893802,-0.01757311262190342,10260,-0.8241211544225613,0.2,0.24493245442708333
392.3333333333333,66,621,1676.1765,13047,8110080,0.09623362,0.8809569180011749,0.0002,-0.004318138746317951,0.07345087994045267,0.03629688918590546,10270,-0.8146589170458416,0.2,0.24573893229166666
403.8666666666667,67,621,1725.4316,13245,8232960,0.09111277,0.898259624838829,0.0002,-0.004432086263398863,0.0798504350013051,0.05661160126328468,10280,-0.8135200754118462,0.2,0.24428141276041668
367.73333333333335,68,621,1613.8407,13446,8355840,0.09148692,0.8844870626926422,0.0002,-0.003196191132401509,0.08588499420708104,0.0205606147646904,10290,-0.8255014893971384,0.2,0.24394287109375
391.3333333333333,69,621,1691.1423,13645,8478720,0.09273861,0.8839701265096664,0.0002,-0.004452775200710069,0.07555367671901574,0.011732906103134155,10300,-0.8291888870547215,0.2,0.24563720703125
373.93333333333334,70,620,1640.4489,13854,8601600,0.08531036,0.9128390774130821,0.0002,-0.005711704512432334,0.06805615966261636,-0.011934397742152214,10310,-0.8316058001387865,0.2,0.24251546223958334
370.06666666666666,71,620,1578.3708,14052,8724480,0.085623585,0.9020643904805183,0.0002,-0.004563554954456777,0.06499930389351599,-0.0012823576107621193,10320,-0.8318926822176824,0.2,0.24407796223958333
396.1333333333333,72,619,1771.303,14284,8847360,0.09314869,0.9061602428555489,0.0002,-0.0040870225647843955,0.07430906584687667,0.046343643218278885,10330,-0.8406974578493586,0.2,0.24663655598958334
402.6,73,619,1763.3071,14485,8970240,0.08729232,0.9060223251581192,0.0002,-0.004597499422749631,0.06798212467496341,0.011271897703409195,10340,-0.8311887040920556,0.2,0.24576985677083332
400.8666666666667,74,619,1760.8641,14686,9093120,0.088668875,0.903077557682991,0.0002,-0.004952488516628364,0.06551038243303386,-0.016155431047081947,10350,-0.8387619319868584,0.2,0.24612060546875
384.46666666666664,75,619,1672.9542,14884,9216000,0.090078354,0.896036371588707,0.0002,-0.004532175714836437,0.06071618781100066,-0.02423526719212532,10360,-0.8345100168262919,0.2,0.24529052734375
380.73333333333335,76,619,1659.0193,15084,9338880,0.09276879,0.910810112953186,0.0002,-0.004938842477498232,0.06377502261251114,-0.01969263330101967,10370,-0.8218708826663593,0.2,0.24414143880208333
406.53333333333336,77,618,1765.1282,15297,9461760,0.088376716,0.9003876224160194,0.0002,-0.004512842547301261,0.07080228119312475,0.005048414692282677,10380,-0.8243513552347819,0.2,0.24591878255208333
422.6666666666667,78,618,1856.494,15496,9584640,0.08797146,0.8952143266797066,0.0002,-0.004482623824772721,0.0709067158887774,-0.015915004536509514,10390,-0.8202640743025889,0.2,0.24489501953125
413.2,79,618,1791.7266,15696,9707520,0.08952224,0.9146685376763344,0.0002,-0.0050683280954702545,0.062349656927763134,-0.00033892877399921417,10400,-0.8139438511462261,0.2,0.24478434244791666
413.73333333333335,80,618,1874.0063,15897,9830400,0.08311108,0.8997095376253128,0.0002,-0.004048440492418498,0.06500757122322587,-0.0012208335101604462,10410,-0.8214098651179423,0.2,0.2420556640625
338.26666666666665,81,618,1423.3699,16094,9953280,0.083917096,0.9173868149518967,0.0002,-0.005222998117527217,0.05535467803487942,-0.003546535037457943,10420,-0.829005363555625,0.2,0.24249837239583333
389.8666666666667,82,618,1710.1383,16292,10076160,0.086389795,0.905599482357502,0.0002,-0.005047354823612599,0.07677427714608105,-0.023205509409308434,10430,-0.8228536278412988,0.2,0.24288736979166667
387.26666666666665,83,618,1771.2584,16492,10199040,0.08476348,0.908210888504982,0.0002,-0.005183413876141761,0.059703367802261105,-0.0074371881783008575,10440,-0.815350156519562,0.2,0.23934163411458334
421.06666666666666,84,618,1802.681,16693,10321920,0.08712278,0.900776132941246,0.0002,-0.005346467605941143,0.05778355727539747,-0.01897246390581131,10450,-0.832577102985233,0.2,0.24132731119791667
373.2,85,618,1632.5328,16891,10444800,0.09098701,0.9029808565974236,0.0002,-0.004708871812739138,0.06337295411062466,0.00537332147359848,10460,-0.8232553097481529,0.2,0.24169596354166667
420.8,86,618,1811.3792,17091,10567680,0.09027873,0.9023928940296173,0.0002,-0.004105018384637636,0.06594043238323745,-0.011508988216519356,10470,-0.8346124484265844,0.2,0.24462239583333334
352.93333333333334,87,618,1571.9622,17290,10690560,0.089088574,0.9070817083120346,0.0002,-0.004232777901744763,0.07024691721259539,-0.007406030781567097,10480,-0.8271488471173992,0.2,0.243828125
409.6666666666667,88,618,1783.547,17491,10813440,0.088819765,0.9185761660337448,0.0002,-0.004323966512138213,0.06504049365425696,-0.0028104502707719803,10490,-0.8256781154250106,0.2,0.245087890625
371.4,89,618,1634.2401,17694,10936320,0.08912292,0.9072888866066933,0.0002,-0.004815614875108926,0.06002361652708108,0.003651181235909462,10500,-0.819327618740499,0.2,0.24173828125
361.8666666666667,90,618,1627.4127,17893,11059200,0.09052947,0.8894722387194633,0.0002,-0.004392244964262015,0.0742861031430948,-0.025696532800793648,10510,-0.8276335532342394,0.2,0.244970703125
415.53333333333336,91,618,1793.1965,18091,11182080,0.09485366,0.8955149352550507,0.0002,-0.004488082136140293,0.07820958322083849,-0.018552161753177643,10520,-0.8114252617458503,0.2,0.243974609375
410.1333333333333,92,618,1797.8601,18289,11304960,0.08974597,0.8919530436396599,0.0002,-0.0041311803234081405,0.06497991866216277,0.0215496513992548,10530,-0.8156827680425097,0.2,0.24596842447916667
398.4,93,617,1764.6049,18492,11427840,0.09367339,0.9083849489688873,0.0002,-0.003717354466912184,0.06836828867688989,0.02210380509495735,10540,-0.8146545413850497,0.2,0.24394124348958332
392.0,94,617,1751.5148,18690,11550720,0.0960413,0.9255038127303123,0.0002,-0.005144217646214505,0.06598220238277766,0.06539588421583176,10550,-0.8226539707059661,0.2,0.24596028645833334
369.6,95,618,1621.0214,18888,11673600,0.095372096,0.8970397040247917,0.0002,-0.003955496704393226,0.075020987865452,-0.014965596608817577,10560,-0.8089336417553326,0.2,0.24739095052083335
382.26666666666665,96,617,1658.5856,19088,11796480,0.09067313,0.900044709444046,0.0002,-0.0038657876677037468,0.06841393024954111,-0.0220809206366539,10570,-0.8075559303692231,0.2,0.24619222005208333
390.3333333333333,97,617,1746.3036,19290,11919360,0.08998593,0.9156636968255043,0.0002,-0.0035299791155982045,0.06405777536878304,0.02876664325594902,10580,-0.7928426304832101,0.2,0.24160237630208334
329.53333333333336,98,617,1439.5917,19488,12042240,0.089415886,0.9069145917892456,0.0002,-0.003639061252836958,0.06117558598324346,0.009715802036225796,10590,-0.7878194927874331,0.2,0.24066243489583333
366.4,99,617,1584.19,19687,12165120,0.09132372,0.9205303639173508,0.0002,-0.002804129257377402,0.06492446952159904,-0.01775866188108921,10600,-0.7775504807087903,0.2,0.2417333984375
419.46666666666664,100,617,1878.099,19889,12288000,0.08976587,0.9137771651148796,0.0002,-0.004397917155438335,0.06578945693387747,0.037489090114831924,10610,-0.7830806926405057,0.2,0.24235107421875
361.2,101,617,1598.3256,20089,12410880,0.0938677,0.9010993242263794,0.0002,-0.0040499509817406455,0.0701227585858093,0.020419813692569733,10620,-0.7828213012078777,0.2,0.24473063151041666
310.06666666666666,102,617,1373.262,20292,12533760,0.08814897,0.8959255591034889,0.0002,-0.004278547011502572,0.07070983269940674,-0.01459018886089325,10630,-0.790096563687548,0.2,0.24227376302083334
371.93333333333334,103,617,1578.4353,20492,12656640,0.08901728,0.8918009847402573,0.0002,-0.0035626834675561744,0.08277043925675874,0.032730583101511,10640,-0.7815456749886895,0.2,0.24231038411458333
343.6666666666667,104,617,1516.4044,20692,12779520,0.09152851,0.9057758897542953,0.0002,-0.003840131386101954,0.07297683148884972,-0.016636554151773453,10650,-0.7978573058530067,0.2,0.24602701822916667
341.6,105,617,1507.1234,20890,12902400,0.09313132,0.905498817563057,0.0002,-0.004439357876826762,0.0701356218928413,0.02631593868136406,10660,-0.7935685879333566,0.2,0.24353922526041666
304.6666666666667,106,617,1367.0457,21091,13025280,0.09052418,0.9199728444218636,0.0002,-0.0043485546263066985,0.06835607197989399,-0.024968329817056656,10670,-0.7925769596360623,0.2,0.24346842447916667
352.73333333333335,107,617,1528.7457,21293,13148160,0.092828676,0.9354153946042061,0.0002,-0.004101699087113957,0.0630728439722831,-0.001267269253730774,10680,-0.7825703236057112,0.2,0.24114013671875
429.2,108,617,1922.511,21493,13271040,0.09202046,0.9179712161421776,0.0002,-0.004732292947431536,0.0676890399903641,0.017099939286708832,10690,-0.7858327067829669,0.2,0.24398274739583334
329.3333333333333,109,617,1402.8732,21694,13393920,0.093392484,0.9112270548939705,0.0002,-0.004421568079372567,0.06624153016144797,0.023958375677466393,10700,-0.7791840593330562,0.2,0.24439290364583333
399.93333333333334,110,617,1725.218,21895,13516800,0.08710669,0.830122783780098,0.0002,-0.0036564986022798013,0.08935602003550835,-0.002950148656964302,10710,-0.7990286022579919,0.2,0.24414876302083333
381.6,111,617,1740.3348,22096,13639680,0.08631463,0.9003749713301659,0.0002,-0.004611760622647125,0.06606059198068882,0.005065904930233955,10720,-0.7942486989839623,0.2,0.23990234375
362.46666666666664,112,616,1642.6364,22333,13762560,0.093363404,0.9180525839328766,0.0002,-0.004658070581263019,0.06597080299873292,0.021999754011631012,10730,-0.7914984879270196,0.2,0.244453125
379.8666666666667,113,616,1693.076,22539,13885440,0.09074689,0.905525840818882,0.0002,-0.004125275803077481,0.0671027721540789,0.004702933132648468,10740,-0.7943510314077139,0.2,0.24470621744791668
364.4,114,616,1604.1702,22737,14008320,0.08693942,0.9193844124674797,0.0002,-0.004347849089808733,0.06151086885283197,0.01241348497569561,10750,-0.7956619644413392,0.2,0.24353678385416666
359.93333333333334,115,616,1612.782,22937,14131200,0.09039846,0.9199641868472099,0.0002,-0.005110338295920277,0.06404935814168615,-0.017549190670251846,10760,-0.7944688136689365,0.2,0.24302001953125
414.8666666666667,116,615,1827.0245,23139,14254080,0.08956239,0.8907889500260353,0.0002,-0.0044320973933099595,0.06837767868038402,-0.009675159119069576,10770,-0.7951517764323701,0.2,0.24298828125
385.2,117,616,1697.6632,23338,14376960,0.09087958,0.8966878801584244,0.0002,-0.004310744567913692,0.05685566722762208,-0.025088127702474594,10780,-0.8084525888816764,0.2,0.24474365234375
402.6666666666667,118,616,1744.349,23537,14499840,0.08887677,0.9036626294255257,0.0002,-0.00405519887170764,0.0645410827849264,0.005316503345966339,10790,-0.7995110901320974,0.2,0.24320393880208332
419.93333333333334,119,616,1854.0338,23737,14622720,0.08722615,0.9018981456756592,0.0002,-0.0037782233339051646,0.06844462844070222,0.015246715396642685,10800,-0.7877355273595701,0.2,0.24140055338541666
362.93333333333334,120,616,1598.3978,23936,14745600,0.09688519,0.913402870297432,0.0002,-0.004420870135239359,0.06133673714095494,0.03579670563340187,10810,-0.796753056809927,0.2,0.24526774088541667
314.4,121,615,1401.3445,24137,14868480,0.088658206,0.921520471572876,0.0002,-0.0032207570468987495,0.07629365297997234,0.001662176102399826,10820,-0.8065590010645489,0.2,0.24205891927083334
293.2,122,615,1254.7815,24339,14991360,0.0965981,0.9126374945044518,0.0002,-0.0053405158326798605,0.07061065528847393,0.0061432067304849625,10830,-0.8018787971325219,0.2,0.24554361979166667
399.06666666666666,123,615,1717.2821,24539,15114240,0.09108424,0.9070083349943161,0.0002,-0.003815843941265484,0.07839893524748429,-0.007819293066859245,10840,-0.7955852440806727,0.2,0.24640218098958333
362.6666666666667,124,615,1595.6691,24741,15237120,0.08837693,0.9074753448367119,0.0002,-0.004619128399778371,0.06335077114922266,0.026489481329917908,10850,-0.8007446323086818,0.2,0.24398111979166667
360.06666666666666,125,615,1593.1412,24942,15360000,0.09513294,0.9054938331246376,0.0002,-0.0038624091075629015,0.07246209081989946,-0.0044996608048677444,10860,-0.8008847392785052,0.2,0.24140787760416665
415.53333333333336,126,615,1840.7427,25145,15482880,0.09145789,0.9124290123581886,0.0002,-0.004875852877321449,0.05828614500717473,-0.009302537888288498,10870,-0.786138291383783,0.2,0.24128987630208334
398.3333333333333,127,615,1724.2556,25345,15605760,0.08598909,0.8867203518748283,0.0002,-0.0037715821737765508,0.07917889314398054,-0.016663752496242523,10880,-0.7864153854393711,0.2,0.24245768229166667
365.3333333333333,128,615,1630.8513,25553,15728640,0.08199422,0.911506362259388,0.0002,-0.004082702184095979,0.06076742661054595,0.02922286093235016,10890,-0.7856285652642448,0.2,0.23550130208333334
414.93333333333334,129,615,1836.6086,25754,15851520,0.08262283,0.8949551209807396,0.0002,-0.004968768022936274,0.06719430662352048,0.02522256039083004,10900,-0.7973848899360746,0.2,0.24311279296875
409.6666666666667,130,615,1795.2212,25956,15974400,0.08638423,0.9258852824568748,0.0002,-0.004674627256799795,0.055003897975184374,0.000987892970442772,10910,-0.7903858165349811,0.2,0.23823567708333335
387.06666666666666,131,615,1706.0548,26156,16097280,0.08230894,0.9026878327131271,0.0002,-0.004748370220070986,0.06313029222466866,0.01585053838789463,10920,-0.7835987694887444,0.2,0.23720540364583334
406.4,132,615,1827.8987,26357,16220160,0.08080616,0.9081002846360207,0.0002,-0.003982733599708202,0.06702582398662343,0.022718330845236778,10930,-0.7924727275501937,0.2,0.23791097005208334
377.26666666666665,133,615,1654.4585,26560,16343040,0.0871781,0.8936117514967918,0.0002,-0.003235376202634749,0.08012084074075877,-0.012445580214262009,10940,-0.7955721345792214,0.2,0.23979899088541667
379.26666666666665,134,615,1628.6302,26759,16465920,0.09180479,0.9246267005801201,0.0002,-0.004667068622547958,0.0607733484650089,0.03306623548269272,10950,-0.7958197379034634,0.2,0.23917236328125
415.6666666666667,135,615,1879.1315,26960,16588800,0.08688801,0.9123907834291458,0.0002,-0.004734363640576097,0.06818088224662157,0.021906843408942223,10960,-0.7910588285839185,0.2,0.23807210286458333
381.1333333333333,136,615,1703.1788,27161,16711680,0.08649182,0.9193346425890923,0.0002,-0.004487767994284392,0.06092341303738067,0.0011587999761104584,10970,-0.8024396380751083,0.2,0.23708414713541667
363.93333333333334,137,615,1651.8806,27360,16834560,0.085981086,0.9055289328098297,0.0002,-0.004393074336764282,0.06415949306858237,0.026861511170864105,10980,-0.7848722780232007,0.2,0.23756266276041665
373.73333333333335,138,615,1661.6005,27561,16957440,0.08427118,0.9112032577395439,0.0002,-0.004566748358708234,0.0683755876779954,-0.0035771243274211884,10990,-0.78881176701126,0.2,0.23978515625
388.8,139,615,1667.6534,27762,17080320,0.085519776,0.9285115376114845,0.0002,-0.004558778618250775,0.0658555654289618,0.008197851479053497,11000,-0.7864919189239542,0.2,0.23589518229166667
404.8,140,615,1741.703,27963,17203200,0.08708815,0.9067059978842735,0.0002,-0.004583962403045613,0.07488960716873408,0.009748097509145737,11010,-0.7834154588216916,0.2,0.23789469401041666
387.46666666666664,141,615,1664.0006,28164,17326080,0.08771708,0.8932820409536362,0.0002,-0.004654405121643019,0.07580998877434468,-0.0047597941011190414,11020,-0.7905942109661798,0.2,0.24148030598958334
394.1333333333333,142,615,1709.2007,28365,17448960,0.083156094,0.903207391500473,0.0002,-0.00415715924439913,0.07280871877667475,0.008641671389341354,11030,-0.7866692072541143,0.2,0.23924235026041665
388.2,143,615,1733.6827,28564,17571840,0.09068839,0.891695149242878,0.0002,-0.005763651273446158,0.05872380692356576,-0.015725385397672653,11040,-0.7846100803868225,0.2,0.24204671223958332
428.53333333333336,144,615,1908.7958,28763,17694720,0.08374831,0.9129552096128464,0.0002,-0.005073177197067101,0.05400938750164642,-0.016998257488012314,11050,-0.7812803211652984,0.2,0.23660074869791667
354.1333333333333,145,615,1533.2319,28965,17817600,0.078776956,0.9087310954928398,0.0002,-0.004836497219854815,0.06331748998044835,0.004753913264721632,11060,-0.7899990228066842,0.2,0.23640380859375
399.1333333333333,146,615,1816.7173,29163,17940480,0.079629235,0.9095879644155502,0.0002,-0.005679126369195728,0.06424257865881372,0.03769473731517792,11070,-0.8010018997204801,0.2,0.23994791666666668
399.3333333333333,147,615,1751.8796,29364,18063360,0.081693664,0.8996298164129257,0.0002,-0.004419517243583565,0.0695024560624491,0.034848716109991074,11080,-0.7976709600600104,0.2,0.23862630208333332
398.0,148,615,1773.2656,29563,18186240,0.08472654,0.8953879475593567,0.0002,-0.005239523312047823,0.06259459467881243,-0.013171590864658356,11090,-0.7957374391239136,0.2,0.23649576822916665
388.6,149,615,1762.2146,29764,18309120,0.0810436,0.8998551070690155,0.0002,-0.00576900592167173,0.05075611423657392,0.01660723052918911,11100,-0.8007472820719704,0.2,0.23732503255208334
329.73333333333335,150,615,1493.1276,29964,18432000,0.082966655,0.9045019969344139,0.0002,-0.003677310798478478,0.0693013015848798,-0.030869396403431892,11110,-0.7866052338589604,0.2,0.23553385416666667
370.26666666666665,151,615,1662.8665,30167,18554880,0.07950678,0.8952991589903831,0.0002,-0.004488793988639372,0.07749803969762677,0.026285719126462936,11120,-0.7920510937257981,0.2,0.24097249348958333
407.93333333333334,152,615,1817.8054,30368,18677760,0.08281395,0.9216752275824547,0.0002,-0.004668933379513571,0.06539593078453132,0.01974129118025303,11130,-0.7952076206790905,0.2,0.24027750651041666
357.8666666666667,153,615,1516.301,30568,18800640,0.07573093,0.8873278647661209,0.0002,-0.004334948420253871,0.06654627555287637,0.0023639295250177383,11140,-0.783904411974363,0.2,0.23446207682291667
393.93333333333334,154,615,1829.5957,30768,18923520,0.077070005,0.9110954999923706,0.0002,-0.003861739766774311,0.060303775568827406,0.0094547588378191,11150,-0.7969439711018155,0.2,0.23508544921875
398.2,155,614,1773.5376,30970,19046400,0.08512909,0.9004218205809593,0.0002,-0.004503433556668218,0.0635142790206737,-0.029711846262216568,11160,-0.7976352998800575,0.2,0.23647623697916667
371.6,156,614,1638.2001,31172,19169280,0.080312364,0.904482290148735,0.0002,-0.004770865033842711,0.06280076159831273,-0.00023046880960464478,11170,-0.7989896206030002,0.2,0.2400830078125
397.3333333333333,157,614,1773.4005,31380,19292160,0.08236277,0.9068886265158653,0.0002,-0.004483753328853103,0.057815021837620106,-0.008787971921265125,11180,-0.8032328358944505,0.2,0.23685139973958333
402.93333333333334,158,614,1769.4576,31582,19415040,0.086054325,0.8659849315881729,0.0002,-0.004303297429808784,0.06735431167588103,0.008326955139636993,11190,-0.8068446433233718,0.2,0.23629964192708333
412.73333333333335,159,614,1857.614,31784,19537920,0.07812009,0.9035529270768166,0.0002,-0.0051273043744731696,0.05616544468505405,-0.006588462740182877,11200,-0.8031060056698819,0.2,0.23645426432291666
398.6666666666667,160,614,1783.272,31983,19660800,0.07815239,0.8744556605815887,0.0002,-0.0049604699703256,0.062266361676423305,0.05120754614472389,11210,-0.8038163815935453,0.2,0.2342236328125
377.4,161,614,1681.2164,32183,19783680,0.08391751,0.8747086375951767,0.0002,-0.0045148377943102485,0.0866746210596466,0.009917590767145157,11220,-0.788060646528999,0.2,0.23795491536458332
404.8666666666667,162,614,1754.7261,32418,19906560,0.084181815,0.8755341097712517,0.0002,-0.003829973967482753,0.08943413757469292,0.010490944609045982,11230,-0.7871479804565509,0.2,0.2380126953125
389.93333333333334,163,614,1801.7761,32618,20029440,0.07932275,0.9145367294549942,0.0002,-0.00488502159225997,0.05374478574667592,0.0033638030290603638,11240,-0.789158609181953,0.2,0.23526448567708333
368.26666666666665,164,614,1672.9955,32817,20152320,0.07721152,0.8738724142313004,0.0002,-0.004373006099846559,0.07044715065892282,-0.009609267115592957,11250,-0.773844625291725,0.2,0.23148518880208332
412.46666666666664,165,614,1875.2601,33020,20275200,0.0832187,0.8978385478258133,0.0002,-0.004680290499921588,0.06039295976537687,0.028502527624368668,11260,-0.7861695553579678,0.2,0.23382161458333334
329.06666666666666,166,614,1409.2539,33218,20398080,0.07967083,0.9199429675936699,0.0002,-0.004534713420528836,0.06027511163527379,0.00672717671841383,11270,-0.7838958608917892,0.2,0.23604329427083334
361.8666666666667,167,614,1560.2622,33420,20520960,0.079923265,0.9090297222137451,0.0002,-0.004898824237958858,0.06586918408548324,0.033699341118335724,11280,-0.7877258729437987,0.2,0.2311328125
373.73333333333335,168,614,1614.6724,33620,20643840,0.078421436,0.8560627698898315,0.0002,-0.005024083690216988,0.07136598228372652,0.01980496197938919,11290,-0.791913633281365,0.2,0.23366861979166667
396.3333333333333,169,614,1770.3523,33821,20766720,0.0809115,0.9097224771976471,0.0002,-0.004181123505410748,0.0825566478529557,0.011351153254508972,11300,-0.7718101471771176,0.2,0.23395100911458333
386.6,170,613,1717.9803,34023,20889600,0.0955325,0.9102262854576111,0.0002,-0.0049241514722659,0.06274815936446733,0.012658092193305492,11310,-0.7816189067314069,0.2,0.23324869791666666
383.93333333333334,171,613,1680.214,34222,21012480,0.0816011,0.901924841105938,0.0002,-0.004051856037646454,0.07116062662629702,0.12773507833480835,11320,-0.7744745563187947,0.2,0.23530843098958334
359.2,172,614,1573.7743,34421,21135360,0.08274081,0.9110978171229362,0.0002,-0.004003486604779028,0.05476240991267938,-0.006621599197387695,11330,-0.7811001453734935,0.2,0.23313069661458333
388.46666666666664,173,614,1754.3732,34620,21258240,0.084958114,0.8962530195713043,0.0002,-0.00446059563527039,0.06779994754154663,0.0633869469165802,11340,-0.7903171987707416,0.2,0.2366796875
387.3333333333333,174,614,1716.9343,34819,21381120,0.08362525,0.8834633603692055,0.0002,-0.004247057676814923,0.07716268048299146,0.01116192527115345,11350,-0.7661100277211517,0.2,0.23711181640625
395.2,175,614,1723.1561,35018,21504000,0.08575635,0.8916104510426521,0.0002,-0.003817307029961133,0.07761480199561144,0.01571885123848915,11360,-0.7857070965164652,0.2,0.23943684895833334
398.2,176,614,1731.9802,35218,21626880,0.08198121,0.8917225375771523,0.0002,-0.0045819803120442275,0.06401325693509231,0.005282526835799217,11370,-0.8016144242230803,0.2,0.23929606119791666
386.53333333333336,177,614,1734.9891,35418,21749760,0.08724659,0.8974207863211632,0.0002,-0.0038596538800932953,0.07817382403275891,-0.011248757131397724,11380,-0.7784864054806531,0.2,0.23681477864583333
444.0,178,614,1913.2328,35618,21872640,0.080541976,0.8898398950695992,0.0002,-0.004684915827025785,0.07427673403624795,0.47250497341156006,11390,-0.77774980376785,0.2,0.23386393229166666
360.26666666666665,179,614,1629.8075,35820,21995520,0.0861635,0.8889739736914635,0.0002,-0.004063126995345859,0.07152204099564793,0.030265504494309425,11400,-0.795386491327857,0.2,0.23667561848958332
356.0,180,614,1596.5706,36019,22118400,0.08075986,0.877983070909977,0.0002,-0.004434885364062211,0.07176864186993043,-0.008076067082583904,11410,-0.7764956509958332,0.2,0.23351318359375
379.8,181,614,1641.3958,36221,22241280,0.08328185,0.9080790057778358,0.0002,-0.0036014374218878704,0.07427491457427095,-0.03053204156458378,11420,-0.7689635888797541,0.2,0.23630452473958333
427.2,182,614,1923.7793,36421,22364160,0.08225808,0.8588322550058365,0.0002,-0.005013201574677926,0.08243920809174597,0.019758448004722595,11430,-0.7825344445494314,0.2,0.2361328125
400.4,183,614,1752.4493,36622,22487040,0.08077152,0.891677126288414,0.0002,-0.004294364988142358,0.06771214037323564,0.004505847580730915,11440,-0.7796068555489183,0.2,0.23561767578125
412.3333333333333,184,613,1872.9216,36824,22609920,0.08185553,0.8808377385139465,0.0002,-0.004940256996287644,0.06500551767717601,0.0006984509527683258,11450,-0.7822632326371968,0.2,0.23746500651041666
367.26666666666665,185,613,1675.6193,37024,22732800,0.08092641,0.8826828598976135,0.0002,-0.004926265115997619,0.059867488995781364,0.031776491552591324,11460,-0.778234631814994,0.2,0.23665283203125
382.8,186,613,1714.1558,37258,22855680,0.0863605,0.8909539878368378,0.0002,-0.004998563887569011,0.06624964334482987,-0.021902281790971756,11470,-0.7723375334714849,0.2,0.23474690755208333
405.73333333333335,187,613,1805.3944,37459,22978560,0.078271024,0.9109067544341087,0.0002,-0.0038948456880583157,0.06106996701695607,0.005992855876684189,11480,-0.7759264861963069,0.2,0.23325439453125
425.3333333333333,188,613,1876.1263,37658,23101440,0.08339691,0.9041045531630516,0.0002,-0.004639922489701955,0.06326698889645438,0.003335030749440193,11490,-0.7773984747923289,0.2,0.23545166015625
377.53333333333336,189,613,1700.4896,37860,23224320,0.0816461,0.8770741969347,0.0002,-0.004316283541138546,0.07044245086823746,0.016085170209407806,11500,-0.7859863062016665,0.2,0.23543294270833334
361.6,190,613,1610.4486,38062,23347200,0.08568564,0.8865363225340843,0.0002,-0.004354188739683499,0.0710370137294861,0.03032301738858223,11510,-0.7771453561928744,0.2,0.23668375651041668
421.8,191,613,1870.9106,38264,23470080,0.08375975,0.8623126298189163,0.0002,-0.0048367197209609,0.069844537168586,0.009048061445355415,11520,-0.7782578466755028,0.2,0.23540608723958334
417.6,192,613,1821.9799,38466,23592960,0.08419442,0.8743743449449539,0.0002,-0.004812460853687904,0.06667033738825315,-0.004625333473086357,11530,-0.7777150140174975,0.2,0.23333984375
392.93333333333334,193,613,1790.1454,38667,23715840,0.0847374,0.8876767531037331,0.0002,-0.004635721993504376,0.05902787180508312,-0.03608192503452301,11540,-0.7701334160535286,0.2,0.23557047526041666
371.3333333333333,194,613,1633.3073,38867,23838720,0.084660195,0.8695536106824875,0.0002,-0.003919407319353922,0.07675756324676816,0.029831524938344955,11550,-0.7636787139593313,0.2,0.23689046223958332
364.06666666666666,195,613,1577.7012,39068,23961600,0.0832799,0.8815302848815918,0.0002,-0.004572263133610856,0.07750829276594838,-0.0013859961181879044,11560,-0.7694753301966315,0.2,0.23710286458333332
397.1333333333333,196,613,1737.6343,39270,24084480,0.08328387,0.9003399312496185,0.0002,-0.0042801945650535345,0.07172197022242471,-0.002526623196899891,11570,-0.7670731779094786,0.2,0.23560546875
328.0,197,613,1496.6088,39471,24207360,0.079891995,0.9040772542357445,0.0002,-0.004593303703422862,0.06285682409157743,-0.021389342844486237,11580,-0.7832050148583949,0.2,0.23513997395833333
375.2,198,613,1642.83,39673,24330240,0.08588616,0.8880330622196198,0.0002,-0.003988038715154592,0.07543203332529326,0.002712491899728775,11590,-0.7817440248622248,0.2,0.23649820963541668
407.73333333333335,199,613,1810.7965,39874,24453120,0.08017674,0.8738112300634384,0.0002,-0.00523576816669447,0.06026764138431948,-0.002816352993249893,11600,-0.7847177917417139,0.2,0.23572184244791666
410.3333333333333,200,613,1825.4652,40073,24576000,0.08215389,0.8509484678506851,0.0002,-0.005119478622024568,0.06388931037433698,0.0005490658804774284,11610,-0.7899551533752431,0.2,0.23673828125
417.4,201,613,1854.5973,40275,24698880,0.08231735,0.8910954296588898,0.0002,-0.005327741880804145,0.07351669501750924,0.031928084790706635,11620,-0.7930780331324786,0.2,0.23665690104166667
382.6666666666667,202,613,1669.7324,40478,24821760,0.08655781,0.8803688511252403,0.0002,-0.005485926435179257,0.07758690533839399,0.019554022699594498,11630,-0.8020474174215148,0.2,0.2348583984375
399.6666666666667,203,613,1769.5013,40679,24944640,0.07790531,0.8897649943828583,0.0002,-0.005225372409652967,0.05925521168753524,0.01633291319012642,11640,-0.8063641490569959,0.2,0.23029052734375
393.06666666666666,204,613,1744.7179,40881,25067520,0.080695756,0.8926545232534409,0.0002,-0.004809854242769991,0.0696149514541321,-0.016906946897506714,11650,-0.8081607999994109,0.2,0.23262451171875
386.0,205,612,1686.2446,41095,25190400,0.07694922,0.8898304328322411,0.0002,-0.004196398818421585,0.0653926867114448,0.01411021314561367,11660,-0.8015902885918816,0.2,0.23147135416666667
359.53333333333336,206,612,1610.7543,41296,25313280,0.07951742,0.9125509634613991,0.0002,-0.005389774610381816,0.05943958957172678,-0.00720108300447464,11670,-0.8075076341473808,0.2,0.23475830078125
363.3333333333333,207,612,1574.3997,41495,25436160,0.07982877,0.8778401911258698,0.0002,-0.00471858862193282,0.06715451135021189,0.013822145760059357,11680,-0.7999292785705377,0.2,0.23151774088541666
391.4,208,612,1739.8939,41697,25559040,0.07769658,0.876755528151989,0.0002,-0.004516590913708569,0.07274527813407379,0.020607631653547287,11690,-0.8053386881078283,0.2,0.23371175130208333
406.46666666666664,209,612,1823.9119,41900,25681920,0.079259224,0.8806204870343208,0.0002,-0.003506654209431872,0.0764004679532324,0.0003405064344406128,11700,-0.8040760861430317,0.2,0.23581787109375
450.0,210,612,2014.6558,42102,25804800,0.08309355,0.8774498254060745,0.0002,-0.004994630509287769,0.06487895328447242,0.034848395735025406,11710,-0.7961695873488982,0.2,0.23224039713541667
361.06666666666666,211,612,1615.8647,42305,25927680,0.07965373,0.8700984418392181,0.0002,-0.004171489596901665,0.06415379442786313,0.04678518325090408,11720,-0.8120455364820858,0.2,0.23296875
354.93333333333334,212,612,1594.8507,42504,26050560,0.07957533,0.8653546273708344,0.0002,-0.004644086074561831,0.074127017240365,0.017289582639932632,11730,-0.8064410760827984,0.2,0.23352132161458333
406.46666666666664,213,612,1771.1816,42705,26173440,0.07876632,0.8865745216608047,0.0002,-0.004510013294032736,0.06637636537993483,0.023924900218844414,11740,-0.8144541267522921,0.2,0.23457926432291668
356.06666666666666,214,612,1616.1952,42908,26296320,0.0763319,0.8809071630239487,0.0002,-0.004117213094341423,0.06280917979342727,0.020764200016856194,11750,-0.8174272414452086,0.2,0.23422932942708333
420.6,215,612,1965.6204,43107,26419200,0.084148124,0.9084512367844582,0.0002,-0.005360444902347202,0.06326444186483665,-0.0015871766954660416,11760,-0.8097359601408243,0.2,0.23248860677083333
391.6666666666667,216,612,1758.2653,43310,26542080,0.0778604,0.9040244743227959,0.0002,-0.004527578424349485,0.05553150375051094,-0.0067551168613135815,11770,-0.805221267202869,0.2,0.23286295572916665
384.73333333333335,217,612,1688.798,43512,26664960,0.07670812,0.9024036675691605,0.0002,-0.004894437775007343,0.06161342505913732,-0.00363876111805439,11780,-0.8005615092130999,0.2,0.22912760416666667
417.26666666666665,218,612,1856.635,43715,26787840,0.07901695,0.8842813745141029,0.0002,-0.004338144658516588,0.05896252226639869,0.0021417606621980667,11790,-0.7911131286341697,0.2,0.22919514973958333
380.1333333333333,219,612,1711.9329,43918,26910720,0.07779629,0.8997152298688889,0.0002,-0.005047160797112156,0.061710050156664996,0.03783303126692772,11800,-0.8032910021503146,0.2,0.23267496744791666
383.93333333333334,220,612,1665.2498,44121,27033600,0.0837271,0.8596843183040619,0.0002,-0.005225527279186887,0.07113622386893742,0.0009911637753248215,11810,-0.8021765814752628,0.2,0.23304117838541666
407.8,221,612,1824.2611,44321,27156480,0.07701516,0.8963517770171165,0.0002,-0.004974408573052642,0.06954096234730969,0.008825842291116714,11820,-0.793117241912211,0.2,0.23064697265625
346.53333333333336,222,612,1529.3945,44524,27279360,0.076257266,0.8984684571623802,0.0002,-0.005105058092061275,0.059035377610877425,0.010560913011431694,11830,-0.8045341116717706,0.2,0.23087890625
372.4,223,612,1643.3983,44726,27402240,0.07277835,0.8742148876190186,0.0002,-0.005656223864510442,0.05962288977915402,-0.005002525635063648,11840,-0.8056501627434045,0.2,0.22932861328125
402.46666666666664,224,612,1745.9027,44927,27525120,0.08049626,0.8964535221457481,0.0002,-0.004556731380234851,0.0663843069998984,-0.010303924791514874,11850,-0.7972852900406967,0.2,0.22789713541666667
320.53333333333336,225,612,1432.7913,45130,27648000,0.075518005,0.90264031291008,0.0002,-0.004840452393085191,0.060220961901092475,0.01812233030796051,11860,-0.8108703031639258,0.2,0.22873291015625
404.06666666666666,226,612,1852.0177,45332,27770880,0.07964856,0.9077695086598396,0.0002,-0.004394879735382346,0.06722166619525524,-0.0164717398583889,11870,-0.8053233078386014,0.2,0.22784586588541667
376.93333333333334,227,612,1707.5376,45531,27893760,0.08075786,0.8953165113925934,0.0002,-0.005402464220163286,0.07336523601006775,-0.02065526507794857,11880,-0.8128018867721161,0.2,0.22942952473958333
321.73333333333335,228,612,1445.075,45732,28016640,0.079223074,0.9081044793128967,0.0002,-0.005119875477139431,0.07243318357068347,-0.020976483821868896,11890,-0.8013199496486535,0.2,0.2299169921875
414.0,229,612,1817.9806,45933,28139520,0.07950567,0.900019459426403,0.0002,-0.004485137466363085,0.08169557847967857,-0.008406114764511585,11900,-0.8050495048612356,0.2,0.22897135416666667
385.0,230,612,1726.0289,46134,28262400,0.07986339,0.8875167369842529,0.0002,-0.004807559233292219,0.06074248939146249,0.04018855839967728,11910,-0.8120177240855991,0.2,0.23041422526041666
325.0,231,612,1441.1395,46334,28385280,0.08352495,0.8994553238153458,0.0002,-0.004330837955718986,0.07973004255904623,0.08833371102809906,11920,-0.8010845872325202,0.2,0.23580973307291667
396.1333333333333,232,612,1730.2935,46534,28508160,0.08516615,0.8765062764286995,0.0002,-0.004956532476311016,0.08191790350033747,0.030020197853446007,11930,-0.7993364479253069,0.2,0.23551595052083332
361.0,233,612,1662.2499,46735,28631040,0.07904549,0.8922706320881844,0.0002,-0.005024243139541795,0.059150595367173084,-0.0020472295582294464,11940,-0.8151895567666119,0.2,0.23179931640625
388.8,234,612,1764.7407,46937,28753920,0.083705425,0.9162618443369865,0.0002,-0.004404179383994536,0.05766590286938784,-0.008810063824057579,11950,-0.7910063359575967,0.2,0.22932454427083335
416.0,235,612,1884.47,47140,28876800,0.07831571,0.902893453836441,0.0002,-0.0046990706491033055,0.06172861436098174,0.04364441707730293,11960,-0.8044059416589637,0.2,0.22711100260416667
423.6666666666667,236,612,1863.3134,47340,28999680,0.08077232,0.8900196924805641,0.0002,-0.004491328754793358,0.07510954732856287,0.00429057702422142,11970,-0.7777862562394391,0.2,0.22704752604166667
401.46666666666664,237,612,1767.6863,47550,29122560,0.082597286,0.8864773735404015,0.0002,-0.004734906722515007,0.06839551378051208,0.003780011087656021,11980,-0.7976766221070041,0.2,0.22914306640625
372.3333333333333,238,612,1697.6034,47751,29245440,0.080132216,0.893358126282692,0.0002,-0.005089562941357144,0.06911324117386054,-0.02859317883849144,11990,-0.7796654487618556,0.2,0.22735432942708333
374.53333333333336,239,612,1722.7966,47953,29368320,0.07900993,0.9132916554808617,0.0002,-0.00425920584802346,0.06337342383369104,-0.02867059037089348,12000,-0.7812011908724283,0.2,0.22614095052083333
395.6,240,612,1783.368,48156,29491200,0.08706584,0.8909038975834846,0.0002,-0.004677052491039528,0.06920879075446768,0.019019052386283875,12010,-0.7724977448396385,0.2,0.23089274088541667
401.06666666666666,241,612,1833.4491,48356,29614080,0.08113234,0.8868667483329773,0.0002,-0.00469546813177961,0.06544198029019753,-0.0164033155888319,12020,-0.7609479967396086,0.2,0.22909261067708334
410.4,242,612,1808.9364,48558,29736960,0.08349503,0.8755633234977722,0.0002,-0.0038580882754710426,0.07390313180195032,0.013891346752643585,12030,-0.7619310046468551,0.2,0.22640787760416667
400.93333333333334,243,612,1757.7306,48762,29859840,0.08260509,0.8952924013137817,0.0002,-0.004305078447202201,0.06854275477315241,0.05548151582479477,12040,-0.7670385461098825,0.2,0.23059651692708333
397.26666666666665,244,612,1776.765,48962,29982720,0.082401864,0.8917098566889763,0.0002,-0.005862290330284547,0.057254515919072824,0.006483214907348156,12050,-0.7721079955048238,0.2,0.23012613932291667
422.93333333333334,245,612,1885.1598,49163,30105600,0.078635745,0.8905196115374565,0.0002,-0.004659312492112804,0.06368330237176754,0.01917838118970394,12060,-0.7719198371392364,0.2,0.22670654296875
358.8,246,612,1589.7798,49363,30228480,0.08354689,0.5570685267448425,0.0002,-0.0034849531136994,0.17781893375749253,0.2480691373348236,12070,-0.7672309597348794,0.2,0.22974039713541666
415.26666666666665,247,612,1862.0579,49585,30351360,0.08523578,0.8937563672661781,0.0002,-0.004719522032228269,0.07326525404489076,0.16418346762657166,12080,-0.7605592964667206,0.2,0.22839599609375
348.1333333333333,248,612,1548.4556,49788,30474240,0.07997068,0.8958201929926872,0.0002,-0.004526485250801973,0.08209552313945702,0.0008575301617383957,12090,-0.765072692297399,0.2,0.22851236979166667
427.46666666666664,249,612,1909.3074,49991,30597120,0.07772727,0.8960342854261398,0.0002,-0.004556763682473199,0.06748114740226205,0.013243604451417923,12100,-0.7683460055058822,0.2,0.22826334635416667
388.8,250,611,1749.3783,50196,30720000,0.07810887,0.8893289044499397,0.0002,-0.005650336981349634,0.06066883851965637,0.008384313434362411,12110,-0.7711280582689991,0.2,0.22735188802083334
393.26666666666665,251,611,1736.9536,50397,30842880,0.08146917,0.89425989985466,0.0002,-0.004212058087014157,0.06058995351794389,-0.016281355172395706,12120,-0.7754401190625504,0.2,0.224580078125
357.8,252,611,1598.7849,50599,30965760,0.07979193,0.8672659397125244,0.0002,-0.004482992282019041,0.06122032562198001,0.00974549725651741,12130,-0.7780845620157197,0.2,0.2264404296875
351.06666666666666,253,611,1567.6102,50802,31088640,0.08075142,0.8984839096665382,0.0002,-0.004486036846707672,0.06953778505999555,0.0045830123126506805,12140,-0.7810657630736629,0.2,0.228046875
375.8666666666667,254,611,1674.9937,51005,31211520,0.07994885,0.8963251039385796,0.0002,-0.004502351945605673,0.08088236912260376,0.07189958542585373,12150,-0.7658847805624828,0.2,0.2305517578125
416.93333333333334,255,611,1869.1075,51205,31334400,0.0807065,0.9024875536561012,0.0002,-0.004929906645423519,0.0647039890824332,-0.0012993291020393372,12160,-0.7886214338662103,0.2,0.22779866536458335
401.46666666666664,256,611,1819.9141,51404,31457280,0.07866505,0.8950376212596893,0.0002,-0.004787215850337816,0.05872888662769886,0.00838735606521368,12170,-0.7731646399976064,0.2,0.22710611979166667
409.2,257,611,1855.1511,51605,31580160,0.07973722,0.8805478811264038,0.0002,-0.005114557141711581,0.06059845462310477,-0.014921944588422775,12180,-0.785386923958237,0.2,0.2289111328125
352.53333333333336,258,611,1551.9083,51806,31703040,0.07884407,0.9029702395200729,0.0002,-0.0038359344431652667,0.07102779155951187,-0.0047173891216516495,12190,-0.7897166108215848,0.2,0.2264306640625
366.6666666666667,259,611,1695.4764,52008,31825920,0.075659975,0.8904229998588562,0.0002,-0.004900737835275019,0.06565597319114506,0.017889123409986496,12200,-0.7752131976761545,0.2,0.22565104166666666
417.0,260,611,1876.0992,52209,31948800,0.07651887,0.922183521091938,0.0002,-0.00512599883543165,0.06156405245014563,-0.010988403111696243,12210,-0.7903504278231412,0.2,0.226875
407.26666666666665,261,611,1839.7056,52414,32071680,0.080806896,0.9025639221072197,0.0002,-0.003959137015087133,0.07302845987321538,0.03635610267519951,12220,-0.7904436000917727,0.2,0.22697998046875
343.26666666666665,262,611,1560.5619,52617,32194560,0.079168715,0.8979828953742981,0.0002,-0.0052655686354440455,0.059413852602253125,0.0059652794152498245,12230,-0.7790835854038596,0.2,0.2241162109375
394.46666666666664,263,611,1719.6991,52853,32317440,0.07838247,0.9021422415971756,0.0002,-0.005171709147368044,0.06134632932880777,0.00216889102011919,12240,-0.7769430576513211,0.2,0.22555338541666667
403.73333333333335,264,611,1712.7355,53081,32440320,0.076483764,0.9017537012696266,0.0002,-0.004365035303095889,0.06182282808736394,0.04911157488822937,12250,-0.7730710814815636,0.2,0.22024088541666667
342.06666666666666,265,611,1545.6274,53284,32563200,0.07823021,0.7747054547071457,0.0002,-0.003908217830221474,0.11456427323142028,-0.01603337749838829,12260,-0.7922330593193571,0.2,0.2247314453125
404.1333333333333,266,611,1857.7147,53486,32686080,0.078577325,0.9013416543602943,0.0002,-0.004489094278354363,0.07141382864167099,0.0009211413562297821,12270,-0.7928926620508233,0.2,0.22413330078125
382.2,267,610,1695.6769,53700,32808960,0.08116795,0.8898344561457634,0.0002,-0.0038697368130973095,0.07666498152461523,0.003357972949743271,12280,-0.7997977697725097,0.2,0.22250569661458333
399.26666666666665,268,610,1780.8727,53899,32931840,0.07712624,0.8954582810401917,0.0002,-0.004379956046517084,0.07136269413211266,0.0062245577573776245,12290,-0.7956075435240443,0.2,0.22148844401041667
393.0,269,610,1726.7892,54102,33054720,0.0763909,0.9126881211996078,0.0002,-0.0042451097434726155,0.061302730277141865,0.01960955560207367,12300,-0.7966706787748262,0.2,0.22370035807291666
406.8,270,610,1856.0336,54304,33177600,0.07617148,0.9069704562425613,0.0002,-0.004005761830855287,0.06318166735303142,0.007168135605752468,12310,-0.804993112863352,0.2,0.22123779296875
362.6,271,610,1668.9507,54507,33300480,0.08013776,0.8951750323176384,0.0002,-0.004535506020183675,0.07027190928223717,0.028592832386493683,12320,-0.8029927238961682,0.2,0.22445393880208334
420.26666666666665,272,610,1882.4739,54708,33423360,0.077139266,0.910991333425045,0.0002,-0.004401351641875711,0.06363514929854622,0.003915417939424515,12330,-0.8159764573071152,0.2,0.22355387369791666
399.4,273,610,1780.4702,54912,33546240,0.080989726,0.9024213552474976,0.0002,-0.004333042573040681,0.06532914061368501,0.05981946364045143,12340,-0.8025158710684628,0.2,0.22575358072916665
450.0,274,610,2010.5378,55114,33669120,0.08161933,0.9139021560549736,0.0002,-0.004436511919908905,0.06230439457181395,-0.011175313033163548,12350,-0.7983190830641737,0.2,0.22150065104166666
360.0,275,610,1610.9817,55316,33792000,0.07683725,0.9021512418985367,0.0002,-0.003888454283351166,0.05669363457263292,-0.03337814658880234,12360,-0.8114497098792345,0.2,0.2225
380.6666666666667,276,610,1723.6484,55519,33914880,0.078584485,0.9236414059996605,0.0002,-0.003974502223976136,0.06898129356418697,0.0249241441488266,12370,-0.8007830669622248,0.2,0.22341145833333334
409.8666666666667,277,610,1816.5919,55720,34037760,0.07938404,0.8980039283633232,0.0002,-0.004250909314002153,0.07734747835873956,0.020881567150354385,12380,-0.8106373594359805,0.2,0.22489176432291666
363.6,278,610,1627.2683,55924,34160640,0.07826438,0.8930158913135529,0.0002,-0.00446131623203352,0.07395785828016718,0.021491223946213722,12390,-0.8206460581813008,0.2,0.22732014973958334
439.6,279,610,1948.4548,56126,34283520,0.07662261,0.900625079870224,0.0002,-0.004404301630717479,0.05700587055044404,0.013720476999878883,12400,-0.8016415071611603,0.2,0.22368001302083335
411.8,280,610,1824.9102,56329,34406400,0.07624724,0.8940351381897926,0.0002,-0.00463613421837484,0.062491758501467605,0.0010059159249067307,12410,-0.8127114345723142,0.2,0.2233251953125
348.1333333333333,281,610,1619.4215,56529,34529280,0.0788981,0.8802186101675034,0.0002,-0.0036878143614194414,0.06495439446909586,-0.009180771186947823,12420,-0.8228902642056346,0.2,0.22632242838541666
391.46666666666664,282,610,1771.1029,56735,34652160,0.07733993,0.9096792414784431,0.0002,-0.004549326165530753,0.06666704940107593,0.053549349308013916,12430,-0.8045555684746554,0.2,0.22316162109375
384.1333333333333,283,610,1737.1018,56939,34775040,0.079767086,0.9099469855427742,0.0002,-0.004589203155234524,0.06890643698284596,-0.007812926545739174,12440,-0.8186917781829834,0.2,0.22624430338541668
365.8,284,610,1641.2826,57142,34897920,0.078484945,0.9171782284975052,0.0002,-0.0043184659122562155,0.0608782972535361,0.014551181346178055,12450,-0.8155610130758335,0.2,0.22373942057291665
372.4,285,610,1687.4802,57345,35020800,0.07842971,0.8932181745767593,0.0002,-0.004413484722863359,0.0684325078225326,0.008719651028513908,12460,-0.8165756162287047,0.2,0.22563639322916668
383.6666666666667,286,610,1725.1241,57548,35143680,0.078447096,0.8919662833213806,0.0002,-0.005067881615062409,0.06296255388770078,-0.0028812289237976074,12470,-0.8068050652462989,0.2,0.2211474609375
384.8666666666667,287,610,1667.0333,57753,35266560,0.08375662,0.8714806437492371,0.0002,-0.00432932846224503,0.0719645612967967,-0.01581588014960289,12480,-0.8005619484093041,0.2,0.22911946614583334
414.0,288,610,1860.9855,57954,35389440,0.080112725,0.9007582664489746,0.0002,-0.0041735509167665445,0.07093766273067255,0.09427779912948608,12490,-0.820755125535652,0.2,0.22486328125
425.8,289,610,1960.8214,58158,35512320,0.07766544,0.8912343457341194,0.0002,-0.00444877695938582,0.06264355339197208,0.01666884683072567,12500,-0.8038680774997919,0.2,0.22128987630208333
378.26666666666665,290,610,1694.4169,58394,35635200,0.08312862,0.8914899230003357,0.0002,-0.004971690455022326,0.06465135520499947,-0.004402698948979378,12510,-0.8077467160547773,0.2,0.22518636067708334
390.1333333333333,291,610,1765.9055,58596,35758080,0.08018001,0.8939102068543434,0.0002,-0.0032097230398176178,0.069284499310088,0.004026833921670914,12520,-0.7906203656146924,0.2,0.2250634765625
375.06666666666666,292,610,1663.4952,58797,35880960,0.079990335,0.8823407590389252,0.0002,-0.004438281132336973,0.07304004894108705,0.009451549500226974,12530,-0.792563833539995,0.2,0.22357828776041666
374.1333333333333,293,610,1645.4828,59000,36003840,0.08145428,0.8737449496984482,0.0002,-0.0041555770637993796,0.07915059385134858,0.020876940339803696,12540,-0.8094022424705326,0.2,0.22531331380208333
407.0,294,610,1859.7423,59201,36126720,0.082058735,0.8857883661985397,0.0002,-0.0044618023116224014,0.06279393362456176,0.03824006766080856,12550,-0.808683554964761,0.2,0.22458658854166666
376.0,295,610,1689.2982,59403,36249600,0.07689431,0.9064764529466629,0.0002,-0.0034119017615891305,0.06526391217851293,0.03831152245402336,12560,-0.8121830865213027,0.2,0.22132080078125
353.06666666666666,296,610,1565.9496,59606,36372480,0.07742994,0.9083740040659904,0.0002,-0.005123300329163006,0.06537134929843887,0.030175887048244476,12570,-0.8120746671253194,0.2,0.22474527994791665
370.2,297,610,1625.5599,59810,36495360,0.074776925,0.8707764446735382,0.0002,-0.0041307515611697454,0.07274769959328599,-0.014056303538382053,12580,-0.8171977075220396,0.2,0.22395914713541668
408.8666666666667,298,610,1902.3079,60014,36618240,0.0900544,0.8685094267129898,0.0002,-0.004698997344512464,0.07227220072932444,-0.006648029200732708,12590,-0.8284873519651592,0.2,0.22813313802083332
375.4,299,610,1708.2144,60214,36741120,0.076776475,0.8262291550636292,0.0002,-0.004929351027191539,0.07444128569344079,-0.0030677225440740585,12600,-0.8255624888185412,0.2,0.22338785807291667
448.46666666666664,300,610,2038.7344,60417,36864000,0.077949636,0.8848668113350868,0.0002,-0.004936877884392743,0.06997344310456052,-0.010820722207427025,12610,-0.8184237779863178,0.2,0.22480387369791666
413.8666666666667,301,610,1871.4252,60617,36986880,0.079347454,0.8896082490682602,0.0002,-0.004938395178439047,0.06717134794305214,0.005643056705594063,12620,-0.8220501367002726,0.2,0.22314208984375
411.6666666666667,302,610,1800.0323,60820,37109760,0.07275311,0.8848887830972672,0.0002,-0.004459711147846974,0.07384833030004909,0.03831058368086815,12630,-0.8070339381229132,0.2,0.221845703125
408.06666666666666,303,610,1821.087,61023,37232640,0.07492833,0.8965454548597336,0.0002,-0.003943462911368745,0.07312011445479584,-0.03959142416715622,12640,-0.8128083799686283,0.2,0.22256510416666667
386.2,304,610,1767.9352,61226,37355520,0.0771725,0.8939708545804024,0.0002,-0.005254660984270837,0.06029381679278837,0.004538491368293762,12650,-0.8191201348882169,0.2,0.22279866536458334
433.6,305,610,1968.5337,61430,37478400,0.08511073,0.8955026566982269,0.0002,-0.0038630168179952305,0.07650601256034861,0.027993464842438698,12660,-0.8192401810735465,0.2,0.22109049479166668
391.3333333333333,306,610,1752.0,61633,37601280,0.07860366,0.9008895680308342,0.0002,-0.0045986786878286995,0.060041946062095425,-0.01990712434053421,12670,-0.8133375524294874,0.2,0.2221533203125
383.6666666666667,307,610,1708.9341,61835,37724160,0.078762226,0.8817675933241844,0.0002,-0.005149010378618186,0.07279880267078018,-0.00540696457028389,12680,-0.8106108369771391,0.2,0.22135498046875
362.93333333333334,308,610,1606.7369,62040,37847040,0.073945425,0.8790822550654411,0.0002,-0.005287197305751761,0.06255830036304057,0.02434341050684452,12690,-0.7944984001930182,0.2,0.21985758463541666
367.46666666666664,309,610,1649.3323,62241,37969920,0.08161406,0.9076951518654823,0.0002,-0.003548713630355754,0.06952607705495514,0.06747908145189285,12700,-0.8013144258471827,0.2,0.2220751953125
339.8666666666667,310,610,1516.5062,62444,38092800,0.09316168,0.8750812113285065,0.0002,-0.0016287569116684609,0.06591336219649141,-0.03489081189036369,12710,-0.7939833247847855,0.2,0.22200439453125
430.3333333333333,311,609,1920.231,62649,38215680,0.07262393,0.890812523663044,0.0002,-0.004294336261591525,0.06870688451381284,-0.0001325043849647045,12720,-0.7981628948481133,0.2,0.2196875
416.8666666666667,312,609,1861.5659,62854,38338560,0.07204144,0.9020331650972366,0.0002,-0.004994380805082983,0.07851820093509256,0.023688532412052155,12730,-0.8086434691088895,0.2,0.22221354166666665
364.8,313,609,1635.2808,63056,38461440,0.07494733,0.9078017845749855,0.0002,-0.00418443673657445,0.06712935260637702,0.003996860235929489,12740,-0.8075499056652188,0.2,0.22388102213541666
369.93333333333334,314,609,1663.7887,63261,38584320,0.07096605,0.8926879391074181,0.0002,-0.0034465809951173773,0.08566103731146238,0.002471916377544403,12750,-0.8108241878480961,0.2,0.22008870442708334
372.8,315,609,1651.3484,63462,38707200,0.07481258,0.8710982948541641,0.0002,-0.004000445052042778,0.08186505552609256,-0.0002034008502960205,12760,-0.8120295552474757,0.2,0.22462727864583334
422.4,316,609,1902.4716,63663,38830080,0.07508065,0.9089814946055412,0.0002,-0.005021343380133961,0.06711013448041436,0.13637591898441315,12770,-0.8005531290639192,0.2,0.22168294270833333
356.6666666666667,317,609,1613.8329,63867,38952960,0.07337677,0.8922730162739754,0.0002,-0.004974673205673147,0.0748522431718205,0.03510807454586029,12780,-0.7872861223233243,0.2,0.22052815755208333
339.1333333333333,318,609,1569.1472,64069,39075840,0.07653335,0.8963904827833176,0.0002,-0.005099802617357151,0.07869763756272732,0.00488569401204586,12790,-0.7963426235100876,0.2,0.22102864583333334
363.3333333333333,319,609,1600.4812,64272,39198720,0.07754734,0.9030244946479797,0.0002,-0.004408096428808979,0.08284472190629458,-0.012955626472830772,12800,-0.7868148126732558,0.2,0.22290771484375
375.93333333333334,320,609,1724.152,64474,39321600,0.07605221,0.9135098829865456,0.0002,-0.004581869791272766,0.0696483301101398,0.00950857624411583,12810,-0.7943921320171405,0.2,0.22192626953125
384.4,321,609,1707.0531,64677,39444480,0.0728711,0.9157622084021568,0.0002,-0.004651933565437503,0.060574935490779656,0.02638610079884529,12820,-0.7944083434001853,0.2,0.21851399739583333
433.06666666666666,322,609,1952.7085,64881,39567360,0.07739158,0.8996994346380234,0.0002,-0.0048625669106604616,0.0703871408734752,0.020071960985660553,12830,-0.7981086105015129,0.2,0.22076904296875
383.3333333333333,323,609,1743.6285,65083,39690240,0.069660775,0.8920661583542824,0.0002,-0.004513811648582002,0.08683032426818196,0.02261546067893505,12840,-0.7823803372650097,0.2,0.21895833333333334
409.06666666666666,324,609,1798.6927,65286,39813120,0.13311626,0.8883910328149796,0.0002,-0.004688968955812622,0.09219774749559292,0.015531860291957855,12850,-0.7888771198581284,0.2,0.22396240234375
390.8,325,609,1747.5289,65489,39936000,0.07271673,0.9172385260462761,0.0002,-0.004750867774249249,0.07094987973270084,0.02673850581049919,12860,-0.781313560482425,0.2,0.22337727864583334
354.6666666666667,326,609,1586.3468,65694,40058880,0.07188935,0.9136589244008064,0.0002,-0.00605469209077152,0.060809296564184476,-0.02845381386578083,12870,-0.8000651823853453,0.2,0.22026123046875
351.6,327,609,1611.1139,65895,40181760,0.08365031,0.934905506670475,0.0002,-0.005195470466545279,0.06240439862194762,0.027892502024769783,12880,-0.7982837022126963,0.2,0.22262532552083333
397.06666666666666,328,609,1783.2943,66099,40304640,0.08070863,0.9183272644877434,0.0002,-0.00417064409044239,0.07978579811671807,0.03003382496535778,12890,-0.8055279426214595,0.2,0.2241357421875
340.8666666666667,329,609,1488.479,66302,40427520,0.07873587,0.9119832962751389,0.0002,-0.004497844754368998,0.08151998322694756,0.039414599537849426,12900,-0.7944454236111294,0.2,0.2218505859375
382.1333333333333,330,609,1711.2991,66508,40550400,0.0751504,0.8927943632006645,0.0002,-0.004150353279819683,0.08254381487672315,0.007236961275339127,12910,-0.7954012899752706,0.2,0.2202294921875
