time/time_elapsed,rollout/ep_rew_mean,rollout/ep_len_mean,time/fps,time/iterations,time/total_timesteps,train/clip_fraction,train/loss,train/approx_kl,train/learning_rate,train/value_loss,train/explained_variance,train/entropy_loss,train/clip_range,train/n_updates,train/policy_gradient_loss
18,29.569675,437.8,6500,1,122880,,,,,,,,,,
146,73.264404,450.0,1681,2,245760,0.0783251953125,0.05886459723114967,0.009280102,0.0003,0.2824640981759876,-0.09652471542358398,-4.26996275914212,0.2,10,-0.006875788766653083
271,38.860012,450.0,1358,3,368640,0.10020263671875,0.0065649524331092834,0.009958094,0.0003,0.09548424609199477,0.4807828664779663,-4.259714576303959,0.2,20,-0.009719122489150323
395,67.20481,443.96,1242,4,491520,0.11427571614583333,0.036588236689567566,0.010861946,0.0003,0.09559943222770623,0.5492721199989319,-4.248911288579305,0.2,30,-0.010656158311552038
538,73.96142,450.0,1141,5,614400,0.12915445963541666,0.015064368024468422,0.011718883,0.0003,0.09338274602157375,0.5802944302558899,-4.236799964979291,0.2,40,-0.010976629918577601
662,61.665226,449.08,1112,6,737280,0.14242513020833333,0.01587655022740364,0.012576895,0.0003,0.09216892397865498,0.6180755198001862,-4.224484200576941,0.2,50,-0.01137487310935588
809,109.52198,450.0,1062,7,860160,0.15290934244791668,0.02109617367386818,0.012899051,0.0003,0.08897692551933384,0.6343695819377899,-4.2083478913704555,0.2,60,-0.01128985629437011
934,125.1574,450.0,1052,8,983040,0.16364420572916666,0.03863246738910675,0.013839943,0.0003,0.08600632544587522,0.6506376564502716,-4.193583540419738,0.2,70,-0.011701151241686603
1061,118.871185,444.18,1041,9,1105920,0.16602294921875,0.01908089779317379,0.014067819,0.0003,0.08672153850687513,0.6726517081260681,-4.178487006127835,0.2,80,-0.011197531540468238
1194,129.71475,450.0,1028,10,1228800,0.178349609375,0.005466528236865997,0.01504385,0.0003,0.08631086577797153,0.6869154274463654,-4.158943842376272,0.2,90,-0.011528565560117082
1319,154.27835,450.0,1024,11,1351680,0.18299641927083332,0.011148646473884583,0.015561352,0.0003,0.0864373990893364,0.7006372809410095,-4.144568851441145,0.2,100,-0.011278170283912915
1465,184.61801,450.0,1006,12,1474560,0.18743977864583333,0.01771608367562294,0.015979547,0.0003,0.08580759256670717,0.6949145793914795,-4.128662956903378,0.2,110,-0.011429049783255324
1589,186.44225,450.0,1005,13,1597440,0.19384684244791667,0.03197877109050751,0.016082944,0.0003,0.07883736033788107,0.7206339836120605,-4.106744394525886,0.2,120,-0.011445419466593497
1714,223.26689,450.0,1003,14,1720320,0.1981640625,0.0055097900331020355,0.016807377,0.0003,0.07949285981681896,0.7268015444278717,-4.085817741552988,0.2,130,-0.0113480904220584
1839,239.3049,450.0,1001,15,1843200,0.20051920572916668,0.05448620766401291,0.01662023,0.0003,0.07433715049604264,0.7235844731330872,-4.064647732600569,0.2,140,-0.010846723592367198
1965,237.22205,450.0,1000,16,1966080,0.20471842447916666,0.01437801867723465,0.016988957,0.0003,0.07315618758109244,0.7364892363548279,-4.038042803617815,0.2,150,-0.010447592080108734
2090,252.06355,443.12,999,17,2088960,0.20336751302083333,-0.022605614736676216,0.017147206,0.0003,0.07078303147029752,0.7531668394804001,-4.026652616821229,0.2,160,-0.01007955171297605
2244,255.16245,450.0,985,18,2211840,0.21052978515625,0.011485396884381771,0.017600035,0.0003,0.07251280763409644,0.7584761381149292,-4.0099213460087775,0.2,170,-0.00994766639830535
2376,282.0917,450.0,982,19,2334720,0.21587158203125,0.005817105993628502,0.017901573,0.0003,0.0729760016821092,0.7576088905334473,-3.987506785268585,0.2,180,-0.01034508507244027
2502,278.9114,450.0,981,20,2457600,0.21211263020833335,0.0285164937376976,0.017730972,0.0003,0.07014136637793854,0.7439599633216858,-3.9731062337880334,0.2,190,-0.009492244952804565
2625,291.3739,450.0,982,21,2580480,0.21869791666666666,0.04270375147461891,0.01850886,0.0003,0.07122640205489006,0.7422726452350616,-3.963565720717112,0.2,200,-0.009751930606053066
2748,305.9376,450.0,983,22,2703360,0.22345377604166666,0.03812626376748085,0.018763432,0.0003,0.0693790423318084,0.7374816536903381,-3.94256671367834,0.2,210,-0.009830568386302427
2871,311.12378,445.6,984,23,2826240,0.22299153645833333,0.005671054124832153,0.018792586,0.0003,0.07117135151890883,0.7499040365219116,-3.9230261143421132,0.2,220,-0.00940380498446757
2994,323.32895,447.44,984,24,2949120,0.22732747395833333,-0.016389958560466766,0.019366527,0.0003,0.06590856051659405,0.7350773215293884,-3.9113100390384594,0.2,230,-0.009355406535557146
3119,332.82098,450.0,984,25,3072000,0.22538981119791668,-0.007151655852794647,0.01922169,0.0003,0.06932714720028646,0.7242397367954254,-3.891629768212636,0.2,240,-0.008235950493011235
3244,335.17413,442.96,984,26,3194880,0.2302685546875,0.030048947781324387,0.019807506,0.0003,0.06892674872821468,0.7253803610801697,-3.881935883524517,0.2,250,-0.008623938763254652
3373,351.35403,450.0,983,27,3317760,0.23235595703125,0.08329372853040695,0.0200163,0.0003,0.07426657354924827,0.7029870450496674,-3.8624992286538085,0.2,260,-0.007888202414130015
3498,354.18597,450.0,983,28,3440640,0.23594889322916668,-0.03208029642701149,0.02047408,0.0003,0.06906069321674295,0.6990955770015717,-3.8427726468568046,0.2,270,-0.0075857147732100805
3623,369.49707,450.0,983,29,3563520,0.23155110677083332,0.08772315084934235,0.02047818,0.0003,0.07355221503870174,0.7036710977554321,-3.840133859924972,0.2,280,-0.007645181751437728
3748,375.18875,450.0,983,30,3686400,0.23801188151041666,0.0120778139680624,0.020718873,0.0003,0.0662104418236413,0.6383939981460571,-3.8341760855168103,0.2,290,-0.007808493987249676
3885,370.3878,450.0,980,31,3809280,0.23825927734375,0.02780143730342388,0.020365192,0.0003,0.06866750604710736,0.586686909198761,-3.8231753469382723,0.2,300,-0.007817223728631386
4011,383.29376,450.0,980,32,3932160,0.23405436197916665,-0.025176964700222015,0.02009987,0.0003,0.07822124598368342,0.5726836919784546,-3.8208196044837437,0.2,310,-0.0066482038526252535
4137,391.52008,450.0,980,33,4055040,0.24033772786458332,0.026079770177602768,0.020662276,0.0003,0.0728935320005985,0.6507422924041748,-3.811733063745002,0.2,320,-0.007032011558803788
4262,382.96378,450.0,980,34,4177920,0.2404150390625,0.013874849304556847,0.021243095,0.0003,0.07954372646971024,0.5795986652374268,-3.7979916392887634,0.2,330,-0.007332128147136245
4388,393.31116,450.0,979,35,4300800,0.24184977213541667,0.027934178709983826,0.020995166,0.0003,0.07882713752187556,0.6198722720146179,-3.789819878973067,0.2,340,-0.007433854421663758
4536,398.74258,450.0,975,36,4423680,0.24046956380208334,0.0010366365313529968,0.02148638,0.0003,0.09254976974334568,0.43432116508483887,-3.7866844773789246,0.2,350,-0.006909603144631547
4659,395.8076,450.0,975,37,4546560,0.23854166666666668,0.03532363474369049,0.02118933,0.0003,0.08426820300019851,0.4477217197418213,-3.779255909274022,0.2,360,-0.006427403827880577
4784,397.58215,450.0,976,38,4669440,0.2413671875,0.007244644686579704,0.021396777,0.0003,0.0920310617221791,0.46060776710510254,-3.762567066885531,0.2,370,-0.0068556563979594405
4907,403.69016,450.0,976,39,4792320,0.23946695963541667,0.06658025085926056,0.021082213,0.0003,0.08676255181921685,0.4467591643333435,-3.7604163687676193,0.2,380,-0.006497143931198176
5031,402.82013,450.0,976,40,4915200,0.23910237630208334,0.048537302762269974,0.020924171,0.0003,0.09016241806408895,0.3939811587333679,-3.7545254733785987,0.2,390,-0.006698447975371285
5155,400.6846,450.0,977,41,5038080,0.23927815755208334,-0.002365274354815483,0.021460248,0.0003,0.08738187873774829,0.4399627447128296,-3.7417536998167633,0.2,400,-0.006760818590543447
5282,391.8044,450.0,977,42,5160960,0.24261555989583333,0.0007123071700334549,0.021700285,0.0003,0.08274897166712132,0.5135326981544495,-3.726434976533055,0.2,410,-0.006690114719252354
5406,398.50348,448.84,977,43,5283840,0.23984212239583333,0.03289761766791344,0.021499371,0.0003,0.09060767294683804,0.5257079601287842,-3.703773880203565,0.2,420,-0.006574183551965689
5533,406.81046,450.0,977,44,5406720,0.24421142578125,0.08069169521331787,0.021965925,0.0003,0.08446118042515688,0.5273633897304535,-3.680925011212627,0.2,430,-0.006962905846382152
5661,407.27597,450.0,976,45,5529600,0.2445556640625,0.033684395253658295,0.021612728,0.0003,0.09103665212620399,0.37857770919799805,-3.67475856145223,0.2,440,-0.006586275877192141
5787,404.70047,450.0,976,46,5652480,0.24468994140625,0.05916594713926315,0.022204084,0.0003,0.0871825443830312,0.40619730949401855,-3.681266677143673,0.2,450,-0.006659259884387817
5914,398.5484,450.0,976,47,5775360,0.24546223958333332,-0.02208823896944523,0.022105329,0.0003,0.09388076849063509,0.3405110239982605,-3.6884156068662803,0.2,460,-0.006238128808945476
6041,404.10715,445.32,976,48,5898240,0.24467692057291668,0.03572547808289528,0.022664763,0.0003,0.09121876437658405,0.3977830410003662,-3.6720234287157654,0.2,470,-0.006569654064836262
6168,402.55414,450.0,976,49,6021120,0.24994710286458333,-0.011057334020733833,0.022814523,0.0003,0.09543062468287342,0.3101728558540344,-3.649125270371636,0.2,480,-0.006789566359845291
6308,390.00586,445.06,973,50,6144000,0.24748046875,0.01581074856221676,0.022392059,0.0003,0.09069756427183165,0.4571136236190796,-3.63329648801436,0.2,490,-0.006875692104331393
6434,401.1327,450.0,974,51,6266880,0.24492594401041667,0.01127796433866024,0.022680283,0.0003,0.08574160800873264,0.44489991664886475,-3.6316069698209565,0.2,500,-0.0072337293917553325
6562,389.77496,447.36,973,52,6389760,0.24548990885416666,-0.012935768812894821,0.023126047,0.0003,0.08588703408900376,0.4987698793411255,-3.643056066383918,0.2,510,-0.007015878096760086
6702,398.4468,442.26,971,53,6512640,0.24779459635416667,0.061387158930301666,0.022390373,0.0003,0.08657691272184213,0.4216994047164917,-3.631136194852491,0.2,520,-0.006380560090923003
6831,412.82364,450.0,971,54,6635520,0.24741048177083333,0.06179497018456459,0.022913137,0.0003,0.08669557939249595,0.4227929711341858,-3.6450726874545216,0.2,530,-0.006692082340311269
6959,407.25262,450.0,971,55,6758400,0.2512451171875,-0.011041436344385147,0.022616057,0.0003,0.0869872838202961,0.4565906524658203,-3.638117510527372,0.2,540,-0.00671857963635072
7088,409.19763,450.0,970,56,6881280,0.24950846354166667,0.07403063774108887,0.022417624,0.0003,0.0896852635096487,0.31717926263809204,-3.6327202320843934,0.2,550,-0.0065390098938041775
7217,409.035,450.0,970,57,7004160,0.24797526041666668,0.01299796812236309,0.022810262,0.0003,0.08394328827955178,0.37693166732788086,-3.624745843311151,0.2,560,-0.006956957018319372
7343,420.0818,450.0,970,58,7127040,0.2506380208333333,0.0014174673706293106,0.022947645,0.0003,0.09117123039541183,0.3747554421424866,-3.628610506542027,0.2,570,-0.006730103678128216
7473,409.8471,450.0,970,59,7249920,0.24636555989583334,0.05155821889638901,0.022458972,0.0003,0.08290305430986336,0.25423556566238403,-3.640095012287299,0.2,580,-0.006192159741870758
7602,402.50714,450.0,969,60,7372800,0.24846272786458334,0.05145446956157684,0.023233457,0.0003,0.09410089179499967,0.35379868745803833,-3.6201763210693993,0.2,590,-0.007010847805601467
7727,408.7159,450.0,969,61,7495680,0.24606282552083333,0.0007535303011536598,0.023004,0.0003,0.0947515182988233,0.49506527185440063,-3.6246606158465147,0.2,600,-0.006767623313435251
7853,415.59482,450.0,970,62,7618560,0.24474446614583334,0.06468992680311203,0.022567833,0.0003,0.09477515992771562,0.3501397371292114,-3.635923190563917,0.2,610,-0.00607256547511497
7982,397.29236,450.0,969,63,7741440,0.24581705729166667,0.12372225522994995,0.022014862,0.0003,0.09278728943293875,0.2860749363899231,-3.625149684709807,0.2,620,-0.0062415679418215105
8111,409.70694,450.0,969,64,7864320,0.24470784505208334,-0.004415571689605713,0.022918733,0.0003,0.08814144254118825,0.4297826290130615,-3.6074187342325845,0.2,630,-0.007027095114117401
8240,414.77145,450.0,969,65,7987200,0.24824055989583332,-0.0036742687225341797,0.0229504,0.0003,0.09989145184968948,0.3528764247894287,-3.623880914164086,0.2,640,-0.006542864634617823
8366,417.14105,450.0,969,66,8110080,0.25004150390625,0.033747151494026184,0.02270323,0.0003,0.08797753376684947,0.2854177951812744,-3.616615055128932,0.2,650,-0.006853221481887886
8495,412.03232,450.0,969,67,8232960,0.24489583333333334,0.0860825702548027,0.02208874,0.0003,0.09783039937334252,0.3269171714782715,-3.611317540345093,0.2,660,-0.0060944560663119774
8625,413.28867,450.0,968,68,8355840,0.24287109375,0.0805777758359909,0.022308808,0.0003,0.08747407238287754,0.30072641372680664,-3.6035827858373524,0.2,670,-0.005936103768781322
8754,419.78833,450.0,968,69,8478720,0.2440576171875,0.08364465087652206,0.022567296,0.0003,0.10069313185997696,0.2427215576171875,-3.601439438946545,0.2,680,-0.006350635178035494
8882,410.6666,450.0,968,70,8601600,0.25331787109375,0.007260763086378574,0.023319717,0.0003,0.09205049613895729,0.29748791456222534,-3.6138756913070877,0.2,690,-0.006471866979815483
9012,415.60724,450.0,968,71,8724480,0.24654296875,-0.011679720133543015,0.023174735,0.0003,0.08845024721051838,0.3091932535171509,-3.6036785366137822,0.2,700,-0.006923492974492546
9142,420.33478,450.0,967,72,8847360,0.24619059244791666,0.08589989691972733,0.022725757,0.0003,0.0936801947937541,0.28546327352523804,-3.61447566639632,0.2,710,-0.006575834819135101
9270,416.28708,450.0,967,73,8970240,0.24817138671875,0.012180369347333908,0.022698643,0.0003,0.09314001425533207,0.2856156826019287,-3.623539631664753,0.2,720,-0.006473069026002728
9400,411.484,450.0,967,74,9093120,0.24774251302083333,-0.011399516835808754,0.02338961,0.0003,0.09932092236364648,0.3522617816925049,-3.600367412579556,0.2,730,-0.006727805875125341
9528,413.91156,450.0,967,75,9216000,0.2506412760416667,0.0388689786195755,0.023374937,0.0003,0.0914529981167531,0.3642684817314148,-3.613419545404613,0.2,740,-0.006895249194579568
9657,419.1101,450.0,966,76,9338880,0.24735921223958332,0.05016598105430603,0.022853225,0.0003,0.09799266444257228,0.35986560583114624,-3.6117734436566633,0.2,750,-0.0065250270297307605
9787,418.59863,450.0,966,77,9461760,0.24635009765625,0.024483200162649155,0.023047619,0.0003,0.0881611054998939,0.3137170076370239,-3.596224351177613,0.2,760,-0.006318055771516811
9917,408.98325,450.0,966,78,9584640,0.2466650390625,0.040794000029563904,0.023065262,0.0003,0.10143456650218771,0.3293887972831726,-3.602150521352887,0.2,770,-0.00686006420170088
10047,410.35684,450.0,966,79,9707520,0.24258382161458333,0.022154824808239937,0.022862813,0.0003,0.09705077333448571,0.45079028606414795,-3.582017365706464,0.2,780,-0.006964335668120232
10177,417.80472,450.0,965,80,9830400,0.24299641927083335,0.022998780012130737,0.02259488,0.0003,0.10141370283672586,0.41838186979293823,-3.5830727624396483,0.2,790,-0.006059215306965295
10307,412.62164,450.0,965,81,9953280,0.24674153645833333,0.061267293989658356,0.023555696,0.0003,0.10109932548827298,0.43376338481903076,-3.5704158653567233,0.2,800,-0.007531798929800667
10436,403.39987,450.0,965,82,10076160,0.24562662760416668,0.004961315542459488,0.023840161,0.0003,0.097325403275269,0.5459180474281311,-3.5487108717486264,0.2,810,-0.0076568332001746365
10582,421.23972,450.0,963,83,10199040,0.2463232421875,0.025917302817106247,0.023151983,0.0003,0.09482327560869938,0.49608176946640015,-3.5671298436572156,0.2,820,-0.007169352049404551
10710,416.51593,450.0,963,84,10321920,0.24290120442708332,0.09847693145275116,0.022850236,0.0003,0.0927589549835102,0.4363495707511902,-3.577452780343592,0.2,830,-0.007137080998090823
10840,417.18573,450.0,963,85,10444800,0.24039794921875,0.047078922390937805,0.02195675,0.0003,0.09874193917411807,0.37534892559051514,-3.5723523644854627,0.2,840,-0.006161212158537334
10970,422.51648,450.0,963,86,10567680,0.24099853515625,0.05219579115509987,0.022083575,0.0003,0.09123421665023973,0.3144686818122864,-3.5750652041782938,0.2,850,-0.006772838156648504
11098,417.90387,450.0,963,87,10690560,0.248466796875,0.05847831442952156,0.02279982,0.0003,0.10034889301673199,0.3674968481063843,-3.5555771889785928,0.2,860,-0.00653375783688413
11229,421.30212,450.0,962,88,10813440,0.2433203125,0.0010291635990142822,0.022207217,0.0003,0.09151347919253264,0.36296820640563965,-3.5642087641358375,0.2,870,-0.0067438920107664065
11356,421.0974,450.0,962,89,10936320,0.24077555338541667,0.012172024697065353,0.022603631,0.0003,0.10176804463805941,0.3474985361099243,-3.574893437537054,0.2,880,-0.006275071873697016
11488,417.43234,450.0,962,90,11059200,0.24199381510416668,0.0178013164550066,0.022198169,0.0003,0.1005572207554845,0.2590913772583008,-3.5869211043044924,0.2,890,-0.006615806439325146
11648,419.61145,450.0,959,91,11182080,0.2453271484375,0.019711703062057495,0.02224085,0.0003,0.10139877759240334,0.2137473225593567,-3.5735934299230574,0.2,900,-0.006546370997330087
11780,415.8684,449.78,959,92,11304960,0.24332356770833333,0.05533688887953758,0.022155797,0.0003,0.10387316556152655,0.20467519760131836,-3.582367111394803,0.2,910,-0.006121742029893843
11914,419.48004,450.0,959,93,11427840,0.24134033203125,0.01515033096075058,0.022260278,0.0003,0.09866400274862826,0.3580949306488037,-3.5750166261320313,0.2,920,-0.006820457669588601
12042,418.69165,450.0,959,94,11550720,0.23931803385416667,0.05676041170954704,0.022169571,0.0003,0.10531489785358038,0.2748073935508728,-3.56584864842395,0.2,930,-0.006724520289784171
12173,422.3998,450.0,958,95,11673600,0.24219319661458333,-0.010069153271615505,0.022079743,0.0003,0.09940769724644875,0.324027955532074,-3.559884752097229,0.2,940,-0.007095569562722327
12301,413.13647,450.0,958,96,11796480,0.23981282552083333,-0.0030467696487903595,0.022259902,0.0003,0.10279017315605112,0.42041897773742676,-3.550156588541965,0.2,950,-0.007141212374475193
12429,404.67484,450.0,958,97,11919360,0.24057698567708333,-0.01761099323630333,0.021889282,0.0003,0.0975547370685672,0.42119407653808594,-3.551087789721787,0.2,960,-0.00641374457719697
12560,414.21945,450.0,958,98,12042240,0.23994059244791666,0.03018713928759098,0.022513827,0.0003,0.1066939258438894,0.49958348274230957,-3.5266989863539737,0.2,970,-0.0073588815053032405
12690,409.3898,450.0,958,99,12165120,0.23664225260416666,0.025812411680817604,0.022831937,0.0003,0.10407577874982962,0.5222658514976501,-3.523420835696161,0.2,980,-0.0065381493687224675
12819,424.39386,450.0,958,100,12288000,0.24211507161458334,-0.01184253953397274,0.022770472,0.0003,0.09900464734887161,0.546002209186554,-3.529969424903393,0.2,990,-0.007480077120956897
12950,406.74216,450.0,958,101,12410880,0.24557535807291667,0.027624569833278656,0.02329365,0.0003,0.10471418194962705,0.3242751955986023,-3.554640745309492,0.2,1000,-0.0074022858992884724
13080,419.46515,450.0,958,102,12533760,0.24153564453125,0.04698876291513443,0.022216862,0.0003,0.09941159380199678,0.43258583545684814,-3.5463698625937106,0.2,1010,-0.006634117548492214
13211,418.7907,450.0,958,103,12656640,0.23852376302083333,0.03333049267530441,0.022696061,0.0003,0.10548492473200895,0.20382636785507202,-3.552892641971509,0.2,1020,-0.006344778269716092
13341,423.43005,450.0,957,104,12779520,0.2448779296875,0.009843284264206886,0.023615533,0.0003,0.09774929310687487,0.5312469303607941,-3.529451355126997,0.2,1030,-0.007713734190856485
13473,419.08734,450.0,957,105,12902400,0.24279703776041667,0.03676852583885193,0.022429768,0.0003,0.10756336572686753,0.27173858880996704,-3.5481072308992347,0.2,1040,-0.006294179096779165
13600,420.1561,450.0,957,106,13025280,0.24203043619791667,0.0005472302436828613,0.023149634,0.0003,0.09929914843295895,0.37195098400115967,-3.548808038632075,0.2,1050,-0.006939264057194426
13728,419.73453,450.0,957,107,13148160,0.24190185546875,0.005601663142442703,0.023109516,0.0003,0.11277249769259166,0.38466453552246094,-3.5315922367200256,0.2,1060,-0.007084831241609208
13856,417.6593,450.0,957,108,13271040,0.24329182942708333,-0.00866992399096489,0.022825615,0.0003,0.1034948857043734,0.38716691732406616,-3.557210158718129,0.2,1070,-0.007165769711658262
13984,407.99515,446.52,957,109,13393920,0.23909993489583334,0.036405615508556366,0.02261936,0.0003,0.10450723802297338,0.45466309785842896,-3.5466348709414404,0.2,1080,-0.007589906797275035
14115,420.23468,450.0,957,110,13516800,0.23845621744791667,0.04560860991477966,0.02291404,0.0003,0.10417812352447071,0.5238631367683411,-3.535626818202436,0.2,1090,-0.007036431144094119
14243,420.64722,450.0,957,111,13639680,0.23903076171875,0.02218456007540226,0.022281297,0.0003,0.09947400754880316,0.3835499882698059,-3.5498722587774196,0.2,1100,-0.007158985411042523
14371,417.39523,450.0,957,112,13762560,0.23885986328125,0.06163428723812103,0.022733053,0.0003,0.10889131845462544,0.3178408145904541,-3.54411070390294,0.2,1110,-0.007018876488958389
14502,413.9195,450.0,957,113,13885440,0.23781087239583334,0.040845055133104324,0.022771586,0.0003,0.1054433566434212,0.4008450508117676,-3.52956100354592,0.2,1120,-0.0073862520799472505
14633,410.87265,450.0,957,114,14008320,0.24044270833333334,0.004639819264411926,0.023212904,0.0003,0.10664535281083469,0.5267859697341919,-3.48528083289663,0.2,1130,-0.007165715076844208
14761,424.63342,450.0,957,115,14131200,0.23717203776041668,0.047061488032341,0.023049219,0.0003,0.09599159445958018,0.5482671558856964,-3.482595689209799,0.2,1140,-0.00692835681508465
14891,421.52246,450.0,957,116,14254080,0.23484049479166666,0.05358216166496277,0.02234466,0.0003,0.10456202648492763,0.49837297201156616,-3.493236504594485,0.2,1150,-0.006593425049977668
15020,416.31702,446.78,957,117,14376960,0.23660888671875,0.01222418062388897,0.022091415,0.0003,0.09960833109808542,0.40520286560058594,-3.4826466176162163,0.2,1160,-0.006653643952813581
15150,419.9859,447.1,957,118,14499840,0.23656494140625,0.026686903089284897,0.022967597,0.0003,0.10999510800043936,0.42528200149536133,-3.4633698482066393,0.2,1170,-0.006576941472346031
15281,410.30667,450.0,956,119,14622720,0.23293212890625,0.008944548666477203,0.022038583,0.0003,0.1092952102800094,0.46437567472457886,-3.4469223030656577,0.2,1180,-0.0061747108674171615
15411,418.61115,450.0,956,120,14745600,0.23739664713541667,-0.00630604662001133,0.022939693,0.0003,0.10424410608061105,0.5308384299278259,-3.4199119403585794,0.2,1190,-0.007045446917024189
15538,420.28143,450.0,956,121,14868480,0.23666829427083333,0.054690588265657425,0.022016592,0.0003,0.10297430534066128,0.5724468529224396,-3.411913804660241,0.2,1200,-0.006550466328044422
15669,425.11523,450.0,956,122,14991360,0.23524251302083332,0.033575378358364105,0.021872234,0.0003,0.1063752529930692,0.4632594585418701,-3.36571725435555,0.2,1210,-0.006452626661236233
15800,424.69318,450.0,956,123,15114240,0.23997151692708332,0.014102280139923096,0.022668552,0.0003,0.112050577091577,0.3106461763381958,-3.384259882780413,0.2,1220,-0.006633512135116083
15934,422.95996,450.0,956,124,15237120,0.23518880208333334,0.04445015639066696,0.021623304,0.0003,0.10576244735852622,0.4902693033218384,-3.345714909620583,0.2,1230,-0.0065648247500757866
16066,425.29657,450.0,956,125,15360000,0.23524251302083332,0.02284475602209568,0.021595506,0.0003,0.10689929074636893,0.42250293493270874,-3.289181689185401,0.2,1240,-0.006909327531860375
16197,416.74753,446.34,955,126,15482880,0.23688720703125,0.05548465624451637,0.022121072,0.0003,0.10505267683991405,0.4726541042327881,-3.3005013429994383,0.2,1250,-0.006996976313099973
16328,426.59525,450.0,955,127,15605760,0.23397623697916667,0.019409459084272385,0.022438562,0.0003,0.10602056704980593,0.45001864433288574,-3.2485591661309203,0.2,1260,-0.006969357180253913
16457,423.42258,450.0,955,128,15728640,0.23330322265625,0.12648332118988037,0.022153458,0.0003,0.10515440938509224,0.43813544511795044,-3.282646490111947,0.2,1270,-0.005777928684741103
16587,415.43988,450.0,955,129,15851520,0.234580078125,0.12683233618736267,0.02186567,0.0003,0.09942981569736731,0.4654427170753479,-3.2903828511138755,0.2,1280,-0.006502406486142718
16715,423.26816,450.0,955,130,15974400,0.23435139973958333,0.048847150057554245,0.022249976,0.0003,0.10381473268110615,0.5903878509998322,-3.2671283959100643,0.2,1290,-0.006624215314186586
16847,421.48218,450.0,955,131,16097280,0.22892333984375,0.04629188030958176,0.021475872,0.0003,0.09975407289350793,0.48166269063949585,-3.212500513245662,0.2,1300,-0.006186621977988882
16979,419.02982,450.0,955,132,16220160,0.23138834635416666,0.03409446403384209,0.021959087,0.0003,0.10169033587975719,0.6389913856983185,-3.233224559389055,0.2,1310,-0.006929920084373104
17111,419.38223,450.0,955,133,16343040,0.23111328125,0.1427265852689743,0.021426639,0.0003,0.1003791692511004,0.588234156370163,-3.125503222669164,0.2,1320,-0.0068179774230702605
17243,417.064,450.0,954,134,16465920,0.22687744140625,0.05634100362658501,0.021134619,0.0003,0.10093447615242136,0.6341458559036255,-3.10359808092316,0.2,1330,-0.006821526165980079
17375,424.41238,450.0,954,135,16588800,0.22072347005208334,0.05842851847410202,0.02016508,0.0003,0.09130923151994162,0.6758528649806976,-3.0202782634397347,0.2,1340,-0.006033484731027178
17507,427.67993,450.0,954,136,16711680,0.21963785807291666,0.014508947730064392,0.02044938,0.0003,0.09698008373738655,0.6877802312374115,-2.971393154958884,0.2,1350,-0.00677519240542703
17640,420.39484,450.0,954,137,16834560,0.21187255859375,0.05605994164943695,0.019267438,0.0003,0.0942941063643472,0.6049396097660065,-3.0025177512317898,0.2,1360,-0.005939104751911751
17773,431.6129,450.0,954,138,16957440,0.21386637369791667,0.05450272560119629,0.020398844,0.0003,0.09670675939851207,0.6729556620121002,-2.959198651909828,0.2,1370,-0.006479744819062034
17906,418.5523,450.0,953,139,17080320,0.20500895182291667,0.025997431948781013,0.018540293,0.0003,0.09684537310672264,0.6262830793857574,-2.8657629138479632,0.2,1380,-0.005423831694455051
18038,430.67776,450.0,953,140,17203200,0.20205891927083333,0.05205078423023224,0.018285282,0.0003,0.09320313842811932,0.7383726835250854,-2.7343181193123263,0.2,1390,-0.005668998121782351
18200,429.08344,450.0,951,141,17326080,0.18895263671875,-0.01445036567747593,0.018002382,0.0003,0.08950443501933478,0.747845470905304,-2.5606527854998906,0.2,1400,-0.005552367544235798
18338,427.65808,450.0,951,142,17448960,0.18892822265625,0.04828967899084091,0.017282669,0.0003,0.08250291062016914,0.7716373801231384,-2.5941245527441303,0.2,1410,-0.006350652325357563
18468,428.18536,450.0,951,143,17571840,0.18593343098958334,0.014688491821289062,0.017350992,0.0003,0.0786261958887917,0.8061496615409851,-2.5099054286504785,0.2,1420,-0.005113011801104222
18601,433.10822,450.0,951,144,17694720,0.18894612630208332,0.04567556828260422,0.017271198,0.0003,0.07199340120896522,0.8081348240375519,-2.599220020497839,0.2,1430,-0.00602323988870315
18731,432.5911,450.0,951,145,17817600,0.18272867838541668,0.040339767932891846,0.01710692,0.0003,0.08359356679417639,0.7887177616357803,-2.490841314631204,0.2,1440,-0.004871575084677412
18861,436.08142,450.0,951,146,17940480,0.18246663411458333,0.021480131894350052,0.016708387,0.0003,0.07297320763745423,0.8103847354650497,-2.497470016814768,0.2,1450,-0.0051271822208461045
18995,434.84552,450.0,950,147,18063360,0.18287027994791666,0.13880333304405212,0.01655381,0.0003,0.09288688470585232,0.7472869157791138,-2.43650029592216,0.2,1460,-0.00312241064094754
19130,433.22186,450.0,950,148,18186240,0.19085042317708334,0.0011160727590322495,0.017009737,0.0003,0.0899884952372425,0.7548524439334869,-2.5510136390974125,0.2,1470,-0.004656407428089248
19265,433.5301,450.0,950,149,18309120,0.18004638671875,0.06375032663345337,0.016107427,0.0003,0.08659984985919436,0.7631800472736359,-2.4071238122756284,0.2,1480,-0.0039367678348753545
19398,432.81625,450.0,950,150,18432000,0.17989501953125,0.033754557371139526,0.016364519,0.0003,0.09060005968230446,0.7435621321201324,-2.5084218290572364,0.2,1490,-0.0038150400029644516
19533,433.8287,450.0,949,151,18554880,0.17537760416666667,0.004100433550775051,0.016318057,0.0003,0.08419343296491813,0.7656699120998383,-2.4196300795550147,0.2,1500,-0.004069722521902198
19667,432.30667,450.0,949,152,18677760,0.16269287109375,0.043323297053575516,0.014824594,0.0003,0.08286226973284405,0.7718525230884552,-2.3558962919190525,0.2,1510,-0.004160537973178483
19831,435.67786,450.0,948,153,18800640,0.16960530598958334,0.053130827844142914,0.0149927335,0.0003,0.0901071879149337,0.745591402053833,-2.343345486037433,0.2,1520,-0.0028304836882913757
19967,434.9502,450.0,947,154,18923520,0.16229410807291667,0.01868155226111412,0.014367657,0.0003,0.09303080927194969,0.7593240439891815,-2.3431858071684837,0.2,1530,-0.0029631516869934177
20103,429.54462,446.38,947,155,19046400,0.1548388671875,0.046062394976615906,0.014435873,0.0003,0.09011455617119889,0.7564665228128433,-2.2849130450809993,0.2,1540,-0.002530432432337572
20235,433.96725,450.0,947,156,19169280,0.16129638671875,0.00026627350598573685,0.014845148,0.0003,0.09404602082033914,0.7715623378753662,-2.3478650284123916,0.2,1550,-0.0022165437606660515
20368,433.73212,450.0,947,157,19292160,0.16378499348958334,0.00375925749540329,0.015063284,0.0003,0.09587909190168527,0.7362197935581207,-2.376802465630074,0.2,1560,-0.0027398035322554887
20502,436.079,450.0,946,158,19415040,0.15261637369791667,-0.006189046427607536,0.013522644,0.0003,0.10898793711882414,0.6599676609039307,-2.270683391901354,0.2,1570,-0.001749667553146234
20638,437.42923,450.0,946,159,19537920,0.155625,0.08549868315458298,0.013632005,0.0003,0.12058015712730898,0.6541632115840912,-2.2785612624386946,0.2,1580,-0.0018043553352254094
20773,433.552,450.0,946,160,19660800,0.13813069661458333,0.10239436477422714,0.012881416,0.0003,0.08595088674058692,0.7663286775350571,-2.1837212532013655,0.2,1590,-0.001661358074719222
20909,436.38675,450.0,946,161,19783680,0.13499348958333332,0.03505197539925575,0.012407917,0.0003,0.11776618771191959,0.6273006498813629,-2.259244888499379,0.2,1600,-0.001195644955635847
21042,437.36145,450.0,946,162,19906560,0.13797607421875,0.042363159358501434,0.0133194635,0.0003,0.10188257145804527,0.6773713231086731,-2.2102038840949536,0.2,1610,-0.0022585051930339734
21205,429.86505,450.0,944,163,20029440,0.13580240885416667,0.035125743597745895,0.013288498,0.0003,0.10254535854876545,0.6838942170143127,-2.304904984223346,0.2,1620,-0.0017024094574056411
