rollout/ep_rew_mean,time/time_elapsed,time/fps,rollout/ep_len_mean,time/iterations,time/total_timesteps,train/approx_kl,train/loss,train/n_updates,train/entropy_loss,train/value_loss,train/learning_rate,train/explained_variance,train/policy_gradient_loss,train/clip_fraction,train/clip_range
714.2235,18,6630,438.02,1,122880,,,,,,,,,,
685.9623,144,1697,450.0,2,245760,0.008718035,0.01640799641609192,10,-4.270422003616889,0.27718952281953535,0.0003,-0.16567647457122803,-0.005852414116137273,0.07277587890625,0.2
727.47565,271,1358,435.2,3,368640,0.010088606,0.05471649765968323,20,-4.2593029937644795,0.06729170633712783,0.0003,0.5755907595157623,-0.010574259670265746,0.105185546875,0.2
792.6502,397,1235,450.0,4,491520,0.011195308,-0.001397283747792244,30,-4.247789686893423,0.08618556431281225,0.0003,0.5837774574756622,-0.011509187060601106,0.12090169270833333,0.2
792.89185,523,1172,425.24,5,614400,0.01205324,0.019327083602547646,40,-4.233261082793276,0.107654573226658,0.0003,0.6758431494235992,-0.011733094861228891,0.13267659505208335,0.2
828.03784,649,1135,450.0,6,737280,0.012819317,0.027330096811056137,50,-4.21964485399425,0.1049596406238076,0.0003,0.7251729369163513,-0.012162264624548698,0.14331380208333333,0.2
889.31274,773,1111,445.98,7,860160,0.013170153,0.011348573490977287,60,-4.203756371016303,0.11195133876773374,0.0003,0.6958001852035522,-0.012126033020886098,0.15404378255208334,0.2
920.90393,900,1091,450.0,8,983040,0.01448737,-0.006969541311264038,70,-4.184257171104352,0.12221703980894139,0.0003,0.7026340663433075,-0.012943332040455668,0.165302734375,0.2
923.83124,1026,1076,443.94,9,1105920,0.014818704,0.040841903537511826,80,-4.172395101115107,0.129353781992686,0.0003,0.6569816172122955,-0.012790070141497079,0.171640625,0.2
974.2914,1153,1065,438.68,10,1228800,0.015260097,0.0319288969039917,90,-4.15314787303408,0.11619901761354413,0.0003,0.664327085018158,-0.012536847105408621,0.17768798828125,0.2
986.8351,1278,1056,438.9,11,1351680,0.016238179,0.046883661299943924,100,-4.133765137195587,0.12045383316231892,0.0003,0.6613331437110901,-0.01184746727206099,0.18485921223958332,0.2
1060.7507,1404,1050,450.0,12,1474560,0.016790457,0.006135741248726845,110,-4.118005649099747,0.12888269487972137,0.0003,0.6738279461860657,-0.012213706822512905,0.19093098958333332,0.2
1057.2719,1528,1044,437.76,13,1597440,0.01674401,0.030427835881710052,120,-4.104684835722049,0.11695116619822025,0.0003,0.689696729183197,-0.012354890870125625,0.1928369140625,0.2
1083.2946,1654,1039,441.24,14,1720320,0.017327936,-0.0018003135919570923,130,-4.089388236105442,0.11959621161969457,0.0003,0.7388004958629608,-0.01233719673870534,0.19773844401041665,0.2
1086.859,1781,1034,441.08,15,1843200,0.01789337,0.013364296406507492,140,-4.070368431570629,0.1191726824461754,0.0003,0.8049595355987549,-0.012347342841209563,0.20193684895833333,0.2
1085.9326,1909,1029,428.68,16,1966080,0.017863112,0.03651312738656998,150,-4.06145027919362,0.126352843818604,0.0003,0.7906917631626129,-0.012147573524374214,0.20535807291666666,0.2
1113.8176,2034,1026,431.54,17,2088960,0.018307293,0.038289617747068405,160,-4.045297864538928,0.10501231615373399,0.0003,0.8090637922286987,-0.012013763244049187,0.20937906901041667,0.2
1186.4307,2160,1023,448.92,18,2211840,0.018821567,0.04850208759307861,170,-4.0285764665653305,0.1080838787643006,0.0003,0.8175000995397568,-0.011784520307470908,0.21182861328125,0.2
1164.7837,2285,1021,439.64,19,2334720,0.018930158,0.0454266294836998,180,-4.023842337032159,0.11565924840901667,0.0003,0.7946289628744125,-0.011406726798789653,0.2117138671875,0.2
1174.7479,2412,1018,444.42,20,2457600,0.019333879,0.013387005776166916,190,-4.0030296519522865,0.09767206332626908,0.0003,0.8133583217859268,-0.012095909647653873,0.21759440104166666,0.2
1217.1737,2537,1017,436.5,21,2580480,0.019681506,0.01566212624311447,200,-3.9913302306458354,0.09719876342918723,0.0003,0.8365796953439713,-0.011507786740767188,0.22259440104166667,0.2
1131.2195,2673,1011,418.78,22,2703360,0.02022287,0.01045413687825203,210,-3.9764371875673534,0.10076251260218366,0.0003,0.8259220272302628,-0.011414829599489166,0.22676513671875,0.2
1213.2448,2799,1009,434.78,23,2826240,0.020824159,0.02475687488913536,220,-3.964286933504045,0.1000537830395236,0.0003,0.8240189999341965,-0.011058964945838549,0.2307421875,0.2
1260.348,2925,1008,443.56,24,2949120,0.02050112,0.012038961052894592,230,-3.9603139596556622,0.09662240689989024,0.0003,0.8227059096097946,-0.010930991003636639,0.22714925130208333,0.2
1267.1613,3053,1006,440.22,25,3072000,0.021434458,0.046823859214782715,240,-3.9415414510915676,0.09134766976048316,0.0003,0.8375741839408875,-0.011406812510588983,0.233984375,0.2
1280.1843,3207,996,445.8,26,3194880,0.021523314,0.018028661608695984,250,-3.921103366365035,0.1023970555467531,0.0003,0.8147094249725342,-0.010726488216887447,0.2363525390625,0.2
1297.2017,3334,995,441.54,27,3317760,0.02190458,0.051803067326545715,260,-3.9140289436032374,0.09953185340573933,0.0003,0.8095393180847168,-0.011269665953307898,0.23685302734375,0.2
1288.9545,3461,994,438.16,28,3440640,0.0217525,0.02965407259762287,270,-3.898080178176363,0.10294747107177196,0.0003,0.8337573558092117,-0.01081823836657956,0.23919270833333334,0.2
1289.3782,3586,993,444.76,29,3563520,0.02217547,-0.022215943783521652,280,-3.880704587151607,0.09333398402484211,0.0003,0.850705549120903,-0.010841115685683083,0.23915364583333334,0.2
1256.6089,3711,993,425.72,30,3686400,0.022200633,0.03936408832669258,290,-3.8613565817475317,0.08604963226874436,0.0003,0.8558955192565918,-0.010549607487270503,0.24043294270833335,0.2
1296.1404,3838,992,425.84,31,3809280,0.023009082,-0.002513488754630089,300,-3.8461591214189927,0.10324141707950427,0.0003,0.837438091635704,-0.010755485610328226,0.24717447916666666,0.2
1315.4882,3966,991,438.82,32,3932160,0.022358509,0.049756281077861786,310,-3.8323395694295566,0.0894838891964173,0.0003,0.8526279032230377,-0.01015310897443366,0.24376383463541668,0.2
1291.6333,4094,990,437.14,33,4055040,0.023321185,0.046716030687093735,320,-3.8241281032313905,0.08528540607357475,0.0003,0.8429613709449768,-0.01131160355231259,0.24951578776041666,0.2
1343.4946,4221,989,440.72,34,4177920,0.022730054,0.05818651244044304,330,-3.816812561377883,0.08903086053178413,0.0003,0.8583453744649887,-0.010099835505067555,0.24194498697916667,0.2
1351.9204,4348,989,445.0,35,4300800,0.02359094,0.04013311117887497,340,-3.8030410870040456,0.09044502469463624,0.0003,0.8580414205789566,-0.010827170162719994,0.24810546875,0.2
1305.1953,4474,988,430.36,36,4423680,0.023342192,-0.009778246283531189,350,-3.793699776853124,0.08947549612130387,0.0003,0.8514434099197388,-0.010163205564343419,0.2452001953125,0.2
1311.955,4607,986,425.24,37,4546560,0.023533642,0.05878664553165436,360,-3.788358922774593,0.08855444735769803,0.0003,0.8483650535345078,-0.010552443276925866,0.249560546875,0.2
1374.7094,4736,985,439.68,38,4669440,0.023197265,0.012851806357502937,370,-3.7700237327814103,0.08386490858315179,0.0003,0.8634769022464752,-0.010126003212432504,0.24689371744791666,0.2
1374.3947,4862,985,433.12,39,4792320,0.02417568,0.01354978233575821,380,-3.7506095430379114,0.09182529386521007,0.0003,0.841797724366188,-0.009980052592521436,0.24924153645833333,0.2
1411.9691,4991,984,442.14,40,4915200,0.023716815,0.035211801528930664,390,-3.7528749616692463,0.11205442526426244,0.0003,0.8275169730186462,-0.009527037625163454,0.24750651041666666,0.2
1372.0444,5116,984,435.64,41,5038080,0.02408505,0.05860118940472603,400,-3.746201420178016,0.09916265629503565,0.0003,0.8393877446651459,-0.01032645300708585,0.24981526692708333,0.2
1425.3547,5242,984,444.18,42,5160960,0.02421878,-0.005868636071681976,410,-3.7223229129364093,0.11493577287629402,0.0003,0.8429169952869415,-0.009763045364525168,0.25465006510416666,0.2
1382.4391,5369,984,436.88,43,5283840,0.023722019,0.07259770482778549,420,-3.7389014470080535,0.1004016840159602,0.0003,0.8340104520320892,-0.00926097864707117,0.24871988932291667,0.2
1366.3473,5497,983,436.32,44,5406720,0.024522511,0.028490610420703888,430,-3.7380701798821487,0.1165697822383178,0.0003,0.8403719663619995,-0.009764898163424126,0.2524169921875,0.2
1397.1215,5624,983,445.28,45,5529600,0.02384809,0.03519370034337044,440,-3.7270470792800188,0.10560058034873994,0.0003,0.8417317718267441,-0.009522195989411557,0.24933919270833332,0.2
1394.5122,5752,982,437.68,46,5652480,0.024884326,0.12718528509140015,450,-3.7142621366555493,0.10414515849707338,0.0003,0.8287318795919418,-0.009574451897121132,0.25105143229166665,0.2
1330.871,5879,982,416.02,47,5775360,0.024641287,-0.005754401907324791,460,-3.7214054093758264,0.09953934998557087,0.0003,0.8211139589548111,-0.009844598556834777,0.25106201171875,0.2
1377.7286,6007,981,439.28,48,5898240,0.02427557,0.03525318205356598,470,-3.7054126040885844,0.09852787236508448,0.0003,0.853574275970459,-0.009517933802950816,0.25151123046875,0.2
1347.5177,6135,981,432.42,49,6021120,0.025105353,0.02589888498187065,480,-3.6773531139393647,0.09426772630346629,0.0003,0.8288932293653488,-0.009687659630277873,0.25605875651041665,0.2
1385.9906,6272,979,433.16,50,6144000,0.0249417,-0.0006675571203231812,490,-3.6679749543343982,0.08998730853374581,0.0003,0.8529480695724487,-0.009552487711013479,0.25464599609375,0.2
1409.3728,6400,979,449.28,51,6266880,0.025969781,0.03786422312259674,500,-3.6691994383682807,0.10219520924836009,0.0003,0.8490723222494125,-0.009992365978487214,0.25786865234375,0.2
1380.2633,6526,979,431.42,52,6389760,0.02551606,0.0209382064640522,510,-3.645275372241934,0.1098822750877298,0.0003,0.8325268477201462,-0.00997439929419367,0.25945719401041667,0.2
1432.5487,6654,978,445.06,53,6512640,0.025413195,0.04381481930613518,520,-3.6421201606839895,0.08557428854706814,0.0003,0.8559716194868088,-0.010076134354136835,0.2574161783854167,0.2
1416.5941,6781,978,440.16,54,6635520,0.025301151,0.04478685185313225,530,-3.6377934268737833,0.09727282767251988,0.0003,0.840635746717453,-0.009564381398025337,0.2559122721354167,0.2
1394.6161,6907,978,431.74,55,6758400,0.025402728,0.03322267532348633,540,-3.631111598263184,0.07646255904459394,0.0003,0.8660504072904587,-0.00895803715994892,0.2538175455729167,0.2
1411.937,7034,978,436.02,56,6881280,0.025460597,0.0010561645030975342,550,-3.6403822489703694,0.08735636724333745,0.0003,0.8435017168521881,-0.009350298065025223,0.25415608723958333,0.2
1380.4587,7162,977,428.96,57,7004160,0.02605794,0.033534854650497437,560,-3.626810409153501,0.10606636817309967,0.0003,0.8299346715211868,-0.00904998031861396,0.2590714518229167,0.2
1405.2839,7291,977,434.94,58,7127040,0.02561801,0.019260067492723465,570,-3.610211355922123,0.09498109260113173,0.0003,0.8409249782562256,-0.009160778962347346,0.2588248697916667,0.2
1423.0513,7418,977,437.52,59,7249920,0.025782323,0.04051288589835167,580,-3.5995837854842345,0.09210206377708043,0.0003,0.8361076265573502,-0.009335548579586734,0.2592496744791667,0.2
1405.9476,7547,976,436.84,60,7372800,0.025703507,0.10690733790397644,590,-3.5970676760127147,0.09528832502735896,0.0003,0.8150009214878082,-0.00933662962179369,0.25785970052083335,0.2
1416.07,7675,976,435.84,61,7495680,0.026175225,-0.008277704939246178,600,-3.6023843941216667,0.10243008740678003,0.0003,0.8210306912660599,-0.008694242066406635,0.25738850911458333,0.2
1424.1328,7804,976,440.64,62,7618560,0.02643282,-0.022915691137313843,610,-3.6040136115501324,0.0998382968234849,0.0003,0.7994184494018555,-0.009628077564818038,0.26130289713541666,0.2
1472.6583,7931,976,445.08,63,7741440,0.026543267,-0.010877013206481934,620,-3.577158771902323,0.10280521143877801,0.0003,0.8252181857824326,-0.009178846289942158,0.2613094075520833,0.2
1465.9269,8081,973,445.56,64,7864320,0.02633593,0.012909390032291412,630,-3.5678083500017723,0.09811226059415883,0.0003,0.8095714300870895,-0.008844798542831996,0.25962727864583335,0.2
1462.655,8208,973,436.14,65,7987200,0.027035344,0.03397149592638016,640,-3.5504586306835213,0.10481370897803571,0.0003,0.7970177680253983,-0.009224705809095516,0.26424723307291664,0.2
1468.2651,8337,972,442.52,66,8110080,0.027327906,0.06857310235500336,650,-3.5510807628929615,0.10164749669284599,0.0003,0.8072525858879089,-0.009283108268779566,0.26297200520833336,0.2
1484.5094,8467,972,441.04,67,8232960,0.027364334,0.055656805634498596,660,-3.5202344792336224,0.10255547350427757,0.0003,0.8104152232408524,-0.008874610216219783,0.2654012044270833,0.2
1471.3278,8596,972,439.04,68,8355840,0.027152682,-0.020129069685935974,670,-3.5066097086668013,0.09905882952317673,0.0003,0.8164722919464111,-0.009318879042475602,0.2650455729166667,0.2
1466.1156,8725,971,438.16,69,8478720,0.026310055,0.036524176597595215,680,-3.53387863026311,0.10744415962787267,0.0003,0.7986498922109604,-0.008812313447433552,0.26218587239583335,0.2
1494.4369,8852,971,448.94,70,8601600,0.026769463,0.032051220536231995,690,-3.51882019020617,0.10704737221671773,0.0003,0.7824716717004776,-0.008993786595013565,0.2639599609375,0.2
1451.5431,9009,968,439.76,71,8724480,0.02647049,0.012758318334817886,700,-3.50651304723074,0.10274545402106014,0.0003,0.7891239672899246,-0.008030658865075868,0.2569710286458333,0.2
1462.895,9164,965,439.02,72,8847360,0.02723757,0.02058618701994419,710,-3.5169275448843837,0.0940806469406137,0.0003,0.8052547723054886,-0.008612760092176663,0.2623063151041667,0.2
1483.6312,9291,965,442.04,73,8970240,0.02716993,0.058537475764751434,720,-3.5259473533183336,0.10648840178818016,0.0003,0.8082155585289001,-0.008658232881519628,0.26103841145833334,0.2
1462.4535,9444,962,438.26,74,9093120,0.027332842,-0.003710508346557617,730,-3.542013192238907,0.11672124982404057,0.0003,0.7418645322322845,-0.009167039251575868,0.26540283203125,0.2
1439.0675,9572,962,434.72,75,9216000,0.027004985,-0.002164466306567192,740,-3.513669913324217,0.11243728928777273,0.0003,0.8037600368261337,-0.009130043366306684,0.26343424479166666,0.2
1470.5939,9699,962,431.38,76,9338880,0.028105725,0.0332668274641037,750,-3.5059271974116566,0.10306246345110898,0.0003,0.8139920830726624,-0.009334033575426778,0.2615812174479167,0.2
1437.6333,9826,962,434.56,77,9461760,0.026390707,0.06127405911684036,760,-3.5001787142828107,0.10830074893519244,0.0003,0.7900477200746536,-0.009262645776386004,0.2600553385416667,0.2
1500.5764,9954,962,444.96,78,9584640,0.027747564,-0.009608548134565353,770,-3.497259220381578,0.11893605321529321,0.0003,0.7789732664823532,-0.009567928382196745,0.26478759765625,0.2
1449.39,10079,963,431.22,79,9707520,0.026524229,0.043723657727241516,780,-3.482416326502959,0.10477077380744353,0.0003,0.796353280544281,-0.008037540327616928,0.259072265625,0.2
1471.8411,10204,963,445.1,80,9830400,0.02771589,0.12408631294965744,790,-3.4531403767814237,0.10579463757613364,0.0003,0.7968168556690216,-0.009220311844959118,0.26583170572916665,0.2
1466.9296,10331,963,432.92,81,9953280,0.02725981,0.008101319894194603,800,-3.4327646445358795,0.09480476677238281,0.0003,0.8040241897106171,-0.008357805139154758,0.26155517578125,0.2
1457.5023,10458,963,436.3,82,10076160,0.027760448,0.051047779619693756,810,-3.443653471022844,0.11422304555017035,0.0003,0.8182403147220612,-0.008755946008571602,0.26646484375,0.2
1501.1626,10587,963,443.42,83,10199040,0.027473127,0.006605630740523338,820,-3.4116807013005017,0.10997710774022076,0.0003,0.7782519608736038,-0.008393789239410884,0.26510823567708336,0.2
1463.2356,10715,963,433.2,84,10321920,0.02782505,0.04667031019926071,830,-3.429118923768401,0.10917091947524266,0.0003,0.8050426691770554,-0.008167171478101712,0.261982421875,0.2
1477.8447,10843,963,439.2,85,10444800,0.027693672,0.07690282166004181,840,-3.4044249385098615,0.11616618563430772,0.0003,0.7858305275440216,-0.008249644211615911,0.26592936197916667,0.2
1469.0144,10971,963,437.4,86,10567680,0.027217865,0.02481132373213768,850,-3.3915480850512782,0.10705923876715435,0.0003,0.780839279294014,-0.007951002184224005,0.2623372395833333,0.2
1497.0685,11098,963,443.48,87,10690560,0.0283625,0.04666539654135704,860,-3.400556900886198,0.11030380940967006,0.0003,0.7861066609621048,-0.008446035721317458,0.2662076822916667,0.2
1506.925,11227,963,443.9,88,10813440,0.028489094,0.12104220688343048,870,-3.4039818672835827,0.11843718441043166,0.0003,0.7808396518230438,-0.009297621765102425,0.2682267252604167,0.2
1450.986,11353,963,433.26,89,10936320,0.027723007,0.0932493731379509,880,-3.3892127784341572,0.1143597577761102,0.0003,0.7966776788234711,-0.008281373332968845,0.2644425455729167,0.2
1493.6675,11482,963,441.68,90,11059200,0.02804565,0.005964141339063644,890,-3.3705441488325594,0.12347605849368846,0.0003,0.7879746109247208,-0.008534743416312267,0.26615071614583335,0.2
1441.2032,11609,963,431.08,91,11182080,0.027140515,0.12741155922412872,900,-3.374293801325063,0.11574203921132721,0.0003,0.7938308417797089,-0.008322991737780588,0.2614794921875,0.2
1442.1234,11736,963,434.66,92,11304960,0.028590718,0.03459480032324791,910,-3.3386273311078547,0.11479293646339404,0.0003,0.8104096800088882,-0.008671555665223422,0.2662809244791667,0.2
1399.3286,11863,963,421.44,93,11427840,0.027127402,0.03522521257400513,920,-3.3612580053756633,0.10608452040153983,0.0003,0.8166360706090927,-0.007953076637871466,0.2613916015625,0.2
1452.2417,11990,963,433.46,94,11550720,0.02839008,-0.013019563630223274,930,-3.344392336520056,0.11307962514964554,0.0003,0.8084745556116104,-0.008206723390746145,0.26171793619791667,0.2
1418.0227,12146,961,419.16,95,11673600,0.027476104,0.039752114564180374,940,-3.3461308381085595,0.10437566122185672,0.0003,0.82429538667202,-0.00805097472439229,0.26171712239583333,0.2
1432.1317,12276,960,420.08,96,11796480,0.02806313,0.030872579663991928,950,-3.33128823419412,0.10293399368684429,0.0003,0.8257520794868469,-0.007543352546599635,0.2612353515625,0.2
1487.9487,12405,960,436.78,97,11919360,0.027890794,0.10594432055950165,960,-3.320072765822212,0.11424199118104297,0.0003,0.800710067152977,-0.00815146542756338,0.26215738932291666,0.2
1489.2303,12533,960,441.7,98,12042240,0.028178673,-0.028922855854034424,970,-3.3263036485016344,0.10413418795510855,0.0003,0.8145021945238113,-0.008650937614426464,0.26563639322916666,0.2
1427.3003,12661,960,426.02,99,12165120,0.028523922,0.19157901406288147,980,-3.321844016338388,0.11390932686883995,0.0003,0.8130657523870468,-0.008129922900964932,0.26240641276041665,0.2
1506.62,12789,960,439.56,100,12288000,0.027864827,0.014312369748950005,990,-3.282262176225583,0.10060548438913731,0.0003,0.8315218985080719,-0.00783119443769465,0.26346516927083335,0.2
1491.1293,12917,960,439.12,101,12410880,0.027072726,0.02050778642296791,1000,-3.3039369051655134,0.10000746104128969,0.0003,0.8299468606710434,-0.007592831671651462,0.25896647135416667,0.2
1508.8035,13047,960,449.38,102,12533760,0.02923011,0.017320074141025543,1010,-3.2768973977615437,0.11629583850202228,0.0003,0.7978885322809219,-0.008067583173827492,0.26738606770833334,0.2
1488.664,13174,960,435.16,103,12656640,0.028507432,0.010405387729406357,1020,-3.2881245452538135,0.1121981016319478,0.0003,0.7870258986949921,-0.008200090335188481,0.2622265625,0.2
1459.8425,13301,960,425.48,104,12779520,0.029405352,0.032231029123067856,1030,-3.2883638465652862,0.12384966348390056,0.0003,0.8027186989784241,-0.008449880302120315,0.26826334635416665,0.2
1493.8796,13431,960,439.46,105,12902400,0.028088804,0.0226999893784523,1040,-3.30173741346846,0.12614640289820575,0.0003,0.7750272154808044,-0.007963054579643842,0.26548177083333335,0.2
1505.432,13560,960,441.98,106,13025280,0.028561564,0.020964741706848145,1050,-3.260738473782937,0.1117969032090817,0.0003,0.8142364472150803,-0.00772257276866488,0.26368082682291666,0.2
1471.0931,13688,960,432.36,107,13148160,0.029047871,-0.002956511452794075,1060,-3.231728498401741,0.11307353256580731,0.0003,0.8270791471004486,-0.00785375125641925,0.26953857421875,0.2
1523.4894,13819,960,442.0,108,13271040,0.028291645,0.025483865290880203,1070,-3.2519969710086785,0.11645801617851248,0.0003,0.8140320777893066,-0.007386727944476661,0.2663623046875,0.2
1514.9185,13947,960,442.52,109,13393920,0.028781863,0.0237027108669281,1080,-3.244603286621471,0.10859178041447497,0.0003,0.8098488301038742,-0.007658994168311135,0.2635400390625,0.2
1516.955,14075,960,437.44,110,13516800,0.029462336,-0.012858791276812553,1090,-3.21886592566967,0.1094737320796412,0.0003,0.79006527364254,-0.007807048214641933,0.26581380208333333,0.2
1507.2571,14202,960,443.0,111,13639680,0.029201623,0.059961333870887756,1100,-3.2437430412943162,0.12289570341725872,0.0003,0.7908349931240082,-0.00788089001670111,0.26817626953125,0.2
1492.3964,14330,960,440.46,112,13762560,0.02873895,0.03531775251030922,1110,-3.203326985028883,0.10438780554934056,0.0003,0.7900956124067307,-0.007847734587236725,0.26610677083333334,0.2
1438.04,14459,960,420.44,113,13885440,0.029077124,0.018155207857489586,1120,-3.1993918110678594,0.111554004168914,0.0003,0.787004828453064,-0.008179442636998525,0.26734130859375,0.2
1457.2438,14587,960,423.96,114,14008320,0.029250987,0.018687620759010315,1130,-3.215602774694562,0.11115751954678368,0.0003,0.8105617016553879,-0.007492957146459958,0.26379231770833333,0.2
1492.6868,14714,960,442.86,115,14131200,0.029826403,0.06563607603311539,1140,-3.206693778298795,0.1129111168194019,0.0003,0.7932845950126648,-0.008066056913357898,0.265849609375,0.2
1440.2572,14843,960,424.46,116,14254080,0.028836975,0.04173560440540314,1150,-3.1684495482593773,0.11865039231459378,0.0003,0.8034403324127197,-0.007279266677414853,0.26085693359375,0.2
1482.6946,14973,960,431.26,117,14376960,0.02952149,0.010226568207144737,1160,-3.160038420210282,0.11237817026189684,0.0003,0.7940689623355865,-0.008253165765872837,0.26457112630208335,0.2
1466.2089,15102,960,429.1,118,14499840,0.029598048,0.06560766696929932,1170,-3.165937614714106,0.12298883560637477,0.0003,0.7779089361429214,-0.007347813597084496,0.2674267578125,0.2
1517.3221,15229,960,442.14,119,14622720,0.029377785,0.06640997529029846,1180,-3.1783418011913698,0.12315667508402839,0.0003,0.8032466471195221,-0.008309618769532486,0.265537109375,0.2
1513.47,15358,960,433.98,120,14745600,0.02991813,0.056034356355667114,1190,-3.1659588245054087,0.1258711523785799,0.0003,0.781586542725563,-0.00819734937359802,0.27075113932291667,0.2
1500.658,15488,959,437.82,121,14868480,0.028384766,0.058019090443849564,1200,-3.1811042223746577,0.11386253679297322,0.0003,0.8002544641494751,-0.00740035879411001,0.26209065755208333,0.2
1519.6686,15617,959,450.0,122,14991360,0.029299777,0.04084467515349388,1210,-3.16789144196858,0.11673864890889186,0.0003,0.8002853691577911,-0.007514887191731153,0.2631404622395833,0.2
1527.0188,15746,959,438.66,123,15114240,0.030347085,0.018197041004896164,1220,-3.1879265279943745,0.11244860054250845,0.0003,0.7232143878936768,-0.008212549936852156,0.26880533854166666,0.2
1543.1523,15875,959,441.68,124,15237120,0.028515754,0.0722816064953804,1230,-3.205909006347259,0.11088504559088809,0.0003,0.7985514253377914,-0.00792248281236122,0.26182454427083335,0.2
1501.7908,16004,959,435.06,125,15360000,0.02914259,0.01994595304131508,1240,-3.185387527110676,0.12655815558217,0.0003,0.7233704030513763,-0.007979844217876841,0.26562744140625,0.2
1481.7434,16132,959,425.44,126,15482880,0.029165236,0.07270250469446182,1250,-3.185151464616259,0.11048807848836684,0.0003,0.7644726783037186,-0.00821596426657076,0.264111328125,0.2
1496.5865,16259,959,434.86,127,15605760,0.028930789,0.00994984433054924,1260,-3.1812314108386635,0.10941709103203417,0.0003,0.7860480695962906,-0.00837832413956979,0.26380533854166666,0.2
1519.0836,16386,959,439.64,128,15728640,0.029012242,0.060342125594615936,1270,-3.2062815727417666,0.10919321806645409,0.0003,0.7688665986061096,-0.008703908912521001,0.264130859375,0.2
1516.836,16515,959,435.12,129,15851520,0.028959239,0.02133314125239849,1280,-3.142306591570377,0.12043539942863087,0.0003,0.7820604592561722,-0.007834412269809642,0.26308024088541665,0.2
1474.2848,16644,959,429.52,130,15974400,0.028090697,0.02099582739174366,1290,-3.167170861102641,0.10355339582597177,0.0003,0.8147636950016022,-0.007774516120243788,0.2587158203125,0.2
1524.1168,16773,959,443.72,131,16097280,0.028593358,0.03285767883062363,1300,-3.1602337528641025,0.11328030023588023,0.0003,0.8042140752077103,-0.007784393280229172,0.25938313802083335,0.2
1556.903,16903,959,445.18,132,16220160,0.028645037,0.05425608903169632,1310,-3.1638723951453964,0.11550426723105678,0.0003,0.8112107366323471,-0.007552628652307855,0.26477213541666667,0.2
1502.3738,17034,959,432.48,133,16343040,0.029650709,0.000488966703414917,1320,-3.169472896469136,0.12022101452797264,0.0003,0.7773863822221756,-0.00729581540358898,0.26549153645833334,0.2
1527.6205,17165,959,443.88,134,16465920,0.029357158,0.004353851079940796,1330,-3.162029412649572,0.1328786188014783,0.0003,0.8017527461051941,-0.007698867558465281,0.2641495768229167,0.2
1565.2108,17320,957,448.84,135,16588800,0.029432738,0.05709511786699295,1340,-3.1568039429808654,0.11855569325125544,0.0003,0.7730465531349182,-0.007886522662138304,0.2640234375,0.2
1479.005,17448,957,428.38,136,16711680,0.028393086,0.05015319958329201,1350,-3.1592416279638806,0.11341455263143871,0.0003,0.7575794905424118,-0.0076881379658667965,0.2621337890625,0.2
1500.7477,17577,957,431.78,137,16834560,0.028916717,0.03436007723212242,1360,-3.123172198186318,0.11456309694214724,0.0003,0.8140700459480286,-0.007830037107202467,0.26690348307291667,0.2
1519.4371,17715,957,443.58,138,16957440,0.029271714,0.024538664147257805,1370,-3.124523453352352,0.11273805910624408,0.0003,0.8072701841592789,-0.007871018641720488,0.2652888997395833,0.2
1485.4087,17845,957,426.56,139,17080320,0.029204786,0.05828944593667984,1380,-3.0939898578077556,0.10078158829235084,0.0003,0.7968140095472336,-0.006698894110929056,0.26052734375,0.2
1529.3259,17975,957,440.16,140,17203200,0.029288465,0.05549382418394089,1390,-3.1125576532259585,0.10502044193664915,0.0003,0.8092914968729019,-0.007688699014070152,0.26633382161458335,0.2
1507.7134,18122,956,432.0,141,17326080,0.029242992,0.05334312096238136,1400,-3.1246556052193046,0.10844287900787701,0.0003,0.8133904486894608,-0.007341051570498773,0.26091796875,0.2
1511.2183,18252,955,432.68,142,17448960,0.029114256,0.010234866291284561,1410,-3.119583806519707,0.10205439188978441,0.0003,0.8194457441568375,-0.007318444159706511,0.2588142903645833,0.2
1504.9125,18393,955,436.62,143,17571840,0.029583989,0.07461544871330261,1420,-3.1294245196382207,0.10609501563434605,0.0003,0.8281108438968658,-0.007652360219338637,0.2648543294270833,0.2
1539.1626,18520,955,441.74,144,17694720,0.028928148,0.02462688274681568,1430,-3.1185470119118692,0.09966131600905404,0.0003,0.8107380121946335,-0.007316550854805731,0.2622859700520833,0.2
1558.2936,18649,955,446.04,145,17817600,0.029757801,0.027010612189769745,1440,-3.1434144689515233,0.10389293437173668,0.0003,0.8012711107730865,-0.008432785302199288,0.26633056640625,0.2
1516.7007,18778,955,444.44,146,17940480,0.029372394,0.042507354170084,1450,-3.107978283725679,0.10933068378954583,0.0003,0.8032151013612747,-0.0076255091298844495,0.26162923177083336,0.2
1552.4309,18907,955,444.04,147,18063360,0.02887536,0.01623080112040043,1460,-3.1188115011776487,0.10353756445081672,0.0003,0.8367344439029694,-0.0074509532307335275,0.25829671223958334,0.2
1524.2478,19037,955,434.1,148,18186240,0.029066268,0.023881010711193085,1470,-3.124558090592424,0.11388519486009803,0.0003,0.8166012316942215,-0.00790133478782991,0.25814208984375,0.2
1544.3375,19165,955,443.36,149,18309120,0.029508693,0.030959535390138626,1480,-3.131656165694197,0.11137391602814507,0.0003,0.8270604163408279,-0.00775021111479873,0.2605208333333333,0.2
1543.6382,19299,955,437.58,150,18432000,0.028582934,0.052726469933986664,1490,-3.1357085691640774,0.10325629398362555,0.0003,0.8266273438930511,-0.0075727844361426835,0.2559098307291667,0.2
1506.8096,19429,954,428.74,151,18554880,0.029148776,0.023096196353435516,1500,-3.1402216047421097,0.11788668286802324,0.0003,0.7940967381000519,-0.008212992115738112,0.25958089192708333,0.2
1537.346,19560,954,440.42,152,18677760,0.028265385,0.047926951199769974,1510,-3.0994396267955504,0.09933783788859728,0.0003,0.8348919004201889,-0.006870037012934821,0.2511905924479167,0.2
1515.615,19716,953,432.14,153,18800640,0.028360862,-0.01515774056315422,1520,-3.102748591862619,0.1061805282694695,0.0003,0.8252880424261093,-0.007294155164181575,0.25516927083333335,0.2
1540.3274,19845,953,444.68,154,18923520,0.028537897,0.030193297192454338,1530,-3.103223866770665,0.10669759303864945,0.0003,0.809274211525917,-0.007094073512865483,0.25432454427083334,0.2
1545.2299,19975,953,438.04,155,19046400,0.028774768,-0.004996452480554581,1540,-3.083144673034549,0.10904583803654531,0.0003,0.8124759644269943,-0.006960211151942228,0.2567822265625,0.2
1488.3501,20103,953,430.76,156,19169280,0.028630478,0.008519390597939491,1550,-3.147869385331869,0.1022622710353365,0.0003,0.787426307797432,-0.0077749679732733055,0.25451497395833333,0.2
1496.486,20232,953,434.2,157,19292160,0.029045928,0.03431190550327301,1560,-3.108308954536915,0.10116626476097736,0.0003,0.83034847676754,-0.007197892160305249,0.25711507161458336,0.2
1527.5778,20361,953,436.98,158,19415040,0.028318558,0.11992515623569489,1570,-3.094617048278451,0.0993253428976459,0.0003,0.8278235197067261,-0.006969258715889737,0.25018717447916666,0.2
1474.1073,20489,953,425.2,159,19537920,0.028578723,-0.01223764568567276,1580,-3.090931115398804,0.10500906848862845,0.0003,0.8091902881860733,-0.007235746604395293,0.2535172526041667,0.2
1526.412,20620,953,434.2,160,19660800,0.029283928,-0.015225589275360107,1590,-3.0654693281898897,0.10424755577517014,0.0003,0.827861487865448,-0.006577124049733054,0.25135009765625,0.2
1543.5415,20748,953,438.58,161,19783680,0.0291526,0.009612802416086197,1600,-3.0807615607852736,0.10895363165225717,0.0003,0.8197280317544937,-0.006844724706182508,0.25274983723958333,0.2
1537.4275,20877,953,439.56,162,19906560,0.029402016,0.014393340796232224,1610,-3.0809602702409027,0.10694999315800184,0.0003,0.8163644522428513,-0.006657584466811386,0.2544051106770833,0.2
1553.7803,21007,953,442.24,163,20029440,0.028190123,-0.01900409907102585,1620,-3.0651913799221315,0.09286417119209849,0.0003,0.8295087814331055,-0.007120971572603594,0.2518798828125,0.2
1524.9712,21135,953,435.2,164,20152320,0.02936399,0.01671525090932846,1630,-3.087386506063243,0.10722543853723134,0.0003,0.8185383528470993,-0.007114447776457382,0.250634765625,0.2
1541.7686,21269,953,437.02,165,20275200,0.029486543,0.04948833957314491,1640,-3.108062802317242,0.09879484254667963,0.0003,0.8159822821617126,-0.00737387003542608,0.24918050130208333,0.2
1523.7917,21399,953,435.64,166,20398080,0.02892493,0.1944529116153717,1650,-3.1184790447105963,0.11890740025793396,0.0003,0.7825165838003159,-0.008166336517327484,0.2522477213541667,0.2
1570.8835,21527,953,444.68,167,20520960,0.029311629,0.0077714696526527405,1660,-3.087750225129227,0.10035469860027661,0.0003,0.8130476623773575,-0.006853322953423534,0.25237060546875,0.2
1573.3179,21658,953,444.5,168,20643840,0.028510906,0.06708110868930817,1670,-3.0801445211221776,0.1030767011269442,0.0003,0.8174498975276947,-0.00740272557316833,0.24876220703125,0.2
1552.8733,21789,953,442.26,169,20766720,0.029261328,0.03538408875465393,1680,-3.0721045843015116,0.10034171553517808,0.0003,0.8081637769937515,-0.007470994107801138,0.25203776041666665,0.2
1558.593,21918,953,440.34,170,20889600,0.028451439,0.016717050224542618,1690,-3.0391665232554077,0.09849590774363605,0.0003,0.8020172268152237,-0.007202656629336464,0.25104654947916666,0.2
1557.9667,22047,953,440.76,171,21012480,0.029503668,0.021671112626791,1700,-3.024882411348323,0.1010364329184813,0.0003,0.8202186077833176,-0.00712129300869492,0.2522916666666667,0.2
1542.797,22176,953,444.46,172,21135360,0.028717076,0.0449703186750412,1710,-3.02551976159215,0.1023328112171051,0.0003,0.7816455811262131,-0.006659517963429001,0.2501652018229167,0.2
1501.9865,22307,952,423.78,173,21258240,0.030439375,0.038836121559143066,1720,-3.018892433407406,0.09860399471183579,0.0003,0.8145089149475098,-0.007363842789442666,0.25660074869791666,0.2
1548.9465,22436,952,441.76,174,21381120,0.030098358,0.05241716280579567,1730,-3.048478410380582,0.10079992340809743,0.0003,0.8306781947612762,-0.007683854483275354,0.25762288411458334,0.2
1550.4606,22567,952,446.46,175,21504000,0.028567484,0.020794304087758064,1740,-3.039193009895583,0.10196615373206441,0.0003,0.8010278940200806,-0.0065913616486614045,0.24701171875,0.2
1531.4368,22724,951,433.76,176,21626880,0.028995192,0.0036479346454143524,1750,-3.0220795708273847,0.09708750202436932,0.0003,0.825981616973877,-0.006827546418608108,0.24899495442708333,0.2
1535.744,22853,951,438.82,177,21749760,0.028906673,0.0002942979335784912,1760,-3.0303122282028196,0.1021712264654343,0.0003,0.8274261653423309,-0.007040859808742728,0.24725016276041667,0.2
1530.8035,22984,951,438.18,178,21872640,0.029321682,0.04859154671430588,1770,-3.014673225954175,0.10271398175129434,0.0003,0.8148700892925262,-0.0073451339356567285,0.25055582682291666,0.2
1442.8517,23113,951,409.86,179,21995520,0.029656088,0.025539159774780273,1780,-2.971381023762127,0.1174064541500411,0.0003,0.8199026584625244,-0.006500961548417763,0.2507755533854167,0.2
1577.9694,23242,951,447.2,180,22118400,0.029060522,-0.013883799314498901,1790,-3.0023398394634326,0.11113307293819769,0.0003,0.8244326263666153,-0.006503756308787464,0.24935465494791667,0.2
1575.519,23373,951,448.14,181,22241280,0.028814517,0.01357366144657135,1800,-3.016791210733354,0.09567778982949676,0.0003,0.8132334500551224,-0.007358246319114793,0.24764485677083334,0.2
1532.0964,23504,951,440.56,182,22364160,0.029131027,0.036887846887111664,1810,-3.009933711004754,0.11036207543967369,0.0003,0.7952442616224289,-0.007207196458481727,0.24688395182291667,0.2
1485.4297,23635,951,422.5,183,22487040,0.029182574,0.049281563609838486,1820,-2.9959750112270314,0.10176617443808937,0.0003,0.8012633323669434,-0.00727213143064849,0.2465234375,0.2
1569.1334,23767,951,447.78,184,22609920,0.028784191,0.040798015892505646,1830,-2.9969859437396127,0.10965473954172922,0.0003,0.8343673944473267,-0.0073522054258986225,0.2458447265625,0.2
1535.3517,23896,951,436.04,185,22732800,0.029241674,-0.0009652227163314819,1840,-3.0101314923912286,0.10185117774710913,0.0003,0.8245863914489746,-0.007344029838010708,0.24484781901041666,0.2
1475.0864,24053,950,420.96,186,22855680,0.02930154,0.0068840328603982925,1850,-2.994345635920763,0.10151364604845488,0.0003,0.8259200900793076,-0.007386697875044017,0.24889973958333333,0.2
1548.6534,24185,950,435.48,187,22978560,0.029601682,0.044229425489902496,1860,-2.965454706711074,0.10832660307758488,0.0003,0.8119138479232788,-0.0067962058250911166,0.2514892578125,0.2
1531.0911,24315,950,441.74,188,23101440,0.029032977,0.010175062343478203,1870,-2.9651100038612883,0.10835306758027097,0.0003,0.7998193949460983,-0.006401014485481938,0.24497639973958332,0.2
1528.4365,24447,949,429.5,189,23224320,0.030045813,0.12354378402233124,1880,-2.967115275859833,0.0986460635191179,0.0003,0.8377171754837036,-0.006884946225072781,0.24937255859375,0.2
1494.0288,24579,949,428.06,190,23347200,0.029511137,0.04188664257526398,1890,-2.966196072883904,0.10450351024206611,0.0003,0.8241997212171555,-0.006995326016582718,0.24768473307291666,0.2
1503.0815,24708,949,425.66,191,23470080,0.029677073,0.08272559940814972,1900,-2.9394402547429004,0.10660591671961205,0.0003,0.8175326436758041,-0.00600359860341996,0.24533365885416666,0.2
1519.6836,24839,949,437.16,192,23592960,0.030861594,0.07073032855987549,1910,-2.9289939019083975,0.11044759930936077,0.0003,0.7945534288883209,-0.006858273260665252,0.25214518229166666,0.2
1509.6829,24968,949,440.18,193,23715840,0.030319488,0.004782497882843018,1920,-2.9085233943536877,0.10731819245624744,0.0003,0.8262563645839691,-0.00652771944399016,0.24829833984375,0.2
1479.0422,25099,949,422.1,194,23838720,0.030216666,0.07462228089570999,1930,-2.8622189954047403,0.12069960502635999,0.0003,0.8045620918273926,-0.005322508343585166,0.24907796223958334,0.2
1552.6648,25230,949,443.16,195,23961600,0.030403512,0.050592418760061264,1940,-2.849919622130692,0.11266916709205058,0.0003,0.7968209683895111,-0.00617448648837429,0.25026041666666665,0.2
1507.1556,25360,949,429.2,196,24084480,0.030003881,0.09076552093029022,1950,-2.905878094136715,0.11335655258502811,0.0003,0.8030347973108292,-0.006365845668436426,0.24912841796875,0.2
1533.1099,25491,949,431.44,197,24207360,0.030874725,0.018520943820476532,1960,-2.8881677576899527,0.10698790395865217,0.0003,0.8072293400764465,-0.006567111134457567,0.24986735026041668,0.2
1546.3918,25621,949,440.1,198,24330240,0.0296199,0.014448408037424088,1970,-2.8876743348439535,0.11601956275534273,0.0003,0.796735942363739,-0.005938328897021468,0.24793863932291665,0.2
1543.9834,25752,949,443.22,199,24453120,0.030567247,0.016538430005311966,1980,-2.8735977416609724,0.11226104770622139,0.0003,0.7982306033372879,-0.005682473379259439,0.24790201822916666,0.2
1464.3949,25882,949,413.82,200,24576000,0.030892435,0.022536832839250565,1990,-2.866220641322434,0.11836203063372523,0.0003,0.8165725767612457,-0.006237551543399604,0.25004475911458335,0.2
1553.9114,26015,949,437.56,201,24698880,0.030898275,0.04266241565346718,2000,-2.8797730522726974,0.12494499066485636,0.0003,0.8134134858846664,-0.006281822925678473,0.24912841796875,0.2
1536.1188,26149,949,432.26,202,24821760,0.030488618,0.027103343978524208,2010,-2.8460472215339543,0.1251458071079105,0.0003,0.7646932154893875,-0.00581489188809428,0.25194661458333334,0.2
1556.1907,26279,949,438.44,203,24944640,0.030884558,0.1260482370853424,2020,-2.851904107655088,0.1145330421232696,0.0003,0.8124308735132217,-0.006562613346777653,0.2527742513020833,0.2
1549.3341,26410,949,438.42,204,25067520,0.031438213,0.03313302621245384,2030,-2.8221101105834046,0.11793525247388364,0.0003,0.7852909415960312,-0.006635611536421493,0.254931640625,0.2
1486.1162,26542,949,419.68,205,25190400,0.03158431,0.030031023547053337,2040,-2.7801584830507635,0.1187080830228903,0.0003,0.7850401997566223,-0.006943577103220378,0.2552791341145833,0.2
1487.415,26672,949,419.1,206,25313280,0.032521866,0.003556099720299244,2050,-2.796460248914858,0.12709588021301899,0.0003,0.7894828766584396,-0.006487652358746345,0.25822509765625,0.2
1498.9075,26804,948,419.02,207,25436160,0.03002366,0.005873691290616989,2060,-2.797718042296668,0.11389583798115685,0.0003,0.8046557158231735,-0.005840572560397656,0.2518717447916667,0.2
1499.9794,26935,948,419.52,208,25559040,0.032209933,0.043854329735040665,2070,-2.7759864893431465,0.14163151344012778,0.0003,0.8102909028530121,-0.006201039248274659,0.26025227864583333,0.2
1570.0168,27065,948,438.78,209,25681920,0.031355485,0.03109525330364704,2080,-2.7874440121402344,0.13077577534044393,0.0003,0.7747785001993179,-0.0064054194612375185,0.2580387369791667,0.2
1523.1267,27197,948,426.06,210,25804800,0.032328498,0.018476881086826324,2090,-2.784439155198634,0.1266979112009479,0.0003,0.7946508377790451,-0.005614681527070692,0.25592529296875,0.2
1459.3135,27329,948,408.42,211,25927680,0.032485265,0.07672665268182755,2100,-2.763927381920318,0.12540591901362252,0.0003,0.7910939753055573,-0.006206824983716312,0.2569921875,0.2
1505.842,27460,948,428.2,212,26050560,0.031806216,0.03658515587449074,2110,-2.7740670958409708,0.131268799546815,0.0003,0.8134915232658386,-0.006420845240681956,0.2554052734375,0.2
1533.85,27590,948,430.44,213,26173440,0.030783223,0.028902467340230942,2120,-2.7594469992443917,0.1324851134495111,0.0003,0.8084070682525635,-0.005020534069581117,0.25067057291666667,0.2
1523.684,27721,948,431.52,214,26296320,0.03208597,0.04390394315123558,2130,-2.7758316255733373,0.1237964444612347,0.0003,0.8135577589273453,-0.006375482929615828,0.25348470052083333,0.2
1465.0536,27853,948,412.3,215,26419200,0.031402554,0.027699504047632217,2140,-2.7552406740933657,0.13774752082991956,0.0003,0.7997200042009354,-0.005598543756138194,0.25263834635416665,0.2
1507.8861,27983,948,426.12,216,26542080,0.03130071,0.045994020998477936,2150,-2.75738823817422,0.1282269765075762,0.0003,0.8110641837120056,-0.00566702340605237,0.25246988932291664,0.2
1531.8114,28115,948,428.62,217,26664960,0.031952035,0.034684859216213226,2160,-2.7450300657624997,0.1321812287941187,0.0003,0.7957791537046432,-0.006140865662212794,0.25469563802083334,0.2
1439.2428,28246,948,410.52,218,26787840,0.03208374,0.022460466250777245,2170,-2.744446229164799,0.14106984509465595,0.0003,0.7848326563835144,-0.006252743600422643,0.25750244140625,0.2
1507.4125,28376,948,420.0,219,26910720,0.03335951,0.01785818114876747,2180,-2.702731426631411,0.14383068278538608,0.0003,0.7974002212285995,-0.006207470151797073,0.2599007161458333,0.2
1537.9667,28505,948,428.34,220,27033600,0.03207884,0.04502381384372711,2190,-2.737444987036288,0.1471873338246951,0.0003,0.7835142016410828,-0.005757720437256164,0.2529630533854167,0.2
1583.8644,28635,948,442.98,221,27156480,0.032067515,0.08243460208177567,2200,-2.7490742627282936,0.14279719492808604,0.0003,0.8106940537691116,-0.00654779782433252,0.2568505859375,0.2
1545.0305,28766,948,433.7,222,27279360,0.032210063,0.043255604803562164,2210,-2.7512048801779745,0.13278361179458442,0.0003,0.7827320396900177,-0.005836273464198408,0.2546044921875,0.2
1504.862,28898,948,418.84,223,27402240,0.032516606,0.05367356911301613,2220,-2.743801902743677,0.13540568139142123,0.0003,0.7906264662742615,-0.006314409510717572,0.25557373046875,0.2
1507.595,29031,948,422.3,224,27525120,0.032231547,0.08766008913516998,2230,-2.7662456346675754,0.13113386633582802,0.0003,0.7881316393613815,-0.006216788027183308,0.25550048828125,0.2
1571.255,29163,948,438.76,225,27648000,0.03143216,0.0336267352104187,2240,-2.7314904060711465,0.12508158724958776,0.0003,0.817557692527771,-0.0064995593226558415,0.25248779296875,0.2
1593.3917,29293,948,441.3,226,27770880,0.032262195,0.06084517762064934,2250,-2.7486207066227992,0.1312725481708185,0.0003,0.7941297143697739,-0.005655440244809142,0.2557763671875,0.2
1555.4052,29424,947,431.72,227,27893760,0.032557692,0.04727218300104141,2260,-2.7548652914042275,0.13165043411689112,0.0003,0.7601029872894287,-0.006278770890867235,0.2553531901041667,0.2
1580.0938,29554,947,439.94,228,28016640,0.031949498,0.07015269249677658,2270,-2.730823710821569,0.13598971674170268,0.0003,0.7240397036075592,-0.006200569607820701,0.25397216796875,0.2
1530.8497,29685,947,425.3,229,28139520,0.03224847,0.022241825237870216,2280,-2.689263654674093,0.126595754934242,0.0003,0.7861268669366837,-0.006197578915695582,0.25726806640625,0.2
1524.9989,29817,947,428.14,230,28262400,0.03142055,0.02183624356985092,2290,-2.6963666391621035,0.13011525215154204,0.0003,0.8220742046833038,-0.005666873146219586,0.25170491536458334,0.2
1528.2913,29959,947,424.96,231,28385280,0.03148373,0.0458965077996254,2300,-2.715636590545376,0.12406711813702714,0.0003,0.8069105297327042,-0.006089555670538782,0.25366292317708333,0.2
1552.1742,30089,947,432.74,232,28508160,0.031149428,0.03864865377545357,2310,-2.723799372985959,0.12657948196564878,0.0003,0.7816871106624603,-0.006293250007044359,0.25346435546875,0.2
1498.4109,30220,947,415.0,233,28631040,0.03259574,0.10240519046783447,2320,-2.6930761208136875,0.12989760018720214,0.0003,0.7885673940181732,-0.006407383484092861,0.25603108723958334,0.2
1501.4475,30350,947,415.88,234,28753920,0.031826634,0.09575532376766205,2330,-2.7071879099309446,0.13777422825388688,0.0003,0.7817624360322952,-0.006188039019501351,0.2545882161458333,0.2
1566.4376,30483,947,436.44,235,28876800,0.032393944,0.057342030107975006,2340,-2.680289719228943,0.1554937522955394,0.0003,0.7918030470609665,-0.00639317453344726,0.25906005859375,0.2
1481.3853,30616,947,408.66,236,28999680,0.031502847,0.029624003916978836,2350,-2.700250094508131,0.13184376996786645,0.0003,0.776857316493988,-0.005666234886593884,0.25317220052083333,0.2
1491.0132,30746,947,417.88,237,29122560,0.032121558,0.030604593455791473,2360,-2.687891066943606,0.1391087242422509,0.0003,0.7823569476604462,-0.006254926622295898,0.25735921223958336,0.2
1554.2316,30877,947,430.86,238,29245440,0.03216469,0.14207641780376434,2370,-2.691919834787647,0.1454252320684221,0.0003,0.7916439026594162,-0.00581308493355209,0.2583821614583333,0.2
1530.9125,31008,947,422.02,239,29368320,0.03245648,0.0586194209754467,2380,-2.689476118485133,0.153929444947377,0.0003,0.7743423879146576,-0.005626556406302067,0.25505940755208334,0.2
1532.7454,31138,947,426.04,240,29491200,0.032107785,0.028476905077695847,2390,-2.6825215083981555,0.14264696126347795,0.0003,0.7954757660627365,-0.006008661669002322,0.25340087890625,0.2
1502.8931,31268,947,414.62,241,29614080,0.03278566,0.028126053512096405,2400,-2.677158655313154,0.14504413354656814,0.0003,0.789707288146019,-0.006350911417557654,0.2561873372395833,0.2
1514.1047,31400,947,427.56,242,29736960,0.033386193,0.05448107421398163,2410,-2.686570206284523,0.15097154147796876,0.0003,0.7715467661619186,-0.005477109758163958,0.2506437174479167,0.2
1504.4286,31532,946,421.24,243,29859840,0.03275863,0.017033375799655914,2420,-2.656775966398418,0.1484435578995423,0.0003,0.7746464908123016,-0.00581875342721105,0.2535929361979167,0.2
1488.8456,31663,946,416.3,244,29982720,0.032338634,0.1121077835559845,2430,-2.6894455739607412,0.14317886136996094,0.0003,0.7347387671470642,-0.005624208861251342,0.25277099609375,0.2
1530.84,31804,946,425.08,245,30105600,0.032237004,0.0606076680123806,2440,-2.6881887378543614,0.14415548063319875,0.0003,0.7771130055189133,-0.005692502566598705,0.24929443359375,0.2
1524.7356,31936,946,427.1,246,30228480,0.030983929,0.04389496520161629,2450,-2.674302432859937,0.13951961216759326,0.0003,0.7703476846218109,-0.005806556101445797,0.2520572916666667,0.2
1523.4061,32068,946,422.98,247,30351360,0.031384315,0.05230185016989708,2460,-2.669882031530142,0.1404292284346108,0.0003,0.7781678438186646,-0.005537856095282526,0.24772135416666666,0.2
1555.3324,32198,946,437.72,248,30474240,0.03204187,0.07201966643333435,2470,-2.6514436916510262,0.132777065540043,0.0003,0.7685786634683609,-0.006554745892808569,0.25034261067708335,0.2
1568.305,32329,946,435.5,249,30597120,0.03220851,0.06875958293676376,2480,-2.6418022934099037,0.13714490099877974,0.0003,0.7550007849931717,-0.005857088315588043,0.2513631184895833,0.2
1567.7261,32462,946,428.22,250,30720000,0.030562826,0.0819120928645134,2490,-2.638738244622946,0.13366321800402753,0.0003,0.7578877508640289,-0.0059351058403202235,0.24924967447916666,0.2
1516.5796,32592,946,421.9,251,30842880,0.032463238,0.10378014296293259,2500,-2.6452224141856036,0.13353637272521154,0.0003,0.7757431864738464,-0.0060687195609352785,0.25280680338541667,0.2
1597.5537,32724,946,441.88,252,30965760,0.0317757,0.0760473757982254,2510,-2.6515178980057437,0.1291527389496332,0.0003,0.7783492058515549,-0.006081488909258042,0.2520035807291667,0.2
1500.7946,32856,946,413.78,253,31088640,0.031637404,0.05655008926987648,2520,-2.6565082745999096,0.1432431697183832,0.0003,0.7497715353965759,-0.006470725587238727,0.25353108723958334,0.2
1504.2992,32987,946,421.66,254,31211520,0.031682216,0.0328017920255661,2530,-2.642760279874007,0.13655093979944163,0.0003,0.7866055518388748,-0.00604323492798964,0.2534480794270833,0.2
1597.7404,33122,946,441.94,255,31334400,0.032641232,0.07830104231834412,2540,-2.672483601371447,0.13772705384200284,0.0003,0.7502061128616333,-0.005751395602146658,0.2500838216145833,0.2
1525.4318,33252,946,425.92,256,31457280,0.03209021,0.022075749933719635,2550,-2.663543897209068,0.14854877951079593,0.0003,0.7710505425930023,-0.006404353833737939,0.25225830078125,0.2
1509.9836,33383,945,428.72,257,31580160,0.03145366,0.02141869068145752,2560,-2.6181323651224373,0.14896169868462797,0.0003,0.7718477100133896,-0.0054322803280714045,0.24870035807291666,0.2
1528.4719,33516,945,424.8,258,31703040,0.032764114,0.17925824224948883,2570,-2.5888898382211725,0.14637245756729195,0.0003,0.7717960178852081,-0.005850457703757759,0.25372639973958333,0.2
1520.389,33648,945,423.04,259,31825920,0.03201293,0.055346421897411346,2580,-2.629468047271172,0.14890632288802105,0.0003,0.77889084815979,-0.006019153185085694,0.25105387369791665,0.2
1492.1118,33781,945,412.74,260,31948800,0.032515906,0.04315478354692459,2590,-2.6025949212908746,0.15199953637153765,0.0003,0.7897466421127319,-0.006234637839491673,0.2544637044270833,0.2
1575.7772,33915,945,436.52,261,32071680,0.032407712,0.07753589004278183,2600,-2.5842335645854475,0.14789299243673062,0.0003,0.7724806517362595,-0.005728542936133938,0.2544376627604167,0.2
1531.7837,34047,945,429.38,262,32194560,0.031675857,0.017285536974668503,2610,-2.6015342617034913,0.15837179019125566,0.0003,0.7772756218910217,-0.005465639331365916,0.25057047526041665,0.2
1509.5828,34178,945,418.88,263,32317440,0.032884613,0.05239824950695038,2620,-2.591519790105522,0.137929327081074,0.0003,0.7769440710544586,-0.0058062211011747425,0.25335123697916667,0.2
1611.7227,34309,945,444.02,264,32440320,0.032283273,0.024331502616405487,2630,-2.586484250674645,0.15128705562014755,0.0003,0.7431455552577972,-0.0055791247391122544,0.2551399739583333,0.2
1514.7355,34443,945,420.46,265,32563200,0.03152114,0.027759261429309845,2640,-2.6162755226095515,0.1306494035018841,0.0003,0.7495398819446564,-0.005595060523100983,0.24988362630208333,0.2
1550.3306,34602,944,420.44,266,32686080,0.031805716,0.062479227781295776,2650,-2.6279261682306725,0.13616818457676952,0.0003,0.7677200436592102,-0.005442574372392907,0.24928141276041665,0.2
1552.939,34735,944,431.12,267,32808960,0.031949267,0.10803389549255371,2660,-2.631893827840686,0.14031566431289927,0.0003,0.7691007703542709,-0.006555951721566089,0.25184488932291665,0.2
1479.6327,34868,944,403.7,268,32931840,0.031943996,-0.014792283996939659,2670,-2.6171406538536153,0.13676653637123914,0.0003,0.71451336145401,-0.005450878838925443,0.25079833984375,0.2
1548.2393,35002,944,431.08,269,33054720,0.033029225,0.08534909039735794,2680,-2.6114500474805635,0.1463252983458612,0.0003,0.7638132870197296,-0.005889272175427323,0.2502547200520833,0.2
1603.9708,35136,944,441.26,270,33177600,0.032020647,0.10386481881141663,2690,-2.609125396882494,0.1327706562850896,0.0003,0.7838630974292755,-0.005443355421127004,0.2508935546875,0.2
1514.481,35296,943,421.88,271,33300480,0.031692814,0.10078731924295425,2700,-2.6153133703395723,0.14062290015863255,0.0003,0.7653515189886093,-0.005515136852566987,0.25353108723958334,0.2
1500.9084,35428,943,414.76,272,33423360,0.03262846,0.03648907691240311,2710,-2.5984921945879855,0.15246934573777252,0.0003,0.7276244759559631,-0.0053516033782580056,0.25140706380208333,0.2
1580.8527,35561,943,431.46,273,33546240,0.031432234,0.062446728348731995,2720,-2.6248648336902263,0.1482441690530201,0.0003,0.7965116947889328,-0.005308358364515394,0.24867431640625,0.2
1588.5251,35694,943,433.68,274,33669120,0.031805854,0.026163674890995026,2730,-2.655254487718145,0.13855885582258148,0.0003,0.7640072554349899,-0.006062027729743325,0.24720540364583332,0.2
1565.6785,35826,943,431.12,275,33792000,0.031157805,0.04032041132450104,2740,-2.6653818864747882,0.14044965395927042,0.0003,0.7485965192317963,-0.0062643298405055245,0.24586263020833332,0.2
1560.1212,35959,943,433.22,276,33914880,0.03192976,0.01660888083279133,2750,-2.6511580690617365,0.14208160651052215,0.0003,0.7604588717222214,-0.006762299289530347,0.25183512369791666,0.2
1582.0687,36091,943,437.92,277,34037760,0.03176105,0.017250370234251022,2760,-2.6289858254790306,0.1348445531981027,0.0003,0.770815059542656,-0.005584339841928644,0.24645751953125,0.2
1515.8914,36251,942,420.6,278,34160640,0.031993326,0.01644129306077957,2770,-2.6350046254197754,0.14203852556170507,0.0003,0.7870997935533524,-0.005817040834105379,0.25120849609375,0.2
1499.5222,36385,942,409.82,279,34283520,0.03171511,0.1105598509311676,2780,-2.6330813235789536,0.1374065669735622,0.0003,0.7592171281576157,-0.005936966521318633,0.24767659505208334,0.2
1556.7861,36516,942,433.02,280,34406400,0.031164626,-0.005655352026224136,2790,-2.647125862799585,0.14178777749980023,0.0003,0.781885102391243,-0.006078539416766944,0.2436181640625,0.2
1593.6846,36649,942,437.42,281,34529280,0.03184607,0.07613374292850494,2800,-2.616923297892014,0.1363121084916444,0.0003,0.7599881142377853,-0.006108761558504435,0.2509000651041667,0.2
1530.5847,36780,942,419.06,282,34652160,0.031443827,0.0564940944314003,2810,-2.6254372778038184,0.1475968622864457,0.0003,0.7534607797861099,-0.0057755381997715936,0.24463134765625,0.2
1523.5648,36913,942,419.52,283,34775040,0.031945437,0.0764055997133255,2820,-2.6202084128186107,0.1526237460259775,0.0003,0.7557064592838287,-0.0053782028845428915,0.24630126953125,0.2
1563.2605,37046,942,429.06,284,34897920,0.031251036,0.020526044070720673,2830,-2.6220037261645,0.14226921065477655,0.0003,0.7781285345554352,-0.006005723225595527,0.24734293619791667,0.2
1551.6952,37179,941,431.96,285,35020800,0.03154913,0.03365032374858856,2840,-2.6001906912152966,0.14270082802521453,0.0003,0.7808680236339569,-0.00561405756659345,0.24538411458333334,0.2
